t_epoch,elapsed_s,stage,n_procs,rss_tree_mb,rss_max_proc_mb,cpu_tree_pct,cpu_system_pct,mem_system_used_mb,mem_system_available_mb,tree_read_mb,tree_write_mb,sys_read_mb,sys_write_mb,net_recv_mb,net_sent_mb,outdir_mb,fs_used_gb,fs_free_gb
1788423824.544,0.0,ndvi_acquire_stac,1,202.4,202.4,0.0,0.0,7786.8,57766.4,0.0,0.0,0.0,0.0,0.0,0.0,0.0,65.05,40.42
1788423825.086,0.54,ndvi_acquire_stac,1,227.8,227.8,147.8,34.1,7569.6,57983.7,0.0,0.0,0.0,0.13,0.0,0.0,0.0,65.05,40.42
1788423825.951,1.41,ndvi_acquire_stac,1,263.0,263.0,43.9,36.2,7513.3,58039.9,0.0,0.0,0.0,0.13,0.04,0.02,0.0,65.05,40.42
1788423826.458,1.91,ndvi_acquire_stac,1,272.2,272.2,25.6,34.9,7704.3,57849.0,0.0,0.0,0.0,0.21,0.05,0.03,0.0,65.05,40.42
1788423826.96,2.42,ndvi_acquire_stac,1,293.4,293.4,31.9,35.0,7803.6,57749.7,0.0,0.0,0.0,0.21,0.14,0.07,0.0,65.05,40.42
1788423827.461,2.92,ndvi_acquire_stac,1,295.3,295.3,10.0,31.6,7715.0,57838.3,0.0,0.0,0.0,0.54,0.18,0.11,0.0,65.05,40.42
1788423827.962,3.42,ndvi_acquire_stac,1,303.6,303.6,16.0,35.3,7820.9,57732.3,0.0,0.0,0.0,0.65,0.46,0.15,0.0,65.05,40.42
1788423828.464,3.92,ndvi_acquire_stac,1,305.6,305.6,6.0,30.7,7747.1,57806.1,0.0,0.0,0.0,1.71,1.66,0.15,0.0,65.05,40.42
1788423828.965,4.42,ndvi_acquire_stac,1,309.5,309.5,2.0,30.8,7899.5,57653.7,0.0,0.01,0.0,1.71,5.59,0.18,0.0,65.05,40.42
1788423829.467,4.92,ndvi_acquire_stac,1,320.8,320.8,4.0,32.2,7879.8,57673.5,0.0,0.01,0.0,2.0,16.99,0.22,0.0,65.05,40.42
1788423829.968,5.42,ndvi_acquire_stac,1,349.8,349.8,12.0,34.3,7489.1,58064.2,0.0,0.01,0.0,2.18,46.41,7.13,0.0,65.05,40.42
1788423830.471,5.93,ndvi_acquire_stac,1,355.0,355.0,29.9,37.2,7470.6,58082.7,0.0,0.01,0.0,2.35,76.45,31.48,0.0,65.05,40.42
1788423830.975,6.43,ndvi_acquire_stac,1,357.8,357.8,39.7,34.8,7533.2,58020.1,0.0,0.01,0.0,2.35,104.97,73.69,0.0,65.05,40.42
1788423831.476,6.93,ndvi_acquire_stac,1,378.7,378.7,19.9,33.8,7526.7,58026.6,0.0,0.01,0.0,2.43,133.81,90.65,0.0,65.05,40.42
1788423831.977,7.43,ndvi_acquire_stac,1,407.4,407.4,41.9,34.5,7636.7,57916.6,0.0,0.01,0.0,2.43,158.51,133.03,0.0,65.05,40.42
1788423832.479,7.94,ndvi_acquire_stac,1,443.5,443.5,27.9,32.8,7461.2,58092.0,0.0,0.01,0.0,2.89,188.08,158.48,0.0,65.05,40.42
1788423832.98,8.44,ndvi_acquire_stac,1,467.9,467.9,12.0,31.5,7607.6,57945.6,0.0,0.01,0.0,2.89,213.13,167.0,0.0,65.05,40.42
1788423833.482,8.94,ndvi_acquire_stac,1,484.1,484.1,43.8,38.7,7515.5,58037.8,0.0,0.01,0.0,3.15,241.7,213.46,0.0,65.05,40.42
1788423833.985,9.44,ndvi_acquire_stac,1,487.3,487.3,21.9,33.3,7563.0,57990.2,0.0,0.01,0.0,4.04,267.68,234.93,0.0,65.05,40.42
1788423834.487,9.94,ndvi_acquire_stac,1,490.4,490.4,27.9,36.9,7337.2,58216.0,0.0,0.01,0.0,4.54,295.94,265.9,0.0,65.05,40.42
1788423834.99,10.45,ndvi_acquire_stac,1,490.4,490.4,35.8,37.3,7249.4,58303.8,0.0,0.01,0.0,4.54,326.53,302.89,0.0,65.05,40.42
1788423835.492,10.95,ndvi_acquire_stac,1,490.4,490.4,12.0,33.9,7296.5,58256.8,0.0,0.01,0.0,4.99,354.12,311.38,0.0,65.05,40.42
1788423835.994,11.45,ndvi_acquire_stac,1,490.4,490.4,35.9,37.8,7184.0,58369.3,0.0,0.01,0.0,5.06,383.21,353.91,0.0,65.05,40.42
1788423836.495,11.95,ndvi_acquire_stac,1,490.5,490.5,23.9,37.4,7321.1,58232.1,0.0,0.01,0.0,5.26,412.13,379.4,0.0,65.05,40.42
1788423836.996,12.45,ndvi_acquire_stac,1,490.5,490.5,25.9,32.9,7508.3,58045.0,0.0,0.01,0.0,5.47,438.68,404.93,0.0,65.05,40.42
1788423837.498,12.95,ndvi_acquire_stac,1,490.5,490.5,17.9,32.8,7599.5,57953.8,0.0,0.01,0.0,5.86,466.11,430.39,0.0,65.05,40.42
1788423838.001,13.46,ndvi_acquire_stac,1,490.6,490.6,29.8,36.2,7449.9,58103.3,0.0,0.01,0.0,5.94,490.01,464.33,0.0,65.05,40.42
1788423838.503,13.96,ndvi_acquire_stac,1,490.6,490.6,17.9,34.5,7315.0,58238.3,0.0,0.01,0.0,6.4,514.58,481.88,0.0,65.05,40.42
1788423839.006,14.46,ndvi_acquire_stac,1,490.6,490.6,27.8,34.1,7200.5,58352.8,0.0,0.01,0.0,6.4,541.48,514.75,0.0,65.05,40.42
1788423839.512,14.97,ndvi_acquire_stac,1,490.6,490.6,25.7,35.2,7130.3,58423.0,0.0,0.01,0.0,6.5,567.36,541.29,0.0,65.05,40.42
1788423840.014,15.47,ndvi_acquire_stac,1,490.6,490.6,16.0,33.8,7246.4,58306.9,0.0,0.02,0.0,6.52,591.13,558.28,0.0,65.05,40.42
1788423840.515,15.97,ndvi_acquire_stac,1,490.6,490.6,31.9,24.2,7201.8,58351.5,0.0,0.02,0.0,6.75,616.72,592.63,0.0,65.05,40.42
1788423841.016,16.47,ndvi_acquire_stac,1,490.6,490.6,21.9,29.8,7189.5,58363.7,0.0,0.02,0.0,6.8,645.22,618.1,0.0,65.05,40.42
1788423841.518,16.97,ndvi_acquire_stac,1,490.6,490.6,16.0,32.6,7320.3,58232.9,0.0,0.02,0.0,7.36,672.42,635.16,0.0,65.05,40.42
1788423842.021,17.48,ndvi_acquire_stac,1,490.7,490.7,31.8,35.8,7332.5,58220.8,0.0,0.02,0.0,7.36,691.93,669.09,0.0,65.05,40.42
1788423842.523,17.98,ndvi_acquire_stac,1,490.7,490.7,18.0,31.8,7302.1,58251.2,0.0,0.02,0.0,7.65,718.54,686.14,0.0,65.05,40.42
1788423843.024,18.48,ndvi_acquire_stac,1,490.7,490.7,23.9,33.6,7096.0,58457.2,0.0,0.02,0.0,7.65,742.03,707.32,0.0,65.05,40.42
1788423843.528,18.98,ndvi_acquire_stac,1,490.7,490.7,35.7,38.2,7107.4,58445.9,0.0,0.02,0.0,7.83,766.16,748.83,0.0,65.05,40.42
1788423844.034,19.49,ndvi_acquire_stac,1,490.7,490.7,9.9,32.2,7313.7,58239.6,0.0,0.02,0.0,7.96,792.35,754.14,0.0,65.05,40.42
1788423844.535,19.99,ndvi_acquire_stac,1,490.7,490.7,19.9,34.1,7333.4,58219.9,0.0,0.02,0.0,8.24,812.88,776.41,0.0,65.05,40.42
1788423845.039,20.49,ndvi_acquire_stac,1,474.9,474.9,43.7,35.6,7220.8,58332.5,0.0,0.02,0.0,8.26,835.68,817.01,0.0,65.05,40.42
1788423845.54,21.0,ndvi_acquire_stac,1,458.1,458.1,16.0,30.5,7119.4,58433.9,0.0,0.02,0.0,8.42,852.25,834.0,0.0,65.05,40.42
1788423846.041,21.5,ndvi_acquire_stac,1,441.4,441.4,12.0,32.3,7283.7,58269.6,0.0,0.02,0.0,8.42,868.55,844.25,0.0,65.05,40.42
1788423846.543,22.0,ndvi_acquire_stac,1,441.4,441.4,19.9,34.9,7285.4,58267.8,0.0,0.02,0.0,8.63,882.79,869.67,0.0,65.05,40.42
1788423847.045,22.5,ndvi_acquire_stac,1,393.5,393.5,31.8,34.9,7281.3,58272.0,0.0,0.02,0.0,8.89,895.51,894.89,0.0,65.05,40.42
1788423847.572,23.03,ndvi_acquire_stac,1,466.3,466.3,106.2,44.4,7325.2,58228.1,0.0,0.02,0.0,9.15,898.57,896.2,0.0,65.05,40.42
1788423848.09,23.55,ndvi_acquire_stac,1,542.1,542.1,131.3,49.4,7375.7,58177.6,0.0,0.02,0.0,9.42,901.92,898.85,0.0,65.05,40.42
1788423848.594,24.05,ndvi_acquire_stac,1,725.6,725.6,371.1,45.3,7609.4,57943.8,0.0,0.02,0.0,9.91,909.24,900.71,0.0,65.05,40.42
1788423850.588,26.04,ndvi_acquire_stac,1,717.0,717.0,53.2,43.4,7635.5,57917.7,0.0,0.03,0.0,10.52,911.94,909.69,0.0,65.05,40.42
1788423851.116,26.57,ndvi_acquire_stac,1,776.9,776.9,102.3,42.1,7654.6,57898.6,0.0,0.03,0.0,10.53,916.44,915.91,0.0,65.05,40.42
1788423851.622,27.08,ndvi_acquire_stac,1,980.0,980.0,333.9,41.9,7459.5,58093.8,0.0,0.03,0.0,11.43,916.7,917.62,0.0,65.05,40.42
1788423853.335,28.79,ndvi_acquire_stac,1,1078.1,1078.1,40.3,29.2,7607.1,57946.1,0.0,0.03,0.0,11.62,918.14,919.29,0.0,65.05,40.42
1788423853.838,29.29,ndvi_acquire_stac,1,1107.7,1107.7,109.3,34.5,7646.0,57907.3,0.0,0.03,0.0,11.62,919.45,919.34,0.0,65.05,40.42
1788423854.339,29.8,ndvi_acquire_stac,1,1159.4,1159.4,59.9,36.6,7935.9,57617.4,0.0,0.03,0.0,11.92,919.91,919.37,0.0,65.05,40.42
1788423854.841,30.3,ndvi_acquire_stac,1,1161.0,1161.0,6.0,24.9,7959.4,57593.8,0.0,0.03,0.0,11.92,921.68,919.39,0.0,65.05,40.42
1788423855.342,30.8,ndvi_acquire_stac,1,1166.2,1166.2,8.0,35.6,8087.3,57465.9,0.0,0.03,0.0,12.26,926.95,921.54,0.0,65.05,40.42
1788423855.843,31.3,ndvi_acquire_stac,1,1171.5,1171.5,4.0,31.9,8111.5,57441.8,0.0,0.03,0.0,12.26,937.14,922.66,0.0,65.05,40.42
1788423856.345,31.8,ndvi_acquire_stac,1,1183.6,1183.6,4.0,25.8,8098.8,57454.4,0.0,0.03,0.0,12.46,955.79,922.7,0.0,65.05,40.42
1788423856.846,32.3,ndvi_acquire_stac,1,1209.5,1209.5,37.9,38.4,8164.7,57388.5,0.0,0.03,0.0,12.46,976.78,957.75,0.0,65.05,40.42
1788423857.348,32.8,ndvi_acquire_stac,1,1236.1,1236.1,15.9,32.5,7987.7,57565.6,0.0,0.03,0.0,12.86,1000.85,966.3,0.0,65.05,40.42
1788423857.85,33.31,ndvi_acquire_stac,1,1266.7,1266.7,39.8,39.2,7959.5,57593.7,0.0,0.03,0.0,13.27,1029.13,1000.29,0.0,65.05,40.42
1788423858.351,33.81,ndvi_acquire_stac,1,1284.1,1284.1,16.0,34.1,8025.5,57527.7,0.0,0.03,0.0,13.41,1053.3,1017.3,0.0,65.05,40.42
1788423858.853,34.31,ndvi_acquire_stac,1,1301.6,1301.6,35.9,36.7,7970.8,57582.5,0.0,0.03,0.0,13.41,1076.09,1051.28,0.0,65.05,40.42
1788423859.355,34.81,ndvi_acquire_stac,1,1311.0,1311.0,25.9,38.4,8100.0,57453.2,0.0,0.03,0.0,13.47,1100.52,1076.76,0.0,65.05,40.42
1788423859.857,35.31,ndvi_acquire_stac,1,1313.1,1313.1,16.0,33.6,8038.9,57514.4,0.0,0.04,0.0,13.47,1125.84,1093.79,0.0,65.05,40.42
1788423860.358,35.81,ndvi_acquire_stac,1,1314.7,1314.7,25.9,35.8,8140.1,57413.2,0.0,0.04,0.0,13.69,1150.25,1123.59,0.0,65.05,40.42
1788423860.861,36.32,ndvi_acquire_stac,1,1317.1,1317.1,19.9,33.5,8085.5,57467.7,0.0,0.04,0.0,13.73,1174.75,1143.46,0.0,65.05,40.42
1788423861.364,36.82,ndvi_acquire_stac,1,1320.6,1320.6,21.9,34.1,8162.9,57390.3,0.0,0.04,0.0,13.95,1197.15,1170.28,0.0,65.05,40.42
1788423861.866,37.32,ndvi_acquire_stac,1,1320.6,1320.6,15.9,33.6,8343.7,57209.6,0.0,0.04,0.0,13.95,1222.67,1187.28,0.0,65.05,40.42
1788423862.368,37.82,ndvi_acquire_stac,1,1320.6,1320.6,19.9,34.0,8244.9,57308.4,0.0,0.04,0.0,14.25,1251.0,1212.76,0.0,65.05,40.42
1788423862.869,38.33,ndvi_acquire_stac,1,1320.7,1320.7,29.9,36.1,8210.2,57343.1,0.0,0.04,0.0,14.91,1273.36,1246.7,0.0,65.05,40.42
1788423863.371,38.83,ndvi_acquire_stac,1,1320.7,1320.7,23.9,31.7,8124.8,57428.4,0.0,0.04,0.0,15.11,1299.59,1272.17,0.0,65.05,40.42
1788423863.872,39.33,ndvi_acquire_stac,1,1320.7,1320.7,10.0,19.6,8139.8,57413.5,0.0,0.04,0.0,15.13,1324.9,1280.69,0.0,65.05,40.42
1788423864.373,39.83,ndvi_acquire_stac,1,1324.5,1324.5,33.9,27.4,8233.2,57320.0,0.0,0.04,0.0,15.31,1352.08,1323.11,0.0,65.05,40.42
1788423864.875,40.33,ndvi_acquire_stac,1,1329.1,1329.1,23.9,21.5,7969.1,57584.1,0.0,0.04,0.0,15.31,1374.56,1348.59,0.0,65.05,40.42
1788423865.376,40.83,ndvi_acquire_stac,1,1336.9,1336.9,16.0,22.5,8042.4,57510.8,0.0,0.04,0.0,15.75,1405.4,1365.62,0.0,65.05,40.42
1788423866.1,41.56,ndvi_acquire_stac,1,1302.4,1302.4,67.7,36.8,8119.7,57433.6,0.0,0.05,0.0,15.95,1439.19,1399.6,0.0,65.05,40.42
1788423866.622,42.08,ndvi_acquire_stac,1,1302.4,1302.4,23.0,29.4,7894.6,57658.3,0.0,0.05,0.0,16.11,1461.95,1425.1,0.0,65.05,40.42
1788423867.124,42.58,ndvi_acquire_stac,1,1303.1,1303.1,39.9,25.7,7866.8,57686.4,0.0,0.05,0.0,16.11,1488.61,1467.55,0.0,65.05,40.42
1788423867.625,43.08,ndvi_acquire_stac,1,1303.1,1303.1,18.0,32.9,8047.6,57505.6,0.0,0.05,0.0,18.1,1513.93,1484.58,0.0,65.05,40.42
1788423868.127,43.58,ndvi_acquire_stac,1,1303.1,1303.1,23.9,33.2,8171.9,57381.3,0.0,0.05,0.0,18.19,1538.04,1510.07,0.0,65.05,40.42
1788423868.628,44.08,ndvi_acquire_stac,1,1307.3,1307.3,23.9,31.7,8001.0,57552.2,0.0,0.05,0.0,18.65,1559.47,1535.56,0.0,65.05,40.42
1788423869.13,44.59,ndvi_acquire_stac,1,1311.5,1311.5,21.9,33.8,8137.3,57415.9,0.0,0.05,0.0,18.65,1587.12,1556.77,0.0,65.05,40.42
1788423869.634,45.09,ndvi_acquire_stac,1,1311.5,1311.5,15.9,31.8,8168.8,57384.5,0.0,0.05,0.0,18.81,1610.23,1578.01,0.0,65.05,40.42
1788423870.136,45.59,ndvi_acquire_stac,1,1311.5,1311.5,27.9,34.6,8260.8,57292.5,0.0,0.05,0.0,18.81,1636.08,1605.85,0.0,65.05,40.42
1788423870.644,46.1,ndvi_acquire_stac,1,1311.5,1311.5,29.5,35.7,8134.9,57418.4,0.0,0.05,0.0,18.89,1657.53,1635.37,0.0,65.05,40.42
1788423871.145,46.6,ndvi_acquire_stac,1,1310.4,1310.4,10.0,32.3,8062.4,57490.9,0.0,0.05,0.0,18.94,1676.57,1643.91,0.0,65.05,40.42
1788423871.647,47.1,ndvi_acquire_stac,1,1308.3,1308.3,33.9,35.0,8147.5,57405.8,0.0,0.05,0.0,19.15,1692.81,1682.11,0.0,65.05,40.42
1788423872.148,47.6,ndvi_acquire_stac,1,1308.2,1308.2,10.0,32.8,8019.8,57533.4,0.0,0.05,0.0,19.15,1707.55,1694.65,0.0,65.05,40.42
1788423872.649,48.11,ndvi_acquire_stac,1,1328.8,1328.8,55.8,38.3,7973.8,57579.4,0.0,0.05,0.0,19.53,1717.5,1703.19,0.0,65.05,40.42
1788423873.152,48.61,ndvi_acquire_stac,1,1338.1,1338.1,141.3,43.8,8213.8,57339.4,0.0,0.05,0.0,20.08,1733.31,1704.74,0.0,65.05,40.42
1788423874.063,49.52,ndvi_acquire_stac,1,1388.3,1388.3,109.8,43.7,8202.0,57351.3,0.0,0.05,0.0,20.44,1749.63,1745.25,0.0,65.05,40.42
1788423874.937,50.39,ndvi_acquire_stac,1,1318.5,1318.5,75.5,42.2,8153.8,57399.4,0.0,0.05,0.0,20.44,1755.8,1753.76,0.0,65.05,40.42
1788423875.443,50.9,ndvi_acquire_stac,1,1406.3,1406.3,148.1,42.3,8359.8,57193.4,0.0,0.05,0.0,20.6,1762.93,1753.8,0.0,65.05,40.42
1788423876.173,51.63,ndvi_acquire_stac,1,1361.1,1361.1,87.8,45.0,8374.5,57178.8,0.0,0.05,0.0,20.61,1766.11,1766.35,0.0,65.05,40.42
1788423876.687,52.14,ndvi_acquire_stac,1,1371.6,1371.6,227.6,41.5,8334.1,57219.2,0.0,0.06,0.0,21.06,1773.43,1766.37,0.0,65.05,40.42
1788423877.764,53.22,ndvi_acquire_stac,1,1390.9,1390.9,73.4,43.0,8391.9,57161.3,0.0,0.06,0.0,21.31,1779.61,1768.51,0.0,65.05,40.42
1788423878.372,53.83,ndvi_acquire_stac,1,1419.9,1419.9,182.5,42.5,8487.2,57066.0,0.0,0.06,0.0,21.6,1795.69,1777.13,0.0,65.05,40.42
1788423879.365,54.82,ndvi_acquire_stac,1,1503.0,1503.0,87.6,40.9,8649.4,56903.9,0.0,0.06,0.0,22.06,1825.2,1796.46,0.0,65.05,40.42
1788423880.326,55.78,ndvi_acquire_stac,1,1469.1,1469.1,71.8,42.2,8579.8,56973.5,0.0,0.06,0.0,22.44,1840.05,1807.35,0.0,65.05,40.42
1788423880.858,56.31,ndvi_acquire_stac,1,1533.0,1533.0,208.8,43.6,8636.0,56917.2,0.0,0.06,0.0,22.82,1893.26,1839.61,0.0,65.05,40.42
1788423881.866,57.32,ndvi_acquire_stac,1,1536.8,1536.8,37.7,38.7,8765.3,56788.0,0.0,0.06,0.0,22.82,1924.42,1896.46,0.0,65.05,40.42
1788423882.368,57.82,ndvi_acquire_stac,1,1562.5,1562.5,35.9,28.5,8391.2,57162.1,0.0,0.06,0.0,23.47,1958.55,1930.42,0.0,65.05,40.42
1788423882.869,58.33,ndvi_acquire_stac,1,1581.5,1581.5,14.0,30.5,8579.9,56973.4,0.0,0.06,0.0,23.47,1998.65,1931.62,0.0,65.05,40.42
1788423883.377,58.83,ndvi_acquire_stac,1,1604.3,1604.3,76.7,43.0,8742.4,56810.9,0.0,0.06,0.0,23.64,2045.98,2008.98,0.0,65.05,40.42
1788423883.898,59.35,ndvi_acquire_stac,1,1617.5,1617.5,36.5,35.9,8616.8,56936.4,0.0,0.06,0.0,23.64,2092.41,2032.54,0.0,65.05,40.42
1788423884.4,59.86,ndvi_acquire_stac,1,1639.0,1639.0,53.8,39.4,8731.2,56822.0,0.0,0.06,0.0,23.83,2138.06,2083.58,0.0,65.05,40.42
1788423884.901,60.36,ndvi_acquire_stac,1,1662.2,1662.2,55.8,38.0,8377.8,57175.4,0.0,0.06,0.0,23.83,2189.27,2133.07,0.0,65.05,40.42
1788423885.406,60.86,ndvi_acquire_stac,1,1682.1,1682.1,65.3,40.8,8469.3,57083.9,0.0,0.06,0.0,24.03,2246.48,2194.1,0.0,65.05,40.42
1788423885.908,61.36,ndvi_acquire_stac,1,1699.9,1699.9,47.8,39.7,8573.5,56979.7,0.0,0.06,0.0,24.04,2295.54,2236.63,0.0,65.05,40.42
1788423886.41,61.87,ndvi_acquire_stac,1,1715.3,1715.3,65.8,40.4,8692.7,56860.6,0.0,0.06,0.0,24.23,2347.65,2291.92,0.0,65.05,40.42
1788423886.914,62.37,ndvi_acquire_stac,1,1723.2,1723.2,61.5,38.8,8708.3,56845.0,0.0,0.07,0.0,24.25,2403.69,2353.55,0.0,65.05,40.42
1788423887.417,62.87,ndvi_acquire_stac,1,1727.4,1727.4,43.7,37.3,8854.0,56699.2,0.0,0.07,0.0,24.88,2458.31,2398.17,0.0,65.05,40.42
1788423887.919,63.38,ndvi_acquire_stac,1,1730.2,1730.2,55.8,39.3,8603.9,56949.4,0.0,0.07,0.0,24.88,2508.74,2449.17,0.0,65.05,40.42
1788423888.421,63.88,ndvi_acquire_stac,1,1731.7,1731.7,73.8,42.3,8443.3,57110.0,0.0,0.07,0.0,25.43,2562.38,2508.68,0.0,65.05,40.42
1788423888.922,64.38,ndvi_acquire_stac,1,1731.7,1731.7,49.8,36.6,8391.9,57161.4,0.0,0.07,0.0,26.35,2616.57,2552.67,0.0,65.05,40.42
1788423889.431,64.89,ndvi_acquire_stac,1,1733.0,1733.0,64.9,39.9,8466.2,57087.1,0.0,0.07,0.0,27.04,2667.8,2619.18,0.0,65.05,40.42
1788423889.932,65.39,ndvi_acquire_stac,1,1735.9,1735.9,35.9,36.7,8541.0,57012.2,0.0,0.07,0.0,27.04,2718.4,2653.24,0.0,65.05,40.42
1788423890.434,65.89,ndvi_acquire_stac,1,1738.6,1738.6,49.9,40.5,8624.4,56928.9,0.0,0.07,0.01,27.25,2768.38,2704.24,0.0,65.05,40.42
1788423890.936,66.39,ndvi_acquire_stac,1,1741.6,1741.6,95.6,41.7,8778.3,56775.0,0.0,0.07,0.01,27.25,2812.92,2767.43,0.0,65.05,40.42
1788423891.464,66.92,ndvi_acquire_stac,1,1741.6,1741.6,36.0,40.2,8469.5,57083.7,0.0,0.07,0.01,27.31,2862.29,2797.7,0.0,65.05,40.42
1788423891.966,67.42,ndvi_acquire_stac,1,1742.4,1742.4,57.8,35.6,8564.8,56988.4,0.0,0.07,0.01,27.31,2913.79,2854.82,0.0,65.05,40.42
1788423892.47,67.93,ndvi_acquire_stac,1,1742.4,1742.4,69.4,39.5,8655.6,56897.6,0.0,0.07,0.01,27.71,2965.65,2913.22,0.0,65.05,40.42
1788423892.971,68.43,ndvi_acquire_stac,1,1742.3,1742.3,47.9,38.8,8424.4,57128.9,0.0,0.07,0.01,27.71,3008.41,2963.38,0.0,65.05,40.42
1788423893.475,68.93,ndvi_acquire_stac,1,1742.3,1742.3,37.8,35.3,8347.3,57205.9,0.0,0.07,0.01,28.0,3053.53,3003.78,0.0,65.05,40.42
1788423893.976,69.43,ndvi_acquire_stac,1,1742.3,1742.3,39.9,37.6,8550.4,57002.8,0.0,0.07,0.01,28.0,3098.83,3042.92,0.0,65.05,40.42
1788423894.478,69.93,ndvi_acquire_stac,1,1742.2,1742.2,69.7,38.6,8494.5,57058.8,0.0,0.07,0.01,28.22,3140.1,3119.33,0.0,65.05,40.42
1788423894.98,70.44,ndvi_acquire_stac,1,1742.1,1742.1,33.8,36.1,8605.2,56948.1,0.0,0.07,0.01,28.22,3181.51,3141.5,0.0,65.05,40.42
1788423895.482,70.94,ndvi_acquire_stac,1,1742.0,1742.0,35.9,35.0,8552.5,57000.7,0.0,0.07,0.01,28.91,3218.19,3181.04,0.0,65.05,40.42
1788423895.983,71.44,ndvi_acquire_stac,1,1744.7,1744.7,47.9,37.4,8716.6,56836.6,0.0,0.07,0.01,29.07,3255.84,3232.01,0.0,65.05,40.42
1788423896.485,71.94,ndvi_acquire_stac,1,1747.6,1747.6,27.9,35.4,8706.5,56846.7,0.0,0.07,0.01,29.08,3288.92,3263.01,0.0,65.05,40.42
1788423896.986,72.44,ndvi_acquire_stac,1,1750.3,1750.3,23.9,34.5,8739.7,56813.6,0.0,0.08,0.01,29.08,3319.22,3288.53,0.0,65.05,40.42
1788423897.487,72.94,ndvi_acquire_stac,1,1750.2,1750.2,47.9,35.2,8719.7,56833.5,0.0,0.08,0.01,29.63,3351.51,3336.05,0.0,65.05,40.42
1788423897.989,73.45,ndvi_acquire_stac,1,1750.2,1750.2,19.9,27.6,8718.2,56835.0,0.0,0.08,0.01,29.65,3379.82,3353.07,0.0,65.05,40.42
1788423898.491,73.95,ndvi_acquire_stac,1,1750.2,1750.2,21.9,32.2,8788.3,56765.0,0.0,0.08,0.01,30.67,3406.86,3380.03,0.0,65.05,40.42
1788423898.995,74.45,ndvi_acquire_stac,1,1750.2,1750.2,35.7,36.4,8726.2,56827.0,0.0,0.08,0.01,30.74,3434.5,3426.49,0.0,65.05,40.42
1788423899.497,74.95,ndvi_acquire_stac,1,1750.2,1750.2,17.9,35.5,8740.8,56812.4,0.0,0.08,0.01,30.95,3461.08,3441.38,0.0,65.05,40.42
1788423900.001,75.46,ndvi_acquire_stac,1,1750.2,1750.2,21.8,37.9,8914.9,56638.3,0.0,0.08,0.01,30.95,3488.65,3460.53,0.0,65.05,40.42
1788423900.507,75.96,ndvi_acquire_stac,1,1750.2,1750.2,35.6,33.6,8814.7,56738.6,0.0,0.08,0.01,31.0,3513.6,3500.88,0.0,65.05,40.42
1788423901.012,76.47,ndvi_acquire_stac,1,1750.2,1750.2,17.8,35.8,8923.8,56629.4,0.0,0.08,0.01,31.12,3541.06,3520.03,0.0,65.05,40.42
1788423901.514,76.97,ndvi_acquire_stac,1,1750.2,1750.2,27.9,38.5,8855.5,56698.1,0.0,0.08,0.01,31.36,3569.79,3554.02,0.0,65.05,40.42
1788423902.016,77.47,ndvi_acquire_stac,1,1750.2,1750.2,19.9,33.7,8787.1,56766.1,0.0,0.08,0.01,31.37,3596.12,3571.05,0.0,65.05,40.42
1788423902.517,77.97,ndvi_acquire_stac,1,1750.2,1750.2,37.9,48.8,8916.9,56636.4,0.0,0.08,0.01,31.95,3616.49,3613.49,0.0,65.05,40.42
1788423903.019,78.48,ndvi_acquire_stac,1,1750.2,1750.2,14.0,29.0,8698.6,56854.7,0.0,0.08,0.01,31.95,3644.26,3622.14,0.0,65.05,40.42
1788423903.523,78.98,ndvi_acquire_stac,1,1750.2,1750.2,23.8,33.6,8696.5,56856.7,0.0,0.08,0.01,32.72,3670.1,3647.61,0.0,65.05,40.42
1788423904.024,79.48,ndvi_acquire_stac,1,1750.2,1750.2,27.9,35.9,8787.5,56765.8,0.0,0.08,0.01,32.72,3692.68,3681.58,0.0,65.05,40.42
1788423904.526,79.98,ndvi_acquire_stac,1,1750.2,1750.2,14.0,31.8,8703.6,56849.6,0.0,0.08,0.01,32.96,3719.09,3694.96,0.0,65.05,40.42
1788423905.032,80.49,ndvi_acquire_stac,1,1750.2,1750.2,19.8,34.9,8610.9,56942.3,0.0,0.08,0.01,32.96,3744.61,3715.59,0.0,65.05,40.42
1788423905.534,80.99,ndvi_acquire_stac,1,1750.2,1750.2,29.9,36.3,8610.6,56942.6,0.0,0.08,0.01,33.13,3768.42,3749.52,0.0,65.05,40.42
1788423906.035,81.49,ndvi_acquire_stac,1,1750.2,1750.2,17.9,33.5,8644.1,56909.1,0.0,0.08,0.01,33.15,3787.47,3774.94,0.0,65.05,40.42
1788423906.538,81.99,ndvi_acquire_stac,1,1750.2,1750.2,13.9,30.8,8522.5,57030.7,0.0,0.08,0.01,33.7,3812.78,3783.48,0.0,65.05,40.42
1788423907.04,82.5,ndvi_acquire_stac,1,1750.2,1750.2,25.9,34.0,8617.3,56936.0,0.0,0.08,0.01,33.7,3832.19,3817.48,0.0,65.05,40.42
1788423907.541,83.0,ndvi_acquire_stac,1,1750.2,1750.2,19.9,30.9,8858.3,56694.9,0.0,0.08,0.01,34.4,3853.68,3834.48,0.0,65.05,40.42
1788423908.042,83.5,ndvi_acquire_stac,1,1750.2,1750.2,29.9,37.1,8872.3,56681.0,0.0,0.09,0.01,34.51,3878.92,3876.9,0.0,65.05,40.42
1788423908.544,84.0,ndvi_acquire_stac,1,1750.2,1750.2,14.0,35.9,8870.5,56682.8,0.0,0.09,0.01,35.64,3903.5,3885.48,0.0,65.05,40.42
1788423909.045,84.5,ndvi_acquire_stac,1,1750.2,1750.2,21.9,35.5,8968.1,56585.2,0.0,0.09,0.01,35.64,3929.93,3911.0,0.0,65.05,40.42
1788423909.549,85.0,ndvi_acquire_stac,1,1750.2,1750.2,29.8,34.4,8926.5,56626.8,0.0,0.09,0.01,36.13,3956.19,3936.53,0.0,65.05,40.42
1788423910.052,85.51,ndvi_acquire_stac,1,1750.2,1750.2,11.9,32.4,8887.8,56665.5,0.0,0.09,0.01,36.13,3978.93,3945.46,0.0,65.05,40.42
1788423910.556,86.01,ndvi_acquire_stac,1,1750.9,1750.9,59.6,40.7,8628.3,56925.0,0.0,0.09,0.01,36.56,4002.82,4004.52,0.0,65.05,40.42
1788423911.058,86.51,ndvi_acquire_stac,1,1750.9,1750.9,8.0,32.9,8521.2,57032.1,0.0,0.09,0.01,36.64,4025.81,4004.58,0.0,65.05,40.42
1788423911.559,87.02,ndvi_acquire_stac,1,1750.9,1750.9,16.0,32.6,8583.2,56970.1,0.0,0.09,0.01,36.84,4048.33,4021.55,0.0,65.05,40.42
1788423912.061,87.52,ndvi_acquire_stac,1,1751.6,1751.6,55.8,41.2,8642.5,56910.7,0.0,0.09,0.01,36.84,4072.39,4072.45,0.0,65.05,40.42
1788423912.562,88.02,ndvi_acquire_stac,1,1751.6,1751.6,6.0,33.4,8701.7,56851.6,0.0,0.09,0.01,37.13,4093.83,4072.51,0.0,65.05,40.42
1788423913.064,88.52,ndvi_acquire_stac,1,1751.6,1751.6,19.9,33.6,8725.5,56827.8,0.0,0.09,0.01,37.14,4118.89,4091.63,0.0,65.05,40.42
1788423913.57,89.03,ndvi_acquire_stac,1,1751.6,1751.6,45.4,38.4,8733.7,56819.5,0.0,0.09,0.01,37.43,4139.68,4131.99,0.0,65.05,40.42
1788423914.071,89.53,ndvi_acquire_stac,1,1751.6,1751.6,12.0,33.4,8624.8,56928.4,0.0,0.09,0.01,37.46,4161.41,4140.53,0.0,65.05,40.42
1788423914.573,90.03,ndvi_acquire_stac,1,1751.6,1751.6,21.9,33.9,8351.8,57201.4,0.0,0.09,0.01,37.89,4185.75,4166.01,0.0,65.05,40.42
1788423915.075,90.53,ndvi_acquire_stac,1,1751.6,1751.6,25.9,35.6,8486.1,57067.2,0.0,0.09,0.01,37.9,4209.61,4191.51,0.0,65.05,40.42
1788423915.578,91.03,ndvi_acquire_stac,1,1751.6,1751.6,17.9,29.3,8482.5,57070.8,0.0,0.09,0.01,37.99,4232.55,4205.13,0.0,65.05,40.42
1788423916.084,91.54,ndvi_acquire_stac,1,1751.6,1751.6,49.4,38.1,8538.2,57015.1,0.0,0.09,0.01,37.99,4257.49,4258.41,0.0,65.05,40.42
1788423916.588,92.04,ndvi_acquire_stac,1,1751.6,1751.6,7.9,34.1,8615.3,56938.0,0.0,0.09,0.01,38.27,4282.86,4259.52,0.0,65.05,40.42
1788423917.09,92.55,ndvi_acquire_stac,1,1751.6,1751.6,41.8,35.1,8583.7,56969.6,0.0,0.09,0.01,38.27,4308.6,4298.8,0.0,65.05,40.42
1788423917.598,93.05,ndvi_acquire_stac,1,1751.6,1751.6,25.6,38.4,8650.7,56902.5,0.0,0.09,0.01,38.69,4334.56,4327.46,0.0,65.05,40.42
1788423918.1,93.56,ndvi_acquire_stac,1,1751.6,1751.6,16.0,30.7,8621.3,56931.9,0.0,0.09,0.01,38.69,4359.97,4339.67,0.0,65.05,40.42
1788423918.601,94.06,ndvi_acquire_stac,1,1751.6,1751.6,23.9,36.5,8807.6,56745.7,0.0,0.1,0.01,39.02,4381.86,4373.62,0.0,65.05,40.42
1788423919.102,94.56,ndvi_acquire_stac,1,1751.6,1751.6,23.9,32.8,8395.6,57157.7,0.0,0.1,0.01,39.03,4401.25,4399.08,0.0,65.05,40.42
1788423919.605,95.06,ndvi_acquire_stac,1,1751.5,1751.5,10.0,23.5,8491.0,57062.2,0.0,0.1,0.01,39.49,4419.07,4408.16,0.0,65.05,40.42
1788423920.107,95.56,ndvi_acquire_stac,1,1762.1,1762.1,111.6,34.8,8378.8,57174.4,0.0,0.1,0.01,39.49,4432.55,4428.02,0.0,65.05,40.42
1788423920.825,96.28,ndvi_acquire_stac,1,1804.3,1804.3,133.6,47.3,8696.3,56857.0,0.0,0.1,0.01,39.7,4446.88,4441.27,0.0,65.05,40.42
1788423921.658,97.11,ndvi_acquire_stac,1,1946.5,1946.5,177.7,49.5,8833.5,56719.8,0.0,0.1,0.01,39.9,4461.08,4456.68,0.0,65.05,40.42
1788423922.429,97.89,ndvi_acquire_stac,1,1938.2,1938.2,129.7,46.5,8858.1,56695.1,0.0,0.1,0.01,40.37,4464.56,4470.52,0.0,65.05,40.42
1788423923.029,98.49,ndvi_acquire_stac,1,1941.8,1941.8,151.7,48.0,9013.3,56540.0,0.0,0.1,0.01,40.37,4467.63,4472.5,0.0,65.05,40.42
1788423923.582,99.04,ndvi_acquire_stac,1,1999.6,1999.6,159.2,53.3,9184.6,56368.6,0.0,0.1,0.01,40.57,4480.3,4479.14,0.0,65.05,40.42
1788423924.115,99.57,ndvi_acquire_stac,1,1952.8,1952.8,163.0,43.5,9353.3,56199.9,0.0,0.1,0.01,40.57,4482.11,4479.15,0.0,65.05,40.42
1788423924.701,100.16,ndvi_acquire_stac,1,2057.1,2057.1,99.0,47.9,9343.2,56210.1,0.0,0.1,0.01,40.86,4486.41,4487.69,0.0,65.05,40.42
1788423925.203,100.66,ndvi_acquire_stac,1,1984.2,1984.2,21.9,31.8,9121.8,56431.4,0.0,0.1,0.01,40.86,4490.09,4487.72,0.0,65.05,40.42
1788423925.743,101.2,ndvi_acquire_stac,1,1980.3,1980.3,72.2,39.6,9188.7,56364.6,0.0,0.1,0.01,41.12,4490.55,4491.41,0.0,65.05,40.42
1788423926.412,101.87,ndvi_acquire_stac,1,2046.0,2046.0,151.1,43.7,9261.8,56291.5,0.0,0.1,0.01,41.55,4496.67,4491.46,0.0,65.05,40.42
1788423927.182,102.64,ndvi_acquire_stac,1,2007.2,2007.2,72.7,43.5,9216.3,56336.9,0.0,0.11,0.01,41.55,4503.62,4492.61,0.0,65.05,40.42
1788423927.693,103.15,ndvi_acquire_stac,1,2028.8,2028.8,13.7,34.5,9023.7,56529.6,0.0,0.11,0.01,41.87,4516.13,4495.65,0.0,65.05,40.42
1788423928.195,103.65,ndvi_acquire_stac,1,2037.0,2037.0,14.0,31.1,8977.4,56575.8,0.0,0.11,0.01,41.9,4534.22,4504.08,0.0,65.05,40.42
1788423928.696,104.15,ndvi_acquire_stac,1,2049.8,2049.8,29.9,38.1,8700.5,56852.8,0.0,0.11,0.01,42.08,4559.59,4531.65,0.0,65.05,40.42
1788423929.198,104.65,ndvi_acquire_stac,1,2056.6,2056.6,21.9,34.9,8621.2,56932.1,0.0,0.11,0.01,42.08,4576.91,4557.16,0.0,65.05,40.42
1788423929.699,105.16,ndvi_acquire_stac,1,2066.8,2066.8,21.9,31.5,8513.8,57039.4,0.0,0.11,0.01,42.2,4600.3,4582.55,0.0,65.05,40.42
1788423930.201,105.66,ndvi_acquire_stac,1,2072.3,2072.3,19.9,33.3,8738.3,56815.0,0.0,0.11,0.01,42.23,4625.88,4599.57,0.0,65.05,40.42
1788423930.702,106.16,ndvi_acquire_stac,1,2073.1,2073.1,12.0,34.3,8633.8,56919.4,0.0,0.11,0.01,42.46,4650.45,4608.09,0.0,65.05,40.42
1788423931.204,106.66,ndvi_acquire_stac,1,2075.5,2075.5,27.9,32.1,8694.7,56858.5,0.0,0.11,0.01,42.49,4673.29,4642.08,0.0,65.05,40.42
1788423931.705,107.16,ndvi_acquire_stac,1,2078.7,2078.7,14.0,31.3,8814.7,56738.6,0.0,0.11,0.01,42.68,4699.09,4650.64,0.0,65.05,40.42
1788423932.209,107.67,ndvi_acquire_stac,1,2080.7,2080.7,35.7,37.0,8892.2,56661.1,0.0,0.11,0.01,42.68,4725.54,4693.09,0.0,65.05,40.42
1788423932.711,108.17,ndvi_acquire_stac,1,2084.5,2084.5,21.9,32.3,8931.0,56622.2,0.0,0.11,0.01,42.98,4751.3,4716.07,0.0,65.05,40.42
1788423933.215,108.67,ndvi_acquire_stac,1,2087.1,2087.1,25.8,34.4,8945.9,56607.3,0.0,0.11,0.01,42.98,4774.95,4744.08,0.0,65.05,40.42
1788423933.717,109.17,ndvi_acquire_stac,1,2087.1,2087.1,19.9,35.1,8948.8,56604.4,0.0,0.11,0.01,44.12,4798.85,4761.12,0.0,65.05,40.42
1788423934.218,109.67,ndvi_acquire_stac,1,2087.1,2087.1,18.0,36.9,8949.7,56603.6,0.0,0.11,0.01,44.13,4822.61,4786.62,0.0,65.05,40.42
1788423934.72,110.18,ndvi_acquire_stac,1,2087.1,2087.1,33.9,36.2,8942.2,56611.0,0.0,0.11,0.01,44.34,4848.31,4829.03,0.0,65.05,40.42
1788423935.221,110.68,ndvi_acquire_stac,1,2087.1,2087.1,10.0,35.7,8946.7,56606.6,0.0,0.11,0.01,44.34,4874.43,4837.57,0.0,65.05,40.42
1788423935.723,111.18,ndvi_acquire_stac,1,2087.1,2087.1,23.9,35.5,8947.9,56605.4,0.0,0.11,0.01,44.77,4900.45,4863.08,0.0,65.05,40.42
1788423936.224,111.68,ndvi_acquire_stac,1,2087.1,2087.1,27.9,37.9,8951.8,56601.5,0.0,0.11,0.01,44.89,4925.82,4897.08,0.0,65.05,40.42
1788423936.725,112.18,ndvi_acquire_stac,1,2087.1,2087.1,27.9,38.1,8951.8,56601.5,0.0,0.11,0.01,45.04,4952.22,4927.57,0.0,65.05,40.42
1788423937.233,112.69,ndvi_acquire_stac,1,2087.1,2087.1,21.6,36.8,8951.7,56601.6,0.0,0.11,0.01,45.31,4980.82,4948.13,0.0,65.05,40.42
1788423937.736,113.19,ndvi_acquire_stac,1,2087.1,2087.1,10.0,34.2,8788.7,56764.6,0.0,0.11,0.01,45.31,5002.57,4956.68,0.0,65.05,40.42
1788423938.237,113.69,ndvi_acquire_stac,1,2087.1,2087.1,35.9,35.6,8670.6,56882.6,0.0,0.11,0.01,45.74,5026.47,5007.54,0.0,65.05,40.42
1788423938.739,114.2,ndvi_acquire_stac,1,2087.1,2087.1,12.0,33.6,8791.2,56762.0,0.0,0.11,0.01,45.85,5052.82,5016.06,0.0,65.05,40.42
1788423939.24,114.7,ndvi_acquire_stac,1,2087.1,2087.1,18.0,29.8,8706.6,56846.7,0.0,0.11,0.01,46.09,5077.52,5041.53,0.0,65.05,40.42
1788423939.743,115.2,ndvi_acquire_stac,1,2087.1,2087.1,31.8,37.0,8753.6,56799.7,0.0,0.11,0.01,46.24,5099.66,5075.5,0.0,65.05,40.42
1788423940.245,115.7,ndvi_acquire_stac,1,2087.1,2087.1,25.9,35.1,8620.0,56933.2,0.0,0.12,0.01,46.48,5125.17,5109.43,0.0,65.05,40.42
1788423940.746,116.2,ndvi_acquire_stac,1,2087.1,2087.1,12.0,34.9,8761.5,56791.8,0.0,0.12,0.01,46.68,5152.26,5117.97,0.0,65.05,40.42
1788423941.248,116.7,ndvi_acquire_stac,1,2087.1,2087.1,23.9,33.0,8699.2,56854.0,0.0,0.12,0.01,46.94,5171.77,5148.32,0.0,65.05,40.42
1788423941.749,117.21,ndvi_acquire_stac,1,2087.1,2087.1,19.9,35.6,8825.2,56728.0,0.0,0.12,0.01,47.19,5193.37,5173.78,0.0,65.05,40.42
1788423942.25,117.71,ndvi_acquire_stac,1,2087.1,2087.1,15.9,33.0,8899.3,56654.0,0.0,0.12,0.01,47.57,5216.23,5190.74,0.0,65.05,40.42
1788423942.752,118.21,ndvi_acquire_stac,1,2087.1,2087.1,17.9,21.6,8902.5,56650.8,0.0,0.12,0.01,47.79,5236.88,5216.18,0.0,65.05,40.42
1788423943.253,118.71,ndvi_acquire_stac,1,2087.1,2087.1,10.0,28.5,9062.8,56490.5,0.0,0.12,0.01,48.04,5258.41,5224.71,0.0,65.05,40.42
1788423943.755,119.21,ndvi_acquire_stac,1,2087.1,2087.1,31.9,33.6,8915.3,56638.0,0.0,0.12,0.01,48.25,5277.82,5261.77,0.0,65.05,40.42
1788423944.256,119.71,ndvi_acquire_stac,1,2087.0,2087.0,12.0,31.7,8976.6,56576.7,0.0,0.12,0.01,48.34,5295.74,5270.31,0.0,65.05,40.42
1788423944.758,120.21,ndvi_acquire_stac,1,2087.0,2087.0,17.9,34.7,9006.4,56546.9,0.0,0.12,0.01,48.82,5313.19,5287.32,0.0,65.05,40.42
1788423945.259,120.72,ndvi_acquire_stac,1,2087.0,2087.0,23.9,31.1,8997.3,56556.0,0.0,0.12,0.01,48.84,5327.19,5315.93,0.0,65.05,40.42
1788423945.762,121.22,ndvi_acquire_stac,1,2086.8,2086.8,49.7,37.5,9031.2,56522.1,0.0,0.13,0.01,49.28,5339.24,5327.58,0.0,65.05,40.42
1788423946.268,121.72,ndvi_acquire_stac,1,2123.8,2123.8,251.0,42.6,8995.8,56557.5,0.0,0.13,0.01,49.94,5356.55,5342.07,0.0,65.05,40.42
1788423947.842,123.3,ndvi_acquire_stac,1,2086.4,2086.4,55.3,46.7,8938.1,56615.2,0.0,0.13,0.01,50.57,5364.19,5356.0,0.0,65.05,40.42
1788423948.4,123.86,ndvi_acquire_stac,1,2204.7,2204.7,301.3,44.4,9087.6,56465.7,0.0,0.13,0.01,51.96,5375.03,5363.53,0.0,65.05,40.42
1788423949.863,125.32,ndvi_acquire_stac,1,2143.6,2143.6,68.4,43.1,8877.6,56675.7,0.0,0.13,0.01,51.96,5375.62,5365.7,0.0,65.05,40.42
1788423950.658,126.11,ndvi_acquire_stac,1,2195.1,2195.1,144.6,45.3,8981.8,56571.5,0.0,0.13,0.01,52.65,5376.04,5379.52,0.0,65.05,40.42
1788423952.431,127.89,ndvi_acquire_stac,1,2163.7,2163.7,84.1,44.6,9062.6,56490.7,0.0,0.13,0.01,53.06,5377.89,5379.53,0.0,65.05,40.42
1788423952.938,128.39,ndvi_acquire_stac,1,2145.4,2145.4,181.2,44.5,9091.0,56462.3,0.0,0.13,0.01,53.4,5385.87,5379.6,0.0,65.05,40.42
1788423953.792,129.25,ndvi_acquire_stac,1,2148.1,2148.1,94.9,43.0,8944.7,56608.5,0.0,0.13,0.01,55.28,5397.8,5382.82,0.0,65.05,40.42
1788423954.629,130.09,ndvi_acquire_stac,1,2162.1,2162.1,54.9,42.4,9036.2,56517.1,0.0,0.13,0.01,55.54,5410.36,5399.13,0.0,65.05,40.42
1788423955.131,130.59,ndvi_acquire_stac,1,2164.2,2164.2,14.0,32.0,8804.0,56749.3,0.0,0.13,0.01,55.54,5423.8,5410.16,0.0,65.05,40.42
1788423955.632,131.09,ndvi_acquire_stac,1,2166.7,2166.7,12.0,31.8,8971.3,56581.9,0.0,0.13,0.01,55.78,5442.21,5421.22,0.0,65.05,40.42
1788423956.134,131.59,ndvi_acquire_stac,1,2170.4,2170.4,16.0,32.9,8881.7,56671.5,0.0,0.14,0.01,55.78,5458.99,5438.2,0.0,65.05,40.42
1788423956.635,132.09,ndvi_acquire_stac,1,2173.8,2173.8,23.9,34.8,8983.5,56569.8,0.0,0.14,0.01,56.0,5484.76,5463.71,0.0,65.05,40.42
1788423957.136,132.59,ndvi_acquire_stac,1,2177.8,2177.8,18.0,34.7,8999.8,56553.5,0.0,0.14,0.01,56.0,5509.52,5486.84,0.0,65.05,40.42
1788423957.638,133.09,ndvi_acquire_stac,1,2181.0,2181.0,19.9,36.0,8947.3,56606.0,0.0,0.14,0.01,56.48,5534.07,5506.09,0.0,65.05,40.42
1788423958.139,133.6,ndvi_acquire_stac,1,2181.1,2181.1,19.9,31.9,8931.9,56621.3,0.0,0.14,0.01,56.51,5563.44,5531.59,0.0,65.05,40.42
1788423958.641,134.1,ndvi_acquire_stac,1,2181.1,2181.1,29.9,34.6,8899.1,56654.1,0.0,0.14,0.01,56.83,5590.95,5565.54,0.0,65.05,40.42
1788423959.143,134.6,ndvi_acquire_stac,1,2181.1,2181.1,17.9,31.0,8661.9,56891.3,0.0,0.14,0.01,57.04,5618.9,5582.5,0.0,65.05,40.42
1788423959.645,135.1,ndvi_acquire_stac,1,2181.1,2181.1,23.9,33.6,8827.2,56726.0,0.0,0.14,0.01,57.49,5643.86,5616.44,0.0,65.05,40.42
1788423960.146,135.6,ndvi_acquire_stac,1,2181.1,2181.1,27.9,30.8,8688.4,56864.8,0.0,0.14,0.01,57.51,5666.85,5650.38,0.0,65.05,40.42
1788423960.648,136.1,ndvi_acquire_stac,1,2181.1,2181.1,19.9,31.1,8733.3,56820.0,0.0,0.14,0.01,57.72,5692.51,5667.37,0.0,65.05,40.42
1788423961.149,136.61,ndvi_acquire_stac,1,2181.1,2181.1,27.9,36.5,8919.0,56634.3,0.0,0.14,0.01,57.74,5722.02,5692.86,0.0,65.05,40.42
1788423961.651,137.11,ndvi_acquire_stac,1,2181.1,2181.1,27.9,33.8,8627.8,56925.5,0.0,0.14,0.01,58.22,5746.86,5725.67,0.0,65.05,40.42
1788423962.154,137.61,ndvi_acquire_stac,1,2181.1,2181.1,17.9,35.1,8853.8,56699.5,0.0,0.14,0.01,58.22,5777.44,5743.81,0.0,65.05,40.42
1788423962.657,138.11,ndvi_acquire_stac,1,2181.1,2181.1,35.8,35.7,8621.9,56931.3,0.0,0.14,0.01,58.99,5804.51,5777.78,0.0,65.05,40.42
1788423963.159,138.62,ndvi_acquire_stac,1,2181.1,2181.1,23.9,34.3,8811.1,56742.2,0.0,0.14,0.01,58.99,5830.44,5803.31,0.0,65.05,40.42
1788423963.661,139.12,ndvi_acquire_stac,1,2181.1,2181.1,25.9,33.8,8561.0,56992.2,0.0,0.14,0.01,59.19,5855.67,5831.79,0.0,65.05,40.42
1788423964.165,139.62,ndvi_acquire_stac,1,2181.1,2181.1,25.8,24.6,8609.8,56943.4,0.0,0.14,0.01,59.25,5880.83,5862.7,0.0,65.05,40.42
1788423964.666,140.12,ndvi_acquire_stac,1,2181.1,2181.1,14.0,23.4,8628.0,56925.3,0.0,0.14,0.01,59.58,5906.24,5879.68,0.0,65.05,40.42
1788423965.168,140.62,ndvi_acquire_stac,1,2181.1,2181.1,18.0,34.6,8829.1,56724.2,0.0,0.14,0.01,59.58,5928.54,5896.66,0.0,65.05,40.42
1788423965.669,141.13,ndvi_acquire_stac,1,2181.1,2181.1,33.9,37.3,8796.6,56756.7,0.0,0.14,0.01,59.72,5945.98,5930.89,0.0,65.05,40.42
1788423966.17,141.63,ndvi_acquire_stac,1,2181.1,2181.1,16.0,33.2,8891.2,56662.0,0.0,0.14,0.01,59.73,5971.6,5948.01,0.0,65.05,40.42
1788423966.672,142.13,ndvi_acquire_stac,1,2181.1,2181.1,18.0,35.6,9053.8,56499.4,0.0,0.15,0.01,60.23,5992.99,5965.06,0.0,65.05,40.42
1788423967.173,142.63,ndvi_acquire_stac,1,2181.1,2181.1,25.9,33.0,9121.5,56431.7,0.0,0.15,0.01,60.32,6014.38,5998.91,0.0,65.05,40.42
1788423967.674,143.13,ndvi_acquire_stac,1,2181.1,2181.1,19.9,38.7,9217.4,56335.9,0.0,0.15,0.01,60.91,6039.04,6020.21,0.0,65.05,40.42
1788423968.178,143.63,ndvi_acquire_stac,1,2181.1,2181.1,9.9,26.9,9079.1,56474.1,0.0,0.15,0.01,61.24,6063.02,6024.43,0.0,65.05,40.42
1788423968.68,144.14,ndvi_acquire_stac,1,2181.1,2181.1,27.9,25.1,8931.8,56621.4,0.0,0.15,0.01,61.76,6083.14,6058.3,0.0,65.05,40.42
1788423969.181,144.64,ndvi_acquire_stac,1,2181.1,2181.1,41.9,31.3,8869.9,56683.4,0.0,0.15,0.01,62.25,6104.4,6092.27,0.0,65.05,40.42
1788423969.683,145.14,ndvi_acquire_stac,1,2180.1,2180.1,14.0,37.0,9017.2,56536.0,0.0,0.15,0.01,62.7,6124.21,6104.3,0.0,65.05,40.42
1788423970.186,145.64,ndvi_acquire_stac,1,2179.9,2179.9,53.6,37.9,9224.3,56328.9,0.0,0.15,0.01,62.72,6141.15,6128.04,0.0,65.05,40.42
1788423970.882,146.34,ndvi_acquire_stac,1,2181.3,2181.3,87.6,40.9,8941.0,56612.3,0.0,0.15,0.01,63.35,6158.47,6139.72,0.0,65.05,40.42
1788423971.409,146.87,ndvi_acquire_stac,1,2205.6,2205.6,87.2,41.8,9106.7,56446.6,0.0,0.15,0.01,63.8,6166.52,6153.85,0.0,65.05,40.42
1788423971.98,147.44,ndvi_acquire_stac,1,2128.3,2128.3,108.6,41.3,9106.1,56447.1,0.0,0.15,0.01,63.8,6175.26,6162.37,0.0,65.05,40.42
1788423972.51,147.97,ndvi_acquire_stac,1,2177.2,2177.2,60.4,40.2,9206.4,56346.8,0.0,0.15,0.01,64.23,6183.13,6179.34,0.0,65.05,40.42
1788423973.011,148.47,ndvi_acquire_stac,1,2177.4,2177.4,10.0,32.7,9282.1,56271.1,0.0,0.15,0.01,64.23,6189.33,6179.38,0.0,65.05,40.42
1788423973.513,148.97,ndvi_acquire_stac,1,2177.4,2177.4,8.0,32.7,9189.9,56363.4,0.0,0.15,0.01,64.56,6195.48,6186.71,0.0,65.05,40.42
1788423974.018,149.47,ndvi_acquire_stac,1,2261.2,2261.2,71.3,38.7,9228.7,56324.6,0.0,0.15,0.01,64.56,6199.62,6195.18,0.0,65.05,40.42
1788423974.52,149.98,ndvi_acquire_stac,1,2177.3,2177.3,105.5,45.8,9272.3,56281.0,0.0,0.15,0.01,64.83,6205.55,6196.26,0.0,65.05,40.42
1788423975.029,150.49,ndvi_acquire_stac,1,2181.5,2181.5,35.4,32.5,9145.8,56407.5,0.0,0.15,0.01,64.83,6212.53,6204.76,0.0,65.05,40.42
1788423975.531,150.99,ndvi_acquire_stac,1,2185.4,2185.4,12.0,32.4,9329.3,56224.0,0.0,0.15,0.01,65.2,6224.53,6207.31,0.0,65.05,40.42
1788423976.032,151.49,ndvi_acquire_stac,1,2188.8,2188.8,23.9,31.6,9084.0,56469.2,0.0,0.15,0.01,65.2,6241.06,6229.77,0.0,65.05,40.42
1788423976.537,151.99,ndvi_acquire_stac,1,2192.6,2192.6,5.9,32.6,9040.6,56512.7,0.0,0.15,0.01,65.41,6260.29,6232.8,0.0,65.05,40.42
1788423977.038,152.49,ndvi_acquire_stac,1,2195.5,2195.5,19.9,36.2,9084.3,56469.0,0.0,0.16,0.01,65.41,6278.74,6258.21,0.0,65.05,40.42
1788423977.542,153.0,ndvi_acquire_stac,1,2195.5,2195.5,9.9,29.2,9112.8,56440.5,0.0,0.16,0.01,65.58,6291.9,6266.74,0.0,65.05,40.42
1788423978.044,153.5,ndvi_acquire_stac,1,2195.5,2195.5,23.9,33.3,9043.0,56510.2,0.0,0.16,0.01,65.58,6317.44,6289.74,0.0,65.05,40.42
1788423978.553,154.01,ndvi_acquire_stac,1,2195.6,2195.6,35.3,31.0,9101.9,56451.3,0.0,0.16,0.01,65.91,6340.6,6326.14,0.0,65.05,40.42
1788423979.055,154.51,ndvi_acquire_stac,1,2195.6,2195.6,6.0,34.1,9165.6,56387.6,0.0,0.16,0.01,66.54,6362.08,6326.21,0.0,65.05,40.42
1788423979.556,155.01,ndvi_acquire_stac,1,2195.6,2195.6,21.9,34.1,9011.9,56541.4,0.0,0.16,0.01,67.1,6382.77,6360.01,0.0,65.05,40.42
1788423980.057,155.51,ndvi_acquire_stac,1,2195.6,2195.6,19.9,34.4,9099.2,56454.0,0.0,0.16,0.01,67.15,6405.18,6377.01,0.0,65.05,40.42
1788423980.559,156.01,ndvi_acquire_stac,1,2195.6,2195.6,19.9,33.3,9011.6,56541.7,0.0,0.16,0.01,67.44,6427.28,6402.49,0.0,65.05,40.42
1788423981.06,156.52,ndvi_acquire_stac,1,2195.6,2195.6,31.9,34.5,8940.3,56613.0,0.0,0.16,0.01,67.53,6447.19,6427.97,0.0,65.05,40.42
1788423981.565,157.02,ndvi_acquire_stac,1,2195.6,2195.6,13.9,34.3,9126.4,56426.9,0.0,0.16,0.01,67.73,6467.55,6444.93,0.0,65.05,40.42
1788423982.066,157.52,ndvi_acquire_stac,1,2195.5,2195.5,35.9,31.7,8950.5,56602.8,0.0,0.16,0.01,67.74,6489.43,6454.92,0.0,65.05,40.42
1788423982.677,158.13,ndvi_acquire_stac,1,2188.7,2188.7,137.5,44.4,9144.3,56409.0,0.0,0.16,0.01,67.81,6505.63,6486.35,0.0,65.05,40.42
1788423983.27,158.73,ndvi_acquire_stac,1,2166.7,2166.7,111.3,35.2,9038.4,56514.9,0.0,0.16,0.01,68.09,6515.81,6505.07,0.0,65.05,40.42
1788423983.777,159.23,ndvi_acquire_stac,1,2258.8,2258.8,153.8,37.0,9229.8,56323.4,0.0,0.16,0.03,68.09,6528.02,6511.26,0.0,65.05,40.42
1788423984.526,159.98,ndvi_acquire_stac,1,2177.2,2177.2,84.1,43.4,9275.3,56278.0,0.0,0.16,0.03,68.55,6533.03,6527.24,0.0,65.05,40.42
1788423985.049,160.51,ndvi_acquire_stac,1,2177.0,2177.0,116.7,39.7,9246.3,56307.0,0.0,0.16,0.03,69.02,6536.7,6536.08,0.0,65.05,40.42
1788423985.58,161.04,ndvi_acquire_stac,1,2389.2,2389.2,329.6,46.0,9555.4,55997.9,0.0,0.16,0.03,70.14,6541.27,6536.22,0.0,65.05,40.42
1788423987.129,162.59,ndvi_acquire_stac,1,2198.7,2198.7,85.2,44.6,9477.3,56075.9,0.0,0.16,0.05,70.57,6541.28,6538.59,0.0,65.05,40.42
1788423988.267,163.72,ndvi_acquire_stac,1,2314.7,2314.7,72.1,48.9,9608.7,55944.5,0.0,0.17,0.05,70.92,6541.41,6546.08,0.0,65.05,40.42
1788423988.79,164.25,ndvi_acquire_stac,1,2395.1,2395.1,324.8,45.1,9753.5,55799.7,0.0,0.17,0.05,71.98,6542.27,6546.1,0.0,65.05,40.42
1788423990.597,166.05,ndvi_acquire_stac,1,2241.5,2241.5,54.8,44.2,9498.2,56055.1,0.0,0.17,0.05,72.41,6545.33,6546.14,0.0,65.05,40.42
1788423991.199,166.66,ndvi_acquire_stac,1,2342.6,2342.6,146.1,42.3,9315.8,56237.5,0.0,0.17,0.05,72.84,6555.61,6546.59,0.0,65.05,40.42
1788423992.013,167.47,ndvi_acquire_stac,1,2261.6,2261.6,9.8,33.6,9264.1,56289.2,0.0,0.17,0.05,72.93,6563.45,6556.93,0.0,65.05,40.42
1788423992.514,167.97,ndvi_acquire_stac,1,2261.7,2261.7,12.0,34.8,9310.5,56242.8,0.0,0.17,0.05,73.41,6575.62,6565.44,0.0,65.05,40.42
1788423993.016,168.47,ndvi_acquire_stac,1,2261.7,2261.7,10.0,34.7,9299.5,56253.7,0.0,0.17,0.05,73.42,6590.26,6569.99,0.0,65.05,40.42
1788423993.518,168.97,ndvi_acquire_stac,1,2265.4,2265.4,15.9,33.8,9243.4,56309.9,0.0,0.17,0.05,74.03,6613.75,6588.66,0.0,65.05,40.42
1788423994.022,169.48,ndvi_acquire_stac,1,2271.3,2271.3,13.9,32.3,9170.4,56382.9,0.0,0.17,0.05,74.03,6631.42,6603.87,0.0,65.05,40.42
1788423994.523,169.98,ndvi_acquire_stac,1,2278.4,2278.4,29.9,38.0,9145.5,56407.8,0.0,0.17,0.05,75.19,6659.15,6637.78,0.0,65.05,40.42
1788423995.025,170.48,ndvi_acquire_stac,1,2288.6,2288.6,17.9,34.3,9101.1,56452.1,0.0,0.17,0.05,75.19,6686.14,6651.12,0.0,65.05,40.42
1788423995.528,170.98,ndvi_acquire_stac,1,2296.3,2296.3,39.7,39.4,9105.6,56447.7,0.0,0.17,0.05,75.64,6720.84,6697.15,0.0,65.05,40.42
1788423996.03,171.49,ndvi_acquire_stac,1,2300.4,2300.4,12.0,32.6,9178.8,56374.4,0.0,0.17,0.05,75.64,6745.08,6705.67,0.0,65.05,40.42
1788423996.532,171.99,ndvi_acquire_stac,1,2302.8,2302.8,41.9,33.1,8947.7,56605.6,0.0,0.17,0.05,76.04,6773.22,6756.7,0.0,65.05,40.42
1788423997.033,172.49,ndvi_acquire_stac,1,2302.8,2302.8,19.9,36.1,9057.4,56495.8,0.0,0.18,0.05,76.11,6803.43,6773.69,0.0,65.05,40.42
1788423997.535,172.99,ndvi_acquire_stac,1,2302.8,2302.8,21.9,36.4,9092.6,56460.7,0.0,0.18,0.05,77.46,6827.52,6799.18,0.0,65.05,40.42
1788423998.036,173.49,ndvi_acquire_stac,1,2302.8,2302.8,27.9,35.5,9105.9,56447.4,0.0,0.18,0.05,77.65,6851.62,6833.16,0.0,65.05,40.42
1788423998.538,173.99,ndvi_acquire_stac,1,2302.8,2302.8,10.0,34.2,9215.2,56338.0,0.0,0.18,0.05,78.04,6877.73,6841.7,0.0,65.05,40.42
1788423999.04,174.5,ndvi_acquire_stac,1,2302.8,2302.8,25.9,30.5,9108.5,56444.8,0.0,0.18,0.05,78.14,6899.24,6875.7,0.0,65.05,40.42
1788423999.541,175.0,ndvi_acquire_stac,1,2302.8,2302.8,17.9,23.8,9169.3,56384.0,0.0,0.18,0.05,79.9,6919.48,6892.75,0.0,65.05,40.42
1788424000.042,175.5,ndvi_acquire_stac,1,2302.8,2302.8,23.9,31.0,9289.8,56263.4,0.0,0.18,0.05,79.9,6944.52,6918.28,0.0,65.05,40.42
1788424000.544,176.0,ndvi_acquire_stac,1,2302.8,2302.8,15.9,33.9,9141.8,56411.5,0.0,0.18,0.05,80.19,6968.41,6935.31,0.0,65.05,40.42
1788424001.046,176.5,ndvi_acquire_stac,1,2302.8,2302.8,33.9,35.7,9171.1,56382.1,0.0,0.18,0.05,80.19,6989.91,6969.3,0.0,65.05,40.42
1788424001.547,177.0,ndvi_acquire_stac,1,2302.8,2302.8,16.0,31.0,9052.6,56500.6,0.0,0.18,0.05,80.65,7014.01,6986.33,0.0,65.05,40.42
1788424002.049,177.5,ndvi_acquire_stac,1,2302.8,2302.8,16.0,34.0,8996.2,56557.0,0.0,0.18,0.05,80.73,7038.73,7003.38,0.0,65.05,40.42
1788424002.55,178.01,ndvi_acquire_stac,1,2302.8,2302.8,33.9,34.6,8846.0,56707.3,0.0,0.18,0.05,81.2,7059.26,7045.82,0.0,65.05,40.42
1788424003.052,178.51,ndvi_acquire_stac,1,2302.8,2302.8,16.0,35.8,9012.0,56541.2,0.0,0.18,0.05,81.2,7083.1,7062.86,0.0,65.05,40.42
1788424003.553,179.01,ndvi_acquire_stac,1,2302.8,2302.8,10.0,35.5,9123.8,56429.4,0.0,0.18,0.05,81.65,7102.86,7071.41,0.0,65.05,40.42
1788424004.055,179.51,ndvi_acquire_stac,1,2302.8,2302.8,21.9,31.5,9158.1,56395.2,0.0,0.18,0.05,81.65,7124.23,7096.8,0.0,65.05,40.42
1788424004.556,180.01,ndvi_acquire_stac,1,2302.8,2302.8,23.9,34.6,9026.9,56526.4,0.0,0.18,0.05,82.2,7147.64,7127.37,0.0,65.05,40.42
1788424005.061,180.52,ndvi_acquire_stac,1,2302.8,2302.8,17.8,34.5,8959.4,56593.9,0.0,0.18,0.05,82.2,7167.47,7148.58,0.0,65.05,40.42
1788424005.563,181.02,ndvi_acquire_stac,1,2302.8,2302.8,15.9,36.0,9035.3,56518.0,0.0,0.18,0.05,82.4,7188.35,7165.54,0.0,65.05,40.42
1788424006.064,181.52,ndvi_acquire_stac,1,2302.7,2302.7,21.9,32.3,9089.0,56464.3,0.0,0.18,0.05,82.4,7208.15,7195.41,0.0,65.05,40.42
1788424006.568,182.02,ndvi_acquire_stac,1,2302.7,2302.7,6.0,32.9,9058.7,56494.6,0.0,0.18,0.05,82.62,7226.18,7198.62,0.0,65.05,40.42
1788424007.069,182.53,ndvi_acquire_stac,1,2302.7,2302.7,41.9,35.1,9123.7,56429.5,0.0,0.18,0.05,82.74,7244.92,7241.04,0.0,65.05,40.42
1788424007.571,183.03,ndvi_acquire_stac,1,2302.6,2302.6,12.0,33.6,9120.4,56432.9,0.0,0.18,0.05,82.98,7261.16,7250.46,0.0,65.05,40.42
1788424008.072,183.53,ndvi_acquire_stac,1,2302.6,2302.6,6.0,35.3,9158.3,56395.0,0.0,0.18,0.05,82.98,7274.87,7258.08,0.0,65.05,40.42
1788424008.574,184.03,ndvi_acquire_stac,1,2302.5,2302.5,81.7,40.3,9091.7,56461.6,0.0,0.18,0.05,83.35,7286.31,7284.48,0.0,65.05,40.42
1788424009.075,184.53,ndvi_acquire_stac,1,2301.2,2301.2,91.8,39.8,9162.4,56390.8,0.0,0.18,0.05,83.36,7292.6,7292.66,0.0,65.05,40.42
1788424009.59,185.05,ndvi_acquire_stac,1,2378.9,2378.9,211.6,45.3,9365.8,56187.4,0.0,0.18,0.05,83.87,7307.46,7293.01,0.0,65.05,40.42
1788424010.593,186.05,ndvi_acquire_stac,1,2301.0,2301.0,71.9,41.4,9293.3,56259.9,0.0,0.18,0.05,84.11,7314.14,7297.15,0.0,65.05,40.42
1788424011.127,186.58,ndvi_acquire_stac,1,2300.9,2300.9,89.8,42.3,9368.9,56184.4,0.0,0.18,0.05,84.11,7319.64,7310.95,0.0,65.05,40.42
1788424011.638,187.09,ndvi_acquire_stac,1,2300.9,2300.9,237.0,41.6,9283.7,56269.5,0.0,0.18,0.05,84.64,7326.12,7320.4,0.0,65.05,40.42
1788424012.659,188.12,ndvi_acquire_stac,1,2340.7,2340.7,31.3,40.9,9318.8,56234.4,0.0,0.18,0.05,85.3,7328.02,7327.09,0.0,65.05,40.42
1788424013.168,188.62,ndvi_acquire_stac,1,2432.3,2432.3,141.4,43.8,9443.4,56109.9,0.0,0.18,0.05,85.75,7329.73,7329.14,0.0,65.05,40.42
1788424013.894,189.35,ndvi_acquire_stac,1,2358.8,2358.8,74.4,42.0,9347.8,56205.5,0.0,0.18,0.05,85.76,7330.48,7334.77,0.0,65.05,40.42
1788424014.398,189.85,ndvi_acquire_stac,1,2359.1,2359.1,164.5,45.4,9339.7,56213.5,0.0,0.18,0.05,85.94,7334.49,7334.79,0.0,65.05,40.42
1788424015.114,190.57,ndvi_acquire_stac,1,2409.5,2409.5,104.8,43.1,9399.0,56154.3,0.0,0.18,0.05,86.37,7349.58,7336.51,0.0,65.05,40.42
1788424015.876,191.33,ndvi_acquire_stac,1,2439.6,2439.6,69.6,44.6,9366.5,56186.7,0.0,0.18,0.05,86.43,7361.36,7339.46,0.0,65.05,40.42
1788424016.38,191.84,ndvi_acquire_stac,1,2390.9,2390.9,121.0,43.8,9371.9,56181.3,0.0,0.18,0.05,86.66,7378.65,7343.93,0.0,65.05,40.42
1788424016.95,192.41,ndvi_acquire_stac,1,2400.3,2400.3,36.8,38.1,9367.8,56185.5,0.0,0.18,0.05,87.01,7391.93,7381.92,0.0,65.05,40.42
1788424017.452,192.91,ndvi_acquire_stac,1,2400.3,2400.3,16.0,35.9,9353.7,56199.5,0.0,0.18,0.05,87.16,7409.87,7390.45,0.0,65.05,40.42
1788424017.953,193.41,ndvi_acquire_stac,1,2400.4,2400.4,27.9,39.4,9338.3,56214.9,0.0,0.18,0.05,87.16,7428.33,7418.19,0.0,65.05,40.42
1788424018.455,193.91,ndvi_acquire_stac,1,2400.5,2400.5,16.0,36.4,9339.0,56214.2,0.0,0.18,0.05,87.64,7450.51,7435.21,0.0,65.05,40.42
1788424018.956,194.41,ndvi_acquire_stac,1,2400.5,2400.5,15.9,27.8,8996.1,56557.2,0.0,0.18,0.05,87.74,7473.36,7452.23,0.0,65.05,40.42
1788424019.458,194.91,ndvi_acquire_stac,1,2400.5,2400.5,23.9,36.5,9157.5,56395.8,0.0,0.18,0.05,88.3,7497.47,7477.71,0.0,65.05,40.42
1788424019.959,195.42,ndvi_acquire_stac,1,2404.2,2404.2,16.0,32.4,9016.3,56536.9,0.0,0.18,0.05,88.3,7527.52,7494.72,0.0,65.05,40.42
1788424020.463,195.92,ndvi_acquire_stac,1,2412.4,2412.4,25.8,35.0,9153.0,56400.3,0.0,0.18,0.05,88.47,7553.93,7528.72,0.0,65.05,40.42
1788424020.964,196.42,ndvi_acquire_stac,1,2418.8,2418.8,29.9,35.3,9309.6,56243.7,0.0,0.18,0.05,88.56,7579.83,7554.23,0.0,65.05,40.42
1788424021.466,196.92,ndvi_acquire_stac,1,2424.7,2424.7,29.9,38.0,9438.0,56115.3,0.0,0.18,0.05,88.95,7605.29,7579.72,0.0,65.05,40.42
1788424021.968,197.42,ndvi_acquire_stac,1,2425.7,2425.7,23.9,34.9,9524.5,56028.8,0.0,0.18,0.05,89.13,7631.33,7605.13,0.0,65.05,40.42
1788424022.469,197.93,ndvi_acquire_stac,1,2425.7,2425.7,19.9,35.4,9626.0,55927.2,0.0,0.18,0.05,89.52,7656.91,7622.11,0.0,65.05,40.42
1788424022.971,198.43,ndvi_acquire_stac,1,2425.7,2425.7,21.9,34.2,9556.6,55996.7,0.0,0.18,0.05,89.52,7681.02,7649.65,0.0,65.05,40.42
1788424023.477,198.93,ndvi_acquire_stac,1,2425.7,2425.7,21.7,37.1,9523.5,56029.8,0.0,0.18,0.05,89.83,7704.3,7672.96,0.0,65.05,40.42
1788424023.979,199.44,ndvi_acquire_stac,1,2425.7,2425.7,31.9,33.3,9423.9,56129.3,0.0,0.18,0.05,89.83,7729.61,7706.92,0.0,65.05,40.42
1788424024.481,199.94,ndvi_acquire_stac,1,2425.7,2425.7,23.9,35.3,9545.4,56007.9,0.0,0.18,0.05,90.72,7753.48,7732.41,0.0,65.05,40.42
1788424024.982,200.44,ndvi_acquire_stac,1,2425.7,2425.7,12.0,33.8,9361.5,56191.8,0.0,0.18,0.05,90.75,7776.79,7740.95,0.0,65.05,40.42
1788424025.484,200.94,ndvi_acquire_stac,1,2425.7,2425.7,31.9,38.0,9332.2,56221.1,0.0,0.18,0.05,91.45,7801.49,7779.01,0.0,65.05,40.42
1788424025.989,201.45,ndvi_acquire_stac,1,2425.7,2425.7,17.8,33.1,9336.8,56216.4,0.0,0.18,0.05,91.45,7826.2,7800.31,0.0,65.05,40.42
1788424026.491,201.95,ndvi_acquire_stac,1,2425.7,2425.7,16.0,36.1,9458.2,56095.0,0.0,0.18,0.05,91.8,7851.47,7817.25,0.0,65.05,40.42
1788424026.993,202.45,ndvi_acquire_stac,1,2425.7,2425.7,17.9,34.2,9328.5,56224.7,0.0,0.18,0.05,93.13,7873.84,7834.23,0.0,65.05,40.42
1788424027.494,202.95,ndvi_acquire_stac,1,2425.7,2425.7,33.9,37.5,9171.0,56382.3,0.0,0.18,0.05,95.2,7898.92,7876.61,0.0,65.05,40.42
1788424027.995,203.45,ndvi_acquire_stac,1,2425.7,2425.7,23.9,33.0,9075.9,56477.3,0.0,0.18,0.05,97.71,7926.87,7899.72,0.0,65.05,40.42
1788424028.497,203.95,ndvi_acquire_stac,1,2425.7,2425.7,10.0,31.4,9139.7,56413.6,0.0,0.18,0.05,99.05,7948.96,7910.62,0.0,65.05,40.42
1788424028.998,204.45,ndvi_acquire_stac,1,2425.7,2425.7,33.9,35.7,9153.5,56399.7,0.0,0.18,0.05,100.18,7972.65,7952.96,0.0,65.05,40.42
1788424029.499,204.96,ndvi_acquire_stac,1,2425.7,2425.7,25.9,35.5,9043.9,56509.3,0.0,0.18,0.05,102.13,7997.04,7980.63,0.0,65.05,40.42
1788424030.001,205.46,ndvi_acquire_stac,1,2425.7,2425.7,4.0,32.1,8948.1,56605.1,0.0,0.19,0.05,102.54,8013.7,7982.9,0.0,65.05,40.42
1788424030.502,205.96,ndvi_acquire_stac,1,2425.7,2425.7,25.9,35.1,9043.5,56509.7,0.0,0.19,0.05,104.59,8034.37,8016.82,0.0,65.05,40.42
1788424031.004,206.46,ndvi_acquire_stac,1,2425.7,2425.7,27.9,36.8,9223.9,56329.4,0.0,0.19,0.05,105.16,8053.72,8047.43,0.0,65.05,40.42
1788424031.505,206.96,ndvi_acquire_stac,1,2441.5,2441.5,51.9,37.2,9268.7,56284.6,0.0,0.19,0.05,105.8,8070.43,8055.94,0.0,65.05,40.42
1788424032.011,207.47,ndvi_acquire_stac,1,2425.5,2425.5,158.2,44.9,9202.1,56351.1,0.0,0.19,0.05,106.7,8093.89,8057.77,0.0,65.05,40.42
1788424032.786,208.24,ndvi_acquire_stac,1,2425.5,2425.5,82.6,46.3,9263.9,56289.4,0.0,0.19,0.05,107.62,8108.61,8075.1,0.0,65.05,40.42
1788424033.323,208.78,ndvi_acquire_stac,1,2426.2,2426.2,135.9,42.9,9118.2,56435.0,0.0,0.19,0.05,109.12,8132.07,8115.26,0.0,65.05,40.42
1788424034.195,209.65,ndvi_acquire_stac,1,2436.7,2436.7,65.3,39.4,9067.0,56486.3,0.0,0.19,0.05,109.72,8142.58,8137.08,0.0,65.05,40.42
1788424034.697,210.15,ndvi_acquire_stac,1,2453.0,2453.0,73.8,39.0,9255.4,56297.8,0.0,0.19,0.05,113.68,8149.72,8146.51,0.0,65.05,40.42
1788424035.202,210.66,ndvi_acquire_stac,1,2516.7,2516.7,158.4,43.9,9388.2,56165.0,0.0,0.19,0.05,114.71,8161.69,8147.15,0.0,65.05,40.42
1788424035.958,211.41,ndvi_acquire_stac,1,2437.0,2437.0,74.1,43.4,9203.3,56349.9,0.0,0.19,0.05,115.17,8171.01,8167.36,0.0,65.05,40.42
1788424036.461,211.92,ndvi_acquire_stac,1,2455.8,2455.8,150.8,43.6,9114.5,56438.8,0.0,0.19,0.05,116.03,8185.2,8170.61,0.0,65.05,40.42
1788424037.25,212.71,ndvi_acquire_stac,1,2462.3,2462.3,121.7,44.7,9220.5,56332.7,0.0,0.19,0.05,116.83,8210.07,8191.21,0.0,65.05,40.42
1788424038.301,213.76,ndvi_acquire_stac,1,2486.4,2486.4,108.5,44.6,9114.2,56439.0,0.0,0.19,0.05,118.21,8240.73,8217.75,0.0,65.05,40.42
1788424039.073,214.53,ndvi_acquire_stac,1,2526.3,2526.3,132.2,41.6,9441.7,56111.6,0.0,0.19,0.05,119.42,8278.42,8234.92,0.0,65.05,40.42
1788424040.214,215.67,ndvi_acquire_stac,1,2603.5,2603.5,108.6,42.7,9516.8,56036.5,0.0,0.19,0.05,120.32,8319.77,8269.18,0.0,65.05,40.42
1788424041.163,216.62,ndvi_acquire_stac,1,2537.3,2537.3,51.7,28.5,9236.9,56316.3,0.0,0.19,0.05,120.78,8355.3,8324.07,0.0,65.05,40.42
1788424041.664,217.12,ndvi_acquire_stac,1,2544.3,2544.3,27.9,34.7,9272.7,56280.6,0.0,0.19,0.05,121.48,8390.9,8341.15,0.0,65.05,40.42
1788424042.166,217.62,ndvi_acquire_stac,1,2552.5,2552.5,23.9,37.2,9306.9,56246.4,0.0,0.19,0.05,121.93,8429.05,8363.5,0.0,65.05,40.42
1788424042.669,218.13,ndvi_acquire_stac,1,2565.6,2565.6,67.6,36.3,9076.9,56476.3,0.0,0.19,0.05,122.24,8467.27,8434.57,0.0,65.05,40.42
1788424043.17,218.63,ndvi_acquire_stac,1,2578.6,2578.6,21.9,34.4,9292.3,56261.0,0.0,0.19,0.05,122.84,8511.8,8451.69,0.0,65.05,40.42
1788424043.672,219.13,ndvi_acquire_stac,1,2593.6,2593.6,33.9,35.5,9289.0,56264.2,0.0,0.19,0.05,123.61,8567.07,8485.75,0.0,65.05,40.42
1788424044.174,219.63,ndvi_acquire_stac,1,2595.1,2595.1,111.5,46.4,9344.0,56209.2,0.0,0.19,0.05,124.15,8617.88,8578.05,0.0,65.05,40.42
1788424044.679,220.13,ndvi_acquire_stac,1,2595.2,2595.2,29.7,32.1,9150.5,56402.8,0.0,0.19,0.05,124.68,8666.97,8604.63,0.0,65.05,40.42
1788424045.18,220.64,ndvi_acquire_stac,1,2595.2,2595.2,37.9,24.8,9024.8,56528.5,0.0,0.19,0.05,125.02,8723.4,8645.07,0.0,65.05,40.42
1788424045.683,221.14,ndvi_acquire_stac,1,2599.8,2599.8,99.4,33.1,9111.8,56441.5,0.0,0.19,0.05,125.59,8772.22,8723.58,0.0,65.05,40.42
1788424046.185,221.64,ndvi_acquire_stac,1,2601.8,2601.8,33.9,34.9,9192.6,56360.7,0.0,0.19,0.05,126.34,8821.24,8757.63,0.0,65.05,40.42
1788424046.686,222.14,ndvi_acquire_stac,1,2605.2,2605.2,43.9,46.0,9315.4,56237.8,0.0,0.19,0.05,126.78,8870.68,8794.19,0.0,65.05,40.42
1788424047.189,222.65,ndvi_acquire_stac,1,2606.0,2606.0,61.6,42.0,9366.4,56186.8,0.0,0.19,0.05,127.57,8917.03,8867.73,0.0,65.05,40.42
1788424047.697,223.15,ndvi_acquire_stac,1,2607.4,2607.4,39.4,40.6,9475.1,56078.2,0.0,0.19,0.05,128.36,8961.27,8907.58,0.0,65.05,40.42
1788424048.202,223.66,ndvi_acquire_stac,1,2610.2,2610.2,29.7,34.7,9377.1,56176.2,0.0,0.19,0.05,128.53,9007.65,8935.86,0.0,65.05,40.42
1788424048.703,224.16,ndvi_acquire_stac,1,2613.3,2613.3,53.8,42.6,9474.6,56078.6,0.0,0.19,0.05,129.56,9053.78,8995.22,0.0,65.05,40.42
1788424049.205,224.66,ndvi_acquire_stac,1,2614.4,2614.4,65.8,38.9,9560.1,55993.2,0.0,0.19,0.05,129.86,9096.77,9046.16,0.0,65.05,40.42
1788424049.707,225.16,ndvi_acquire_stac,1,2614.4,2614.4,41.8,37.2,9480.9,56072.4,0.0,0.19,0.05,130.37,9147.45,9083.78,0.0,65.05,40.42
1788424050.227,225.68,ndvi_acquire_stac,1,2614.4,2614.4,48.1,38.1,9476.6,56076.6,0.0,0.19,0.05,130.72,9188.61,9131.01,0.0,65.05,40.42
1788424050.729,226.19,ndvi_acquire_stac,1,2614.4,2614.4,39.9,36.4,9382.6,56170.6,0.0,0.19,0.05,131.31,9239.67,9164.97,0.0,65.05,40.42
1788424051.232,226.69,ndvi_acquire_stac,1,2614.4,2614.4,87.4,42.0,9350.6,56202.6,0.0,0.19,0.05,131.78,9284.93,9241.31,0.0,65.05,40.42
1788424051.734,227.19,ndvi_acquire_stac,1,2614.4,2614.4,25.9,35.5,9411.6,56141.6,0.0,0.19,0.05,132.42,9331.66,9267.33,0.0,65.05,40.42
1788424052.235,227.69,ndvi_acquire_stac,1,2614.4,2614.4,61.8,39.3,9386.0,56167.2,0.0,0.19,0.05,132.84,9378.91,9330.7,0.0,65.05,40.42
1788424052.741,228.2,ndvi_acquire_stac,1,2614.4,2614.4,43.5,39.2,9286.8,56266.4,0.0,0.19,0.05,133.45,9427.01,9373.1,0.0,65.05,40.42
1788424053.245,228.7,ndvi_acquire_stac,1,2614.4,2614.4,57.6,40.5,9284.2,56269.0,0.0,0.19,0.05,133.82,9479.03,9422.3,0.0,65.05,40.42
1788424053.771,229.23,ndvi_acquire_stac,1,2618.5,2618.5,58.9,39.7,9349.5,56203.7,0.0,0.19,0.05,134.6,9526.28,9482.56,0.0,65.05,40.42
1788424054.296,229.75,ndvi_acquire_stac,1,2618.5,2618.5,32.4,33.7,9369.9,56183.3,0.0,0.2,0.05,134.98,9574.8,9509.09,0.0,65.05,40.42
1788424054.798,230.25,ndvi_acquire_stac,1,2618.5,2618.5,53.8,38.4,9279.9,56273.3,0.0,0.2,0.05,135.39,9618.5,9568.54,0.0,65.05,40.42
1788424055.3,230.76,ndvi_acquire_stac,1,2618.4,2618.4,65.8,41.1,9365.4,56187.9,0.0,0.2,0.05,135.75,9658.71,9628.18,0.0,65.05,40.42
1788424055.804,231.26,ndvi_acquire_stac,1,2618.4,2618.4,23.8,33.4,9531.5,56021.7,0.0,0.2,0.05,139.48,9701.49,9648.35,0.0,65.05,40.42
1788424056.308,231.76,ndvi_acquire_stac,1,2618.4,2618.4,27.7,34.3,9592.6,55960.6,0.0,0.2,0.05,139.85,9744.88,9673.82,0.0,65.05,40.42
1788424056.81,232.27,ndvi_acquire_stac,1,2618.4,2618.4,89.7,41.5,9667.6,55885.9,0.0,0.2,0.05,140.81,9781.15,9756.72,0.0,65.05,40.42
1788424057.313,232.77,ndvi_acquire_stac,1,2618.2,2618.2,25.8,34.6,9420.2,56133.1,0.0,0.2,0.05,141.5,9813.23,9781.29,0.0,65.05,40.42
1788424057.815,233.27,ndvi_acquire_stac,1,2618.1,2618.1,29.9,36.8,9503.7,56049.5,0.0,0.2,0.05,142.15,9835.86,9810.35,0.0,65.05,40.42
1788424058.316,233.77,ndvi_acquire_stac,1,2617.7,2617.7,115.7,41.7,9404.5,56148.8,0.0,0.2,0.05,142.86,9855.57,9828.41,0.0,65.05,40.42
1788424058.856,234.31,ndvi_acquire_stac,1,2617.6,2617.6,125.9,44.1,9391.9,56161.3,0.0,0.2,0.05,143.38,9874.15,9867.88,0.0,65.05,40.42
1788424059.382,234.84,ndvi_acquire_stac,1,2612.6,2612.6,142.6,40.6,9314.8,56238.4,0.0,0.2,0.05,144.22,9893.71,9876.41,0.0,65.05,40.42
1788424060.33,235.79,ndvi_acquire_stac,1,2612.5,2612.5,109.8,48.9,9490.7,56062.6,0.0,0.2,0.05,144.65,9906.1,9897.89,0.0,65.05,40.42
1788424060.85,236.31,ndvi_acquire_stac,1,2640.8,2640.8,165.3,50.6,9589.9,55963.4,0.0,0.2,0.05,145.2,9913.37,9919.14,0.0,65.05,40.42
1788424061.366,236.82,ndvi_acquire_stac,1,2684.1,2684.1,139.5,43.6,9458.7,56094.6,0.0,0.2,0.05,145.94,9921.68,9919.15,0.0,65.05,40.42
1788424061.917,237.37,ndvi_acquire_stac,1,2612.4,2612.4,125.2,48.0,9468.4,56084.8,0.0,0.2,0.05,146.37,9929.13,9927.67,0.0,65.05,40.42
1788424062.419,237.88,ndvi_acquire_stac,1,2612.6,2612.6,25.9,34.4,9421.0,56132.3,0.0,0.2,0.05,147.19,9937.28,9938.24,0.0,65.05,40.42
1788424062.92,238.38,ndvi_acquire_stac,1,2612.7,2612.7,12.0,32.6,9350.6,56202.7,0.0,0.2,0.05,147.57,9939.8,9950.11,0.0,65.05,40.42
1788424063.422,238.88,ndvi_acquire_stac,1,2602.3,2602.3,93.7,43.4,9427.4,56126.0,0.0,0.2,0.05,148.0,9944.69,9950.12,0.0,65.05,40.42
1788424063.933,239.39,ndvi_acquire_stac,1,2518.7,2518.7,187.9,42.8,9491.8,56061.5,0.0,0.2,0.05,148.11,9962.03,9950.23,0.0,65.05,40.42
1788424064.79,240.25,ndvi_acquire_stac,1,2521.2,2521.2,71.2,44.5,9294.9,56258.5,0.0,0.2,0.05,148.37,9981.5,9966.37,0.0,65.05,40.42
1788424065.292,240.75,ndvi_acquire_stac,1,2526.0,2526.0,135.5,47.6,9520.5,56032.9,0.0,0.2,0.05,148.51,10007.53,9968.26,0.0,65.05,40.42
1788424065.817,241.27,ndvi_acquire_stac,1,2534.9,2534.9,142.7,49.2,9548.4,56004.9,0.0,0.2,0.05,148.52,10031.37,10002.27,0.0,65.05,40.42
1788424066.546,242.0,ndvi_acquire_stac,1,2543.2,2543.2,130.5,46.5,9672.5,55880.8,0.0,0.2,0.05,148.7,10070.55,10032.15,0.0,65.05,40.42
1788424067.104,242.56,ndvi_acquire_stac,1,2549.7,2549.7,127.2,46.1,9671.2,55882.1,0.0,0.2,0.05,148.81,10093.5,10061.83,0.0,65.05,40.42
1788424067.605,243.06,ndvi_acquire_stac,1,2532.9,2532.9,87.8,40.2,9706.0,55847.3,0.0,0.2,0.05,149.63,10121.6,10104.28,0.0,65.05,40.42
1788424068.107,243.56,ndvi_acquire_stac,1,2533.1,2533.1,23.9,36.5,9756.6,55796.7,0.0,0.2,0.05,149.8,10160.06,10121.37,0.0,65.05,40.42
1788424068.608,244.06,ndvi_acquire_stac,1,2534.5,2534.5,29.9,34.8,9617.1,55936.2,0.0,0.2,0.05,150.46,10197.59,10143.65,0.0,65.05,40.42
1788424069.113,244.57,ndvi_acquire_stac,1,2540.1,2540.1,63.4,37.2,9565.0,55988.4,0.0,0.2,0.05,150.46,10240.85,10214.65,0.0,65.05,40.42
1788424069.615,245.07,ndvi_acquire_stac,1,2553.7,2553.7,21.9,34.8,9447.0,56106.3,0.0,0.2,0.05,150.68,10283.51,10231.72,0.0,65.05,40.42
1788424070.116,245.57,ndvi_acquire_stac,1,2559.7,2559.7,57.8,43.3,9493.7,56059.6,0.0,0.2,0.05,150.68,10325.58,10291.06,0.0,65.05,40.42
1788424070.618,246.07,ndvi_acquire_stac,1,2565.2,2565.2,27.9,30.1,9186.0,56367.3,0.0,0.2,0.05,150.85,10373.8,10316.56,0.0,65.05,40.42
1788424071.12,246.58,ndvi_acquire_stac,1,2568.8,2568.8,75.6,38.9,9262.0,56291.3,0.0,0.2,0.05,151.01,10426.03,10377.36,0.0,65.05,40.42
1788424071.632,247.09,ndvi_acquire_stac,1,2571.3,2571.3,52.7,41.0,9396.8,56156.5,0.0,0.2,0.05,151.48,10477.8,10426.92,0.0,65.05,40.42
1788424072.134,247.59,ndvi_acquire_stac,1,2571.4,2571.4,47.9,36.3,9393.2,56160.2,0.0,0.2,0.05,151.54,10531.98,10477.85,0.0,65.05,40.42
1788424072.636,248.09,ndvi_acquire_stac,1,2571.4,2571.4,61.8,41.5,9502.6,56050.7,0.0,0.2,0.05,151.97,10589.85,10530.65,0.0,65.05,40.42
1788424073.156,248.61,ndvi_acquire_stac,1,2575.4,2575.4,69.2,37.8,9538.3,56015.0,0.0,0.2,0.05,152.29,10643.37,10596.75,0.0,65.05,40.42
1788424073.657,249.11,ndvi_acquire_stac,1,2575.4,2575.4,35.9,36.9,9597.3,55956.0,0.0,0.2,0.05,154.17,10691.9,10632.83,0.0,65.05,40.42
1788424074.162,249.62,ndvi_acquire_stac,1,2575.4,2575.4,47.6,35.6,9317.0,56236.3,0.0,0.2,0.05,154.28,10741.21,10684.68,0.0,65.05,40.42
1788424074.671,250.13,ndvi_acquire_stac,1,2575.4,2575.4,43.2,37.4,9498.7,56054.6,0.0,0.2,0.05,154.36,10793.04,10732.74,0.0,65.05,40.42
1788424075.172,250.63,ndvi_acquire_stac,1,2575.4,2575.4,55.8,40.0,9358.7,56194.7,0.0,0.2,0.05,154.39,10840.95,10784.77,0.0,65.05,40.42
1788424075.675,251.13,ndvi_acquire_stac,1,2575.4,2575.4,37.8,44.3,9417.7,56135.6,0.0,0.2,1.57,154.51,10888.2,10826.2,0.0,65.05,40.42
1788424076.176,251.63,ndvi_acquire_stac,1,2575.4,2575.4,79.8,43.4,9422.3,56131.0,0.0,0.2,1.57,154.59,10937.98,10877.14,0.0,65.05,40.42
1788424076.679,252.14,ndvi_acquire_stac,1,2575.4,2575.4,53.6,38.1,9389.4,56163.9,0.0,0.2,1.57,158.15,10981.59,10936.5,0.0,65.05,40.42
1788424077.18,252.64,ndvi_acquire_stac,1,2575.4,2575.4,33.9,36.6,9493.7,56059.6,0.0,0.2,1.57,158.49,11030.49,10962.07,0.0,65.05,40.42
1788424077.682,253.14,ndvi_acquire_stac,1,2575.4,2575.4,57.8,41.1,9491.6,56061.7,0.0,0.2,1.57,159.41,11074.13,11021.46,0.0,65.05,40.42
1788424078.184,253.64,ndvi_acquire_stac,1,2575.4,2575.4,61.8,38.3,9324.0,56229.3,0.0,0.2,1.57,159.6,11122.55,11089.32,0.0,65.05,40.42
1788424078.685,254.14,ndvi_acquire_stac,1,2575.4,2575.4,25.9,36.7,9498.1,56055.3,0.0,0.2,1.57,160.27,11168.63,11114.26,0.0,65.05,40.42
1788424079.187,254.64,ndvi_acquire_stac,1,2575.3,2575.3,41.9,36.6,9368.1,56185.3,0.0,0.2,1.57,160.39,11214.83,11161.89,0.0,65.05,40.42
1788424079.696,255.15,ndvi_acquire_stac,1,2578.5,2578.5,64.8,40.9,9487.1,56066.3,0.0,0.2,1.57,160.79,11260.55,11218.43,0.0,65.05,40.42
1788424080.2,255.66,ndvi_acquire_stac,1,2578.4,2578.4,37.8,32.4,9541.0,56012.4,0.0,0.2,1.57,160.79,11300.92,11256.28,0.0,65.05,40.42
1788424080.701,256.16,ndvi_acquire_stac,1,2578.4,2578.4,55.8,26.1,9369.5,56183.8,0.0,0.2,1.57,161.1,11341.44,11294.15,0.0,65.05,40.42
1788424081.223,256.68,ndvi_acquire_stac,1,2581.6,2581.6,51.8,26.0,9377.0,56176.3,0.0,0.2,1.57,161.37,11388.07,11341.24,0.0,65.05,40.42
1788424081.724,257.18,ndvi_acquire_stac,1,2583.7,2583.7,43.9,38.9,9275.9,56277.5,0.0,0.2,1.57,161.54,11428.16,11387.66,0.0,65.05,40.42
1788424082.227,257.68,ndvi_acquire_stac,1,2586.9,2586.9,35.8,36.2,9450.4,56102.9,0.0,0.2,1.57,161.61,11467.94,11426.78,0.0,65.05,40.42
1788424082.731,258.19,ndvi_acquire_stac,1,2589.9,2589.9,41.6,35.7,9372.7,56180.6,0.0,0.2,1.57,161.78,11510.37,11465.93,0.0,65.05,40.42
1788424083.235,258.69,ndvi_acquire_stac,1,2589.9,2589.9,49.6,41.2,9429.0,56124.3,0.0,0.2,1.57,162.37,11547.76,11516.2,0.0,65.05,40.42
1788424083.738,259.19,ndvi_acquire_stac,1,2589.6,2589.6,41.8,34.6,9380.3,56173.0,0.0,0.2,1.57,162.79,11579.91,11557.03,0.0,65.05,40.42
1788424084.239,259.7,ndvi_acquire_stac,1,2589.6,2589.6,18.0,34.0,9529.9,56023.4,0.0,0.2,1.57,162.98,11609.91,11574.05,0.0,65.05,40.42
1788424084.74,260.2,ndvi_acquire_stac,1,2589.5,2589.5,43.9,37.4,9552.2,56001.2,0.0,0.2,1.57,163.19,11634.85,11624.34,0.0,65.05,40.42
1788424085.242,260.7,ndvi_acquire_stac,1,2589.5,2589.5,31.9,36.3,9678.2,55875.1,0.0,0.2,1.57,163.36,11663.39,11649.81,0.0,65.05,40.42
1788424085.743,261.2,ndvi_acquire_stac,1,2589.5,2589.5,14.0,33.0,9638.3,55915.0,0.0,0.2,1.57,163.69,11687.3,11662.63,0.0,65.05,40.42
1788424086.244,261.7,ndvi_acquire_stac,1,2589.4,2589.4,35.9,33.7,9539.5,56013.9,0.0,0.2,1.57,163.74,11707.73,11695.98,0.0,65.05,40.42
1788424086.747,262.2,ndvi_acquire_stac,1,2589.4,2589.4,23.9,34.4,9645.7,55907.7,0.0,0.2,1.57,163.81,11724.11,11723.77,0.0,65.05,40.42
1788424087.249,262.71,ndvi_acquire_stac,1,2589.1,2589.1,83.8,37.7,9771.2,55782.1,0.0,0.2,1.57,163.91,11740.79,11723.8,0.0,65.05,40.42
1788424087.759,263.22,ndvi_acquire_stac,1,2657.5,2657.5,111.6,45.8,9863.8,55689.5,0.0,0.2,1.57,164.05,11757.04,11749.29,0.0,65.05,40.42
1788424088.262,263.72,ndvi_acquire_stac,1,2596.6,2596.6,121.3,47.9,9908.1,55645.3,0.0,0.2,1.57,164.5,11767.18,11763.38,0.0,65.05,40.42
1788424088.827,264.28,ndvi_acquire_stac,1,2596.3,2596.3,113.4,42.0,9855.6,55697.8,0.0,0.2,1.57,164.8,11775.79,11766.81,0.0,65.05,40.42
1788424089.37,264.83,ndvi_acquire_stac,1,2673.9,2673.9,173.1,51.3,9846.2,55707.2,0.0,0.21,1.57,165.2,11785.8,11786.33,0.0,65.05,40.42
1788424089.912,265.37,ndvi_acquire_stac,1,2628.8,2628.8,162.4,47.9,9709.1,55844.3,0.0,0.21,1.57,165.2,11795.17,11796.18,0.0,65.05,40.42
1788424090.55,266.01,ndvi_acquire_stac,1,2629.0,2629.0,200.6,45.8,9695.0,55858.3,0.0,0.21,1.57,165.38,11802.57,11797.61,0.0,65.05,40.42
1788424091.397,266.85,ndvi_acquire_stac,1,2635.6,2635.6,140.3,45.8,9788.2,55765.2,0.0,0.21,1.57,165.78,11804.08,11817.61,0.0,65.05,40.42
1788424092.291,267.75,ndvi_acquire_stac,1,2693.2,2693.2,127.5,55.9,9731.9,55821.4,0.0,0.21,1.57,165.88,11806.04,11817.68,0.0,65.05,40.42
1788424093.11,268.57,ndvi_acquire_stac,1,2713.9,2713.9,114.8,44.6,9810.5,55742.9,0.0,0.21,1.57,166.16,11812.24,11817.74,0.0,65.05,40.42
1788424093.618,269.07,ndvi_acquire_stac,1,2772.8,2772.8,122.2,45.5,9885.5,55667.8,0.0,0.21,1.57,166.7,11816.65,11819.6,0.0,65.05,40.42
1788424094.12,269.58,ndvi_acquire_stac,1,2724.1,2724.1,13.9,29.4,9558.9,55994.4,0.0,0.21,1.57,167.62,11826.27,11828.11,0.0,65.05,40.42
1788424094.622,270.08,ndvi_acquire_stac,1,2724.2,2724.2,12.0,27.8,9600.2,55953.1,0.0,0.21,1.57,168.05,11833.99,11836.62,0.0,65.05,40.42
1788424095.123,270.58,ndvi_acquire_stac,1,2724.3,2724.3,6.0,32.9,9743.4,55810.0,0.0,0.21,1.57,168.05,11846.4,11836.66,0.0,65.05,40.42
1788424095.626,271.08,ndvi_acquire_stac,1,2725.2,2725.2,11.9,35.8,9725.5,55827.9,0.0,0.21,1.57,168.48,11861.21,11847.73,0.0,65.05,40.42
1788424096.13,271.59,ndvi_acquire_stac,1,2725.2,2725.2,9.9,32.0,9750.3,55803.0,0.0,0.21,1.57,168.48,11883.26,11855.5,0.0,65.05,40.42
1788424096.631,272.09,ndvi_acquire_stac,1,2725.3,2725.3,21.9,36.5,9761.5,55791.8,0.0,0.21,1.57,168.96,11905.16,11880.91,0.0,65.05,40.42
1788424097.133,272.59,ndvi_acquire_stac,1,2725.4,2725.4,31.9,38.2,9747.1,55806.2,0.0,0.21,1.57,168.96,11923.98,11908.15,0.0,65.05,40.42
1788424097.634,273.09,ndvi_acquire_stac,1,2725.4,2725.4,35.9,37.6,9727.4,55825.9,0.0,0.21,1.57,169.17,11950.24,11939.95,0.0,65.05,40.42
1788424098.138,273.59,ndvi_acquire_stac,1,2725.4,2725.4,9.9,31.4,9730.4,55823.0,0.0,0.21,1.57,169.17,11974.3,11950.56,0.0,65.05,40.42
1788424098.641,274.1,ndvi_acquire_stac,1,2725.4,2725.4,19.9,35.0,9725.9,55827.5,0.0,0.21,1.57,169.64,11997.02,11976.02,0.0,65.05,40.42
1788424099.142,274.6,ndvi_acquire_stac,1,2725.4,2725.4,16.0,36.2,9727.7,55825.7,0.0,0.21,1.57,169.73,12013.77,11992.99,0.0,65.05,40.42
1788424099.644,275.1,ndvi_acquire_stac,1,2725.4,2725.4,15.9,37.3,9725.1,55828.2,0.0,0.21,1.57,170.1,12037.81,12007.88,0.0,65.05,40.42
1788424100.147,275.6,ndvi_acquire_stac,1,2725.4,2725.4,33.8,37.3,9721.0,55832.3,0.0,0.21,1.57,170.1,12059.76,12043.85,0.0,65.05,40.42
1788424100.648,276.1,ndvi_acquire_stac,1,2725.4,2725.4,14.0,35.1,9717.2,55837.2,0.0,0.21,1.57,170.39,12080.09,12060.13,0.0,65.05,40.42
1788424101.15,276.61,ndvi_acquire_stac,1,2725.4,2725.4,19.9,30.4,9429.8,56123.6,0.0,0.21,1.57,170.82,12106.66,12086.06,0.0,65.05,40.42
1788424101.651,277.11,ndvi_acquire_stac,1,2725.5,2725.5,23.9,35.5,9557.8,55995.6,0.0,0.21,1.57,171.25,12133.83,12111.63,0.0,65.05,40.42
1788424102.153,277.61,ndvi_acquire_stac,1,2725.5,2725.5,27.9,31.7,9584.0,55969.4,0.0,0.21,1.57,171.27,12159.99,12145.54,0.0,65.05,40.42
1788424102.655,278.11,ndvi_acquire_stac,1,2725.5,2725.5,21.9,34.4,9642.1,55911.3,0.0,0.21,1.57,171.72,12184.36,12171.03,0.0,65.05,40.42
1788424103.156,278.61,ndvi_acquire_stac,1,2725.5,2725.5,12.0,33.1,9559.2,55994.2,0.0,0.21,1.57,171.72,12213.68,12179.58,0.0,65.05,40.42
1788424103.657,279.11,ndvi_acquire_stac,1,2724.4,2724.4,43.9,38.6,9655.8,55897.6,0.0,0.21,1.57,172.15,12238.91,12230.38,0.0,65.05,40.42
1788424104.159,279.61,ndvi_acquire_stac,1,2724.4,2724.4,14.0,34.0,9580.8,55972.6,0.0,0.21,1.57,172.17,12264.23,12240.6,0.0,65.05,40.42
1788424104.665,280.12,ndvi_acquire_stac,1,2724.4,2724.4,11.9,33.1,9594.0,55959.3,0.0,0.21,1.57,172.35,12287.48,12255.81,0.0,65.05,40.42
1788424105.166,280.62,ndvi_acquire_stac,1,2724.4,2724.4,27.9,37.4,9598.6,55954.7,0.0,0.21,1.57,172.35,12310.49,12289.72,0.0,65.05,40.42
1788424105.668,281.12,ndvi_acquire_stac,1,2724.4,2724.4,29.9,38.0,9638.6,55914.8,0.0,0.21,1.57,172.57,12336.47,12324.03,0.0,65.05,40.42
1788424106.169,281.63,ndvi_acquire_stac,1,2724.4,2724.4,12.0,32.8,9393.5,56159.8,0.0,0.21,1.57,172.57,12361.57,12332.52,0.0,65.05,40.42
1788424106.671,282.13,ndvi_acquire_stac,1,2724.4,2724.4,25.9,37.6,9512.4,56041.0,0.0,0.21,1.57,172.98,12384.33,12366.33,0.0,65.05,40.42
1788424107.172,282.63,ndvi_acquire_stac,1,2724.4,2724.4,23.9,33.6,9453.2,56100.1,0.0,0.21,1.57,173.05,12406.92,12391.72,0.0,65.05,40.42
1788424107.674,283.13,ndvi_acquire_stac,1,2724.4,2724.4,15.9,38.0,9564.3,55989.1,0.0,0.21,1.57,173.87,12431.0,12408.68,0.0,65.05,40.42
1788424108.175,283.63,ndvi_acquire_stac,1,2724.4,2724.4,35.9,35.4,9584.5,55968.8,0.0,0.21,1.57,173.87,12455.69,12442.65,0.0,65.05,40.42
1788424108.677,284.13,ndvi_acquire_stac,1,2724.4,2724.4,8.0,32.8,9595.4,55957.9,0.0,0.21,1.57,174.23,12477.38,12451.17,0.0,65.05,40.42
1788424109.178,284.63,ndvi_acquire_stac,1,2724.4,2724.4,31.9,34.8,9635.9,55917.5,0.0,0.21,1.57,174.3,12504.06,12485.22,0.0,65.05,40.42
1788424109.679,285.14,ndvi_acquire_stac,1,2724.4,2724.4,23.9,38.3,9764.2,55789.1,0.0,0.21,1.57,174.74,12527.99,12510.68,0.0,65.05,40.42
1788424110.181,285.64,ndvi_acquire_stac,1,2724.4,2724.4,16.0,27.1,9503.0,56050.4,0.0,0.21,1.57,174.74,12551.25,12527.62,0.0,65.05,40.42
1788424110.682,286.14,ndvi_acquire_stac,1,2727.7,2727.7,31.9,37.3,9582.2,55971.1,0.0,0.21,1.57,174.96,12576.89,12561.53,0.0,65.05,40.42
1788424111.183,286.64,ndvi_acquire_stac,1,2730.3,2730.3,16.0,35.4,9531.3,56022.0,0.0,0.21,1.57,175.07,12601.24,12578.54,0.0,65.05,40.42
1788424111.685,287.14,ndvi_acquire_stac,1,2732.8,2732.8,27.9,34.6,9561.4,55992.0,0.0,0.22,1.57,175.23,12625.68,12607.56,0.0,65.05,40.42
1788424112.188,287.64,ndvi_acquire_stac,1,2732.8,2732.8,37.8,35.9,9572.7,55980.6,0.0,0.22,1.57,175.26,12643.45,12645.72,0.0,65.05,40.42
1788424112.689,288.15,ndvi_acquire_stac,1,2732.5,2732.5,49.9,38.4,9425.5,56127.9,0.0,0.22,1.57,175.6,12656.59,12654.56,0.0,65.05,40.42
1788424113.19,288.65,ndvi_acquire_stac,1,2718.2,2718.2,109.7,46.0,9445.3,56108.1,0.0,0.22,1.57,175.62,12669.05,12663.04,0.0,65.05,40.42
1788424113.698,289.15,ndvi_acquire_stac,1,2735.6,2735.6,43.3,37.1,9528.4,56024.9,0.0,0.22,1.57,175.96,12680.46,12671.91,0.0,65.05,40.42
1788424114.205,289.66,ndvi_acquire_stac,1,2735.6,2735.6,31.6,38.1,9491.9,56061.4,0.0,0.22,1.57,176.02,12685.6,12689.21,0.0,65.05,40.42
1788424114.759,290.21,ndvi_acquire_stac,1,2733.1,2733.1,99.3,43.5,9683.2,55870.2,0.0,0.22,1.57,176.28,12690.95,12700.28,0.0,65.05,40.42
1788424115.38,290.84,ndvi_acquire_stac,1,2739.2,2739.2,138.3,44.8,9717.5,55835.9,0.0,0.22,1.57,176.28,12695.67,12701.52,0.0,65.05,40.42
1788424115.986,291.44,ndvi_acquire_stac,1,2746.4,2746.4,44.6,38.7,9774.8,55778.6,0.0,0.22,1.57,176.28,12698.47,12701.56,0.0,65.05,40.42
1788424116.487,291.94,ndvi_acquire_stac,1,2746.5,2746.5,12.0,30.9,9693.2,55860.2,0.0,0.22,1.57,176.64,12703.27,12710.07,0.0,65.05,40.42
1788424116.988,292.44,ndvi_acquire_stac,1,2746.6,2746.6,10.0,33.6,9719.9,55833.4,0.0,0.22,1.57,176.64,12713.89,12713.65,0.0,65.05,40.42
1788424117.49,292.95,ndvi_acquire_stac,1,2746.7,2746.7,12.0,34.6,9913.4,55639.9,0.0,0.22,1.57,178.43,12728.05,12722.17,0.0,65.05,40.42
1788424117.991,293.45,ndvi_acquire_stac,1,2746.7,2746.7,19.9,34.8,9796.6,55756.8,0.0,0.22,1.57,178.54,12741.53,12739.17,0.0,65.05,40.42
1788424118.493,293.95,ndvi_acquire_stac,1,2746.7,2746.7,8.0,31.2,9819.4,55733.9,0.0,0.22,1.57,178.7,12761.71,12743.64,0.0,65.05,40.42
1788424118.994,294.45,ndvi_acquire_stac,1,2746.6,2746.6,89.8,41.8,9888.9,55664.5,0.0,0.22,1.57,178.71,12784.18,12767.73,0.0,65.05,40.42
1788424119.496,294.95,ndvi_acquire_stac,1,2771.8,2771.8,115.5,43.9,9883.8,55669.6,0.0,0.22,1.57,179.27,12798.88,12780.46,0.0,65.05,40.42
1788424120.012,295.47,ndvi_acquire_stac,1,2743.2,2743.2,56.2,29.6,9637.2,55916.1,0.0,0.22,1.57,179.29,12817.98,12793.31,0.0,65.05,40.42
1788424120.513,295.97,ndvi_acquire_stac,1,2743.4,2743.4,29.9,26.7,9518.6,56034.7,0.0,0.22,1.57,179.83,12839.3,12827.22,0.0,65.05,40.42
1788424121.015,296.47,ndvi_acquire_stac,1,2743.4,2743.4,12.0,28.2,9626.0,55927.4,0.0,0.22,1.57,179.97,12859.94,12835.74,0.0,65.05,40.42
1788424121.517,296.97,ndvi_acquire_stac,1,2743.4,2743.4,25.9,33.8,9692.0,55861.3,0.0,0.22,1.57,180.24,12881.81,12872.52,0.0,65.05,40.42
1788424122.023,297.48,ndvi_acquire_stac,1,2743.4,2743.4,13.8,25.3,9686.0,55867.4,0.0,0.22,1.57,180.33,12903.99,12886.74,0.0,65.05,40.42
1788424122.524,297.98,ndvi_acquire_stac,1,2743.4,2743.4,19.9,24.5,9760.7,55792.7,0.0,0.22,1.57,180.45,12929.49,12909.95,0.0,65.05,40.42
1788424123.031,298.49,ndvi_acquire_stac,1,2743.4,2743.4,25.7,32.7,9915.5,55637.9,0.0,0.22,1.57,180.45,12957.67,12937.76,0.0,65.05,40.42
1788424123.533,298.99,ndvi_acquire_stac,1,2743.5,2743.5,19.9,33.2,9881.8,55671.5,0.0,0.22,1.57,180.45,12983.86,12954.81,0.0,65.05,40.42
1788424124.037,299.49,ndvi_acquire_stac,1,2743.5,2743.5,33.7,35.4,9715.3,55838.1,0.0,0.22,1.57,180.45,13009.98,12989.02,0.0,65.05,40.42
1788424124.538,299.99,ndvi_acquire_stac,1,2743.5,2743.5,21.9,33.9,9577.1,55976.3,0.0,0.22,1.57,181.07,13038.24,13006.04,0.0,65.05,40.42
1788424125.04,300.5,ndvi_acquire_stac,1,2743.5,2743.5,29.9,38.0,9676.3,55877.1,0.0,0.22,1.57,181.07,13064.06,13039.96,0.0,65.05,40.42
1788424125.541,301.0,ndvi_acquire_stac,1,2743.5,2743.5,23.9,31.6,9529.6,56023.7,0.0,0.22,1.57,181.43,13088.23,13065.49,0.0,65.05,40.42
1788424126.043,301.5,ndvi_acquire_stac,1,2743.5,2743.5,21.9,36.3,9618.1,55935.2,0.0,0.22,1.57,181.44,13111.87,13091.01,0.0,65.05,40.42
1788424126.545,302.0,ndvi_acquire_stac,1,2743.5,2743.5,21.9,35.1,9775.2,55778.3,0.0,0.22,1.57,181.61,13139.29,13116.52,0.0,65.05,40.42
1788424127.046,302.5,ndvi_acquire_stac,1,2743.5,2743.5,21.9,33.8,9775.9,55777.6,0.0,0.23,1.57,181.61,13163.09,13142.01,0.0,65.05,40.42
1788424127.548,303.0,ndvi_acquire_stac,1,2743.5,2743.5,19.9,35.3,9657.4,55896.1,0.0,0.23,1.57,185.97,13188.34,13163.02,0.0,65.05,40.42
1788424128.053,303.51,ndvi_acquire_stac,1,2743.5,2743.5,29.7,38.0,9711.1,55842.4,0.0,0.23,1.57,185.97,13212.93,13193.04,0.0,65.05,40.42
1788424128.554,304.01,ndvi_acquire_stac,1,2743.5,2743.5,18.0,35.3,9445.7,56107.9,0.0,0.23,1.57,186.79,13236.48,13210.04,0.0,65.05,40.42
1788424129.055,304.51,ndvi_acquire_stac,1,2743.5,2743.5,29.9,36.3,9427.8,56125.8,0.0,0.23,1.57,186.79,13262.54,13244.02,0.0,65.05,40.42
1788424129.558,305.01,ndvi_acquire_stac,1,2743.5,2743.5,23.9,34.2,9538.1,56015.4,0.0,0.23,1.57,187.15,13285.8,13269.51,0.0,65.05,40.42
1788424130.061,305.52,ndvi_acquire_stac,1,2746.2,2746.2,15.9,33.3,9576.7,55976.9,0.0,0.23,1.57,187.16,13310.07,13286.51,0.0,65.05,40.42
1788424130.563,306.02,ndvi_acquire_stac,1,2748.0,2748.0,25.9,36.9,9641.0,55912.6,0.0,0.23,1.57,187.46,13336.87,13312.05,0.0,65.05,40.42
1788424131.065,306.52,ndvi_acquire_stac,1,2748.0,2748.0,27.9,33.7,9559.5,55994.1,0.0,0.23,1.57,187.46,13360.49,13346.06,0.0,65.05,40.42
1788424131.566,307.02,ndvi_acquire_stac,1,2748.0,2748.0,18.0,33.6,9466.3,56087.3,0.0,0.23,1.57,187.64,13385.58,13363.08,0.0,65.05,40.42
1788424132.068,307.52,ndvi_acquire_stac,1,2748.0,2748.0,17.9,36.1,9653.6,55899.9,0.0,0.23,1.57,187.64,13409.28,13380.09,0.0,65.05,40.42
1788424132.569,308.03,ndvi_acquire_stac,1,2748.0,2748.0,25.9,28.2,9355.0,56198.6,0.0,0.23,1.57,187.84,13433.18,13414.07,0.0,65.05,40.42
1788424133.071,308.53,ndvi_acquire_stac,1,2748.0,2748.0,17.9,19.6,9465.4,56088.1,0.0,0.23,1.57,187.84,13458.52,13432.76,0.0,65.05,40.42
1788424133.576,309.03,ndvi_acquire_stac,1,2748.0,2748.0,25.7,31.2,9403.8,56149.7,0.0,0.23,1.57,188.03,13481.36,13465.09,0.0,65.05,40.42
1788424134.078,309.53,ndvi_acquire_stac,1,2748.0,2748.0,21.9,34.4,9487.7,56065.9,0.0,0.23,1.57,188.03,13506.08,13490.59,0.0,65.05,40.42
1788424134.579,310.04,ndvi_acquire_stac,1,2748.0,2748.0,23.9,34.8,9414.1,56139.4,0.0,0.23,1.57,188.38,13533.62,13516.12,0.0,65.05,40.42
1788424135.081,310.54,ndvi_acquire_stac,1,2748.0,2748.0,31.9,34.5,9592.3,55961.3,0.0,0.23,1.57,188.38,13562.39,13554.75,0.0,65.05,40.42
1788424135.588,311.04,ndvi_acquire_stac,1,2748.0,2748.0,7.9,30.9,9675.5,55878.0,0.0,0.23,1.57,188.86,13587.72,13558.66,0.0,65.05,40.42
1788424136.09,311.55,ndvi_acquire_stac,1,2748.0,2748.0,29.9,34.8,9887.2,55666.3,0.0,0.23,1.57,188.99,13612.75,13594.11,0.0,65.05,40.42
1788424136.592,312.05,ndvi_acquire_stac,1,2748.0,2748.0,19.9,33.4,9699.7,55853.9,0.0,0.23,1.57,189.43,13636.71,13618.07,0.0,65.05,40.42
1788424137.094,312.55,ndvi_acquire_stac,1,2748.0,2748.0,14.0,34.1,9712.3,55841.3,0.0,0.23,1.57,189.61,13661.47,13635.05,0.0,65.05,40.42
1788424137.595,313.05,ndvi_acquire_stac,1,2748.0,2748.0,37.9,38.4,9564.0,55989.5,0.0,0.23,1.57,189.83,13686.96,13677.42,0.0,65.05,40.42
1788424138.097,313.55,ndvi_acquire_stac,1,2748.0,2748.0,15.9,33.9,9550.6,56002.9,0.0,0.23,1.57,190.08,13708.31,13694.37,0.0,65.05,40.42
1788424138.598,314.05,ndvi_acquire_stac,1,2748.0,2748.0,12.0,31.9,9711.2,55842.4,0.0,0.23,1.57,190.14,13733.2,13702.89,0.0,65.05,40.42
1788424139.099,314.56,ndvi_acquire_stac,1,2748.0,2748.0,29.9,35.5,9609.5,55944.0,0.0,0.23,1.57,190.23,13755.61,13745.25,0.0,65.05,40.42
1788424139.601,315.06,ndvi_acquire_stac,1,2748.0,2748.0,21.9,33.1,9678.9,55874.6,0.0,0.23,1.57,190.47,13778.45,13770.75,0.0,65.05,40.42
1788424140.103,315.56,ndvi_acquire_stac,1,2748.0,2748.0,6.0,28.9,9771.8,55781.7,0.0,0.23,1.57,190.57,13799.98,13770.8,0.0,65.05,40.42
1788424140.604,316.06,ndvi_acquire_stac,1,2748.0,2748.0,35.9,24.0,9626.6,55926.9,0.0,0.23,1.57,190.69,13823.1,13821.86,0.0,65.05,40.42
1788424141.105,316.56,ndvi_acquire_stac,1,2748.0,2748.0,10.0,28.5,9689.9,55863.7,0.0,0.23,1.57,191.08,13841.7,13830.37,0.0,65.05,40.42
1788424141.607,317.06,ndvi_acquire_stac,1,2748.0,2748.0,10.0,32.3,9721.9,55831.6,0.0,0.23,1.57,191.46,13863.85,13838.88,0.0,65.05,40.42
1788424142.108,317.56,ndvi_acquire_stac,1,2748.0,2748.0,25.9,36.0,9710.5,55843.0,0.0,0.23,1.57,191.55,13885.1,13872.73,0.0,65.05,40.42
1788424142.61,318.07,ndvi_acquire_stac,1,2748.0,2748.0,15.9,34.1,9790.3,55763.2,0.0,0.23,1.57,192.01,13908.34,13889.66,0.0,65.05,40.42
1788424143.112,318.57,ndvi_acquire_stac,1,2748.0,2748.0,15.9,35.4,9860.4,55693.5,0.0,0.23,1.57,192.28,13931.76,13907.72,0.0,65.05,40.42
1788424143.617,319.07,ndvi_acquire_stac,1,2748.0,2748.0,25.8,33.2,9985.7,55567.9,0.0,0.23,1.57,192.75,13952.75,13932.08,0.0,65.05,40.42
1788424144.118,319.57,ndvi_acquire_stac,1,2748.0,2748.0,33.9,37.5,9898.8,55654.7,0.0,0.23,1.57,192.83,13973.28,13966.0,0.0,65.05,40.42
1788424144.62,320.08,ndvi_acquire_stac,1,2748.0,2748.0,21.9,34.3,9900.4,55653.2,0.0,0.23,1.57,193.27,13994.17,13991.46,0.0,65.05,40.42
1788424145.121,320.58,ndvi_acquire_stac,1,2748.0,2748.0,12.0,34.0,9992.6,55561.0,0.0,0.23,1.57,193.43,14018.06,14000.03,0.0,65.05,40.42
1788424145.623,321.08,ndvi_acquire_stac,1,2748.0,2748.0,17.9,34.2,9514.5,56039.1,0.0,0.23,1.57,193.62,14039.29,14017.04,0.0,65.05,40.42
1788424146.124,321.58,ndvi_acquire_stac,1,2748.0,2748.0,23.9,34.7,9309.0,56244.5,0.0,0.23,1.57,193.8,14061.18,14050.96,0.0,65.05,40.42
1788424146.625,322.08,ndvi_acquire_stac,1,2748.0,2748.0,12.0,35.4,9461.9,56091.7,0.0,0.23,1.57,194.2,14080.5,14059.52,0.0,65.05,40.42
1788424147.127,322.58,ndvi_acquire_stac,1,2748.0,2748.0,16.0,30.0,9279.0,56274.6,0.0,0.23,1.57,194.3,14105.55,14076.53,0.0,65.05,40.42
1788424147.628,323.08,ndvi_acquire_stac,1,2748.0,2748.0,31.9,37.6,9346.1,56207.5,0.0,0.23,1.57,194.48,14126.6,14118.9,0.0,65.05,40.42
1788424148.13,323.59,ndvi_acquire_stac,1,2748.0,2748.0,8.0,32.9,9494.9,56058.7,0.0,0.23,1.57,194.94,14147.53,14127.44,0.0,65.05,40.42
1788424148.632,324.09,ndvi_acquire_stac,1,2748.0,2748.0,21.9,35.0,9597.2,55956.4,0.0,0.23,1.57,195.33,14169.1,14152.69,0.0,65.05,40.42
1788424149.144,324.6,ndvi_acquire_stac,1,2748.0,2748.0,29.3,37.4,9750.3,55803.3,0.0,0.23,1.57,195.46,14191.84,14178.42,0.0,65.05,40.42
1788424149.645,325.1,ndvi_acquire_stac,1,2748.0,2748.0,8.0,29.6,9654.0,55899.6,0.0,0.23,1.57,195.61,14214.14,14186.94,0.0,65.05,40.42
1788424150.147,325.6,ndvi_acquire_stac,1,2748.0,2748.0,35.9,34.0,9609.4,55944.2,0.0,0.23,1.57,195.76,14233.45,14229.32,0.0,65.05,40.42
1788424150.648,326.1,ndvi_acquire_stac,1,2748.0,2748.0,6.0,33.6,9804.7,55748.9,0.0,0.23,1.57,196.06,14255.22,14229.37,0.0,65.05,40.42
1788424151.149,326.61,ndvi_acquire_stac,1,2748.0,2748.0,18.0,33.7,9758.2,55795.4,0.0,0.23,1.57,196.3,14277.41,14246.37,0.0,65.05,40.42
1788424151.65,327.11,ndvi_acquire_stac,1,2748.0,2748.0,49.9,37.1,9540.7,56012.9,0.0,0.23,1.57,196.62,14296.66,14297.24,0.0,65.05,40.42
1788424152.152,327.61,ndvi_acquire_stac,1,2748.0,2748.0,10.0,31.7,9681.6,55872.0,0.0,0.23,1.57,196.71,14315.72,14305.78,0.0,65.05,40.42
1788424152.653,328.11,ndvi_acquire_stac,1,2748.0,2748.0,10.0,35.0,9708.1,55845.5,0.0,0.23,1.58,197.11,14339.07,14314.34,0.0,65.05,40.42
1788424153.154,328.61,ndvi_acquire_stac,1,2748.0,2748.0,27.9,22.5,9650.9,55902.7,0.0,0.23,1.58,197.23,14359.72,14348.29,0.0,65.05,40.42
1788424153.656,329.11,ndvi_acquire_stac,1,2748.0,2748.0,14.0,22.6,9674.1,55879.5,0.0,0.23,1.58,197.56,14376.84,14365.26,0.0,65.05,40.42
1788424154.157,329.61,ndvi_acquire_stac,1,2748.0,2748.0,10.0,33.3,9900.9,55652.7,0.0,0.23,1.58,197.64,14396.79,14373.74,0.0,65.05,40.42
1788424154.659,330.12,ndvi_acquire_stac,1,2748.0,2748.0,27.9,36.4,9774.6,55778.9,0.0,0.23,1.58,197.75,14417.81,14405.56,0.0,65.05,40.42
1788424155.162,330.62,ndvi_acquire_stac,1,2748.0,2748.0,23.8,26.2,9570.1,55983.5,0.0,0.23,1.58,197.84,14439.21,14433.13,0.0,65.05,40.42
1788424155.664,331.12,ndvi_acquire_stac,1,2748.0,2748.0,8.0,21.0,9474.6,56079.0,0.0,0.23,1.58,198.16,14456.97,14441.6,0.0,65.05,40.42
1788424156.166,331.62,ndvi_acquire_stac,1,2748.0,2748.0,25.9,34.4,9574.8,55978.8,0.0,0.23,1.58,198.56,14479.94,14467.04,0.0,65.05,40.42
1788424156.667,332.12,ndvi_acquire_stac,1,2748.0,2748.0,27.9,36.8,9483.1,56070.5,0.0,0.23,1.58,198.76,14501.63,14492.54,0.0,65.05,40.42
1788424157.168,332.62,ndvi_acquire_stac,1,2748.0,2748.0,10.0,35.4,9532.1,56021.6,0.0,0.24,1.58,198.91,14519.04,14501.67,0.0,65.05,40.42
1788424157.67,333.13,ndvi_acquire_stac,1,2748.0,2748.0,13.9,34.7,9493.4,56060.3,0.0,0.24,1.58,199.15,14536.47,14518.58,0.0,65.05,40.42
1788424158.172,333.63,ndvi_acquire_stac,1,2748.0,2748.0,21.9,38.0,9474.0,56079.7,0.0,0.24,1.58,200.6,14552.67,14544.04,0.0,65.05,40.42
1788424158.681,334.14,ndvi_acquire_stac,1,2747.7,2747.7,39.2,37.3,9400.3,56153.4,0.0,0.24,1.58,201.18,14565.72,14571.14,0.0,65.05,40.42
1788424159.224,334.68,ndvi_acquire_stac,1,2754.4,2754.4,55.2,40.2,9606.1,55947.6,0.0,0.24,1.58,202.13,14578.22,14572.2,0.0,65.05,40.42
1788424159.728,335.18,ndvi_acquire_stac,1,2754.4,2754.4,103.2,44.2,9508.3,56045.4,0.0,0.24,1.58,202.31,14587.03,14589.19,0.0,65.05,40.42
1788424160.23,335.69,ndvi_acquire_stac,1,2767.0,2767.0,39.9,36.7,9505.4,56048.3,0.0,0.24,1.58,202.31,14598.46,14598.36,0.0,65.05,40.42
1788424160.737,336.19,ndvi_acquire_stac,1,2767.1,2767.1,15.8,33.3,9591.0,55962.7,0.0,0.24,1.58,202.74,14604.11,14598.41,0.0,65.05,40.42
1788424161.239,336.7,ndvi_acquire_stac,1,2767.2,2767.2,19.9,35.7,9452.0,56101.7,0.0,0.24,1.58,202.91,14610.8,14623.83,0.0,65.05,40.42
1788424161.834,337.29,ndvi_acquire_stac,1,2766.9,2766.9,65.5,39.0,9594.0,55959.6,0.0,0.24,1.58,203.12,14616.63,14625.47,0.0,65.05,40.42
1788424162.358,337.81,ndvi_acquire_stac,1,2891.3,2891.3,108.7,43.1,9832.9,55720.8,0.0,0.24,1.58,203.12,14626.29,14625.55,0.0,65.05,40.42
1788424162.86,338.32,ndvi_acquire_stac,1,2769.0,2769.0,123.6,44.5,9922.3,55631.4,0.0,0.24,1.58,203.51,14632.65,14634.04,0.0,65.05,40.42
1788424163.373,338.83,ndvi_acquire_stac,1,2779.1,2779.1,111.1,44.1,9690.3,55863.4,0.0,0.24,1.58,203.59,14648.74,14638.11,0.0,65.05,40.42
1788424163.875,339.33,ndvi_acquire_stac,1,2779.4,2779.4,19.9,34.7,9644.8,55908.9,0.0,0.24,1.58,203.95,14665.99,14638.21,0.0,65.05,40.42
1788424164.376,339.83,ndvi_acquire_stac,1,2779.8,2779.8,33.9,37.8,9669.5,55884.2,0.0,0.24,1.58,203.95,14687.53,14680.65,0.0,65.05,40.42
1788424164.878,340.33,ndvi_acquire_stac,1,2779.8,2779.8,6.0,32.4,9549.9,56003.8,0.0,0.24,1.58,204.14,14704.24,14680.69,0.0,65.05,40.42
1788424165.379,340.84,ndvi_acquire_stac,1,2779.9,2779.9,39.9,38.4,9524.6,56029.0,0.0,0.24,1.58,204.22,14727.62,14723.12,0.0,65.05,40.42
1788424165.88,341.34,ndvi_acquire_stac,1,2779.9,2779.9,14.0,33.6,9649.2,55904.4,0.0,0.24,1.58,204.29,14760.75,14731.71,0.0,65.05,40.42
1788424166.382,341.84,ndvi_acquire_stac,1,2780.0,2780.0,12.0,35.5,9733.2,55820.4,0.0,0.24,1.58,204.53,14801.49,14736.41,0.0,65.05,40.42
1788424166.883,342.34,ndvi_acquire_stac,1,2780.2,2780.2,69.8,42.4,9630.2,55923.5,0.0,0.24,1.58,204.76,14848.8,14800.83,0.0,65.05,40.42
1788424167.387,342.84,ndvi_acquire_stac,1,2785.8,2785.8,39.7,33.2,9680.7,55873.0,0.0,0.24,1.58,204.76,14892.22,14842.21,0.0,65.05,40.42
1788424167.888,343.34,ndvi_acquire_stac,1,2789.6,2789.6,27.9,36.9,9646.7,55907.0,0.0,0.24,1.58,205.05,14931.58,14869.89,0.0,65.05,40.42
1788424168.394,343.85,ndvi_acquire_stac,1,2790.2,2790.2,55.4,38.2,9414.4,56139.3,0.0,0.24,1.58,205.48,14974.35,14935.58,0.0,65.05,40.42
1788424168.895,344.35,ndvi_acquire_stac,1,2790.2,2790.2,23.9,34.0,9458.3,56095.4,0.0,0.24,1.58,205.61,15009.33,14961.24,0.0,65.05,40.42
1788424169.398,344.85,ndvi_acquire_stac,1,2791.2,2791.2,39.7,36.6,9439.6,56114.1,0.0,0.24,1.58,205.77,15049.88,14995.09,0.0,65.05,40.42
1788424169.9,345.36,ndvi_acquire_stac,1,2791.2,2791.2,61.8,40.7,9528.4,56025.3,0.0,0.24,1.58,205.77,15090.44,15059.34,0.0,65.05,40.42
1788424170.405,345.86,ndvi_acquire_stac,1,2791.1,2791.1,71.2,44.4,9619.8,55933.9,0.0,0.24,1.58,205.89,15131.75,15081.02,0.0,65.05,40.42
1788424170.909,346.37,ndvi_acquire_stac,1,2792.4,2792.4,117.1,43.1,9775.7,55778.0,0.0,0.24,1.58,205.91,15167.16,15084.26,0.0,65.05,40.42
1788424171.471,346.93,ndvi_acquire_stac,1,2792.4,2792.4,124.4,47.6,9697.1,55856.5,0.0,0.24,1.58,206.28,15203.71,15149.01,0.0,65.05,40.42
1788424171.975,347.43,ndvi_acquire_stac,1,2829.1,2829.1,71.4,38.8,9678.7,55874.9,0.0,0.24,1.58,206.28,15240.16,15190.19,0.0,65.05,40.42
1788424172.485,347.94,ndvi_acquire_stac,1,2829.1,2829.1,45.1,37.3,9604.2,55949.5,0.0,0.24,1.58,206.54,15278.76,15225.44,0.0,65.05,40.42
1788424172.986,348.44,ndvi_acquire_stac,1,2829.2,2829.2,23.9,34.4,9485.4,56068.3,0.0,0.24,1.58,206.56,15314.66,15248.23,0.0,65.05,40.42
1788424173.49,348.95,ndvi_acquire_stac,1,2832.5,2832.5,75.4,40.0,9468.3,56085.7,0.0,0.24,1.58,210.62,15352.58,15318.9,0.0,65.05,40.42
1788424173.992,349.45,ndvi_acquire_stac,1,2835.3,2835.3,14.0,28.9,9512.4,56041.3,0.0,0.24,1.58,210.62,15388.7,15327.49,0.0,65.05,40.42
1788424174.493,349.95,ndvi_acquire_stac,1,2838.1,2838.1,47.9,38.1,9501.8,56051.9,0.0,0.24,1.58,210.79,15428.88,15386.91,0.0,65.05,40.42
1788424174.995,350.45,ndvi_acquire_stac,1,2838.1,2838.1,29.9,35.7,9617.8,55935.9,0.0,0.24,1.58,210.79,15480.99,15412.45,0.0,65.05,40.42
1788424175.5,350.96,ndvi_acquire_stac,1,2838.2,2838.2,77.2,42.1,9677.6,55876.1,0.0,0.24,1.58,210.96,15528.63,15479.27,0.0,65.05,40.42
1788424176.021,351.48,ndvi_acquire_stac,1,2838.3,2838.3,42.2,36.2,9678.6,55875.1,0.0,0.24,1.58,210.96,15579.69,15518.08,0.0,65.05,40.42
1788424176.527,351.98,ndvi_acquire_stac,1,2838.3,2838.3,49.4,39.3,9675.5,55878.2,0.0,0.24,1.58,211.33,15628.92,15565.37,0.0,65.05,40.42
1788424177.029,352.48,ndvi_acquire_stac,1,2838.3,2838.3,43.9,36.8,9681.9,55871.8,0.0,0.24,1.58,211.33,15674.48,15607.87,0.0,65.05,40.42
1788424177.53,352.99,ndvi_acquire_stac,1,2841.3,2841.3,49.9,39.2,9649.1,55904.6,0.0,0.24,1.58,211.47,15720.96,15667.37,0.0,65.05,40.42
1788424178.031,353.49,ndvi_acquire_stac,1,2845.5,2845.5,43.9,38.2,9653.0,55900.6,0.0,0.24,1.58,211.57,15772.99,15709.9,0.0,65.05,40.42
1788424178.533,353.99,ndvi_acquire_stac,1,2846.7,2846.7,41.9,38.8,9647.3,55906.3,0.0,0.24,1.58,211.93,15821.54,15752.37,0.0,65.05,40.42
1788424179.034,354.49,ndvi_acquire_stac,1,2846.7,2846.7,47.9,35.3,9643.4,55910.3,0.0,0.24,1.58,211.93,15870.12,15808.94,0.0,65.05,40.42
1788424179.536,354.99,ndvi_acquire_stac,1,2846.7,2846.7,57.8,40.2,9550.0,56003.7,0.0,0.24,1.58,212.33,15913.18,15872.68,0.0,65.05,40.42
1788424180.048,355.5,ndvi_acquire_stac,1,2846.7,2846.7,44.9,38.5,9563.6,55990.1,0.0,0.24,1.58,212.34,15961.23,15908.61,0.0,65.05,40.42
1788424180.553,356.01,ndvi_acquire_stac,1,2846.6,2846.6,35.7,39.6,9555.1,55998.6,0.0,0.24,1.58,212.79,16004.41,15939.43,0.0,65.05,40.42
1788424181.054,356.51,ndvi_acquire_stac,1,2848.7,2848.7,69.8,38.6,9212.7,56341.0,0.0,0.24,1.58,212.79,16039.76,16015.81,0.0,65.05,40.42
1788424181.556,357.01,ndvi_acquire_stac,1,2850.7,2850.7,29.9,22.8,9303.6,56250.1,0.0,0.24,1.58,213.34,16080.57,16045.27,0.0,65.05,40.42
1788424182.06,357.52,ndvi_acquire_stac,1,2854.0,2854.0,19.9,24.3,9275.7,56278.0,0.0,0.24,1.58,213.34,16114.78,16066.21,0.0,65.05,40.42
1788424182.561,358.02,ndvi_acquire_stac,1,2854.8,2854.8,41.9,36.9,9461.6,56092.1,0.0,0.24,1.58,213.56,16148.52,16117.17,0.0,65.05,40.42
1788424183.063,358.52,ndvi_acquire_stac,1,2854.8,2854.8,25.9,34.1,9416.5,56137.1,0.0,0.24,1.58,213.56,16179.47,16142.63,0.0,65.05,40.42
1788424183.565,359.02,ndvi_acquire_stac,1,2854.8,2854.8,31.9,35.2,9583.0,55970.7,0.0,0.24,1.58,213.7,16212.87,16173.8,0.0,65.05,40.42
1788424184.067,359.52,ndvi_acquire_stac,1,2853.3,2853.3,113.6,39.5,9717.6,55836.1,0.0,0.24,1.58,213.89,16250.84,16217.26,0.0,65.05,40.42
1788424184.9,360.36,ndvi_acquire_stac,1,2853.2,2853.2,91.2,47.9,9749.4,55804.3,0.0,0.24,1.58,214.08,16272.96,16261.64,0.0,65.05,40.42
1788424185.669,361.13,ndvi_acquire_stac,1,2856.6,2856.6,109.3,43.1,9817.5,55736.2,0.0,0.24,1.58,214.27,16304.58,16276.42,0.0,65.05,40.42
1788424186.201,361.66,ndvi_acquire_stac,1,2856.6,2856.6,122.2,46.2,9844.2,55709.5,0.0,0.24,1.58,214.37,16323.42,16305.85,0.0,65.05,40.42
1788424186.72,362.18,ndvi_acquire_stac,1,2892.3,2892.3,125.2,42.8,9963.1,55590.6,0.0,0.24,1.58,214.5,16340.98,16311.73,0.0,65.05,40.42
1788424187.257,362.71,ndvi_acquire_stac,1,2876.4,2876.4,147.0,48.5,10059.4,55494.3,0.0,0.24,1.58,214.54,16353.58,16348.37,0.0,65.05,40.42
1788424187.86,363.32,ndvi_acquire_stac,1,2876.4,2876.4,109.5,43.4,10078.8,55474.8,0.0,0.24,1.58,214.84,16373.11,16348.45,0.0,65.05,40.42
1788424188.389,363.85,ndvi_acquire_stac,1,2878.7,2878.7,115.2,46.8,10088.3,55465.3,0.0,0.25,1.58,214.97,16389.28,16365.51,0.0,65.05,40.42
1788424188.892,364.35,ndvi_acquire_stac,1,2895.2,2895.2,45.7,34.2,9913.3,55640.4,0.0,0.25,1.58,215.37,16406.86,16391.02,0.0,65.05,40.42
1788424189.394,364.85,ndvi_acquire_stac,1,2895.2,2895.2,23.9,35.2,9711.9,55841.8,0.0,0.25,1.58,215.61,16424.55,16408.06,0.0,65.05,40.42
1788424189.895,365.35,ndvi_acquire_stac,1,2895.1,2895.1,73.8,41.4,9771.0,55782.6,0.0,0.25,1.58,215.7,16450.06,16420.94,0.0,65.05,40.42
1788424190.41,365.87,ndvi_acquire_stac,1,2899.8,2899.8,128.2,47.6,9881.2,55672.5,0.0,0.25,1.58,215.95,16475.31,16433.08,0.0,65.05,40.42
1788424190.951,366.41,ndvi_acquire_stac,1,2928.1,2928.1,140.5,58.8,9826.1,55727.6,0.0,0.25,1.58,216.2,16505.24,16473.1,0.0,65.05,40.42
1788424191.461,366.92,ndvi_acquire_stac,1,2941.6,2941.6,137.3,47.4,9830.6,55723.1,0.0,0.25,1.58,216.44,16540.61,16508.94,0.0,65.05,40.42
1788424191.963,367.42,ndvi_acquire_stac,1,2941.8,2941.8,35.9,35.0,9642.9,55910.8,0.0,0.25,1.58,216.44,16574.94,16538.9,0.0,65.05,40.42
1788424192.464,367.92,ndvi_acquire_stac,1,2945.0,2945.0,39.9,34.8,9730.0,55823.7,0.0,0.25,1.58,216.85,16608.81,16572.9,0.0,65.05,40.42
1788424192.966,368.42,ndvi_acquire_stac,1,2945.2,2945.2,29.9,34.8,9820.8,55732.9,0.0,0.25,1.58,217.01,16642.02,16606.93,0.0,65.05,40.42
1788424193.613,369.07,ndvi_acquire_stac,1,2946.8,2946.8,94.4,40.7,9940.8,55612.9,0.0,0.25,1.58,219.84,16688.14,16626.5,0.0,65.05,40.42
1788424194.336,369.79,ndvi_acquire_stac,1,2949.7,2949.7,105.0,34.8,9895.3,55658.4,0.0,0.25,1.58,220.01,16722.3,16689.89,0.0,65.05,40.42
1788424194.851,370.31,ndvi_acquire_stac,1,3000.4,3000.4,126.2,37.5,9967.4,55586.3,0.0,0.25,1.58,220.17,16751.0,16706.91,0.0,65.05,40.42
1788424195.353,370.81,ndvi_acquire_stac,1,2966.0,2966.0,141.5,46.6,9995.5,55558.2,0.0,0.25,1.58,220.17,16787.65,16747.6,0.0,65.05,40.42
1788424195.871,371.33,ndvi_acquire_stac,1,2993.4,2993.4,148.5,47.0,9674.6,55879.1,0.0,0.25,1.58,220.56,16828.59,16791.9,0.0,65.05,40.42
1788424196.373,371.83,ndvi_acquire_stac,1,2967.3,2967.3,51.8,40.2,9853.6,55700.1,0.0,0.25,1.58,220.56,16871.4,16823.81,0.0,65.05,40.42
1788424196.876,372.33,ndvi_acquire_stac,1,2969.9,2969.9,41.8,35.4,9886.7,55667.0,0.0,0.25,1.58,220.76,16906.35,16864.94,0.0,65.05,40.42
1788424197.38,372.84,ndvi_acquire_stac,1,2970.0,2970.0,45.6,38.7,9877.7,55676.0,0.0,0.25,1.58,220.81,16945.07,16911.15,0.0,65.05,40.42
1788424197.882,373.34,ndvi_acquire_stac,1,2970.0,2970.0,33.9,37.5,9954.4,55599.3,0.0,0.25,1.58,221.08,16986.74,16936.67,0.0,65.05,40.42
1788424198.383,373.84,ndvi_acquire_stac,1,2970.0,2970.0,41.9,37.5,9959.2,55594.5,0.0,0.25,1.58,221.11,17031.61,16968.94,0.0,65.05,40.42
1788424198.905,374.36,ndvi_acquire_stac,1,2971.6,2971.6,63.3,40.6,9826.2,55727.5,0.0,0.25,1.58,221.43,17080.43,17030.14,0.0,65.05,40.42
1788424199.406,374.86,ndvi_acquire_stac,1,2971.6,2971.6,39.9,36.3,10026.3,55527.4,0.0,0.25,1.58,221.59,17134.81,17072.67,0.0,65.05,40.42
1788424199.909,375.37,ndvi_acquire_stac,1,2971.8,2971.8,61.6,36.0,9971.5,55582.2,0.0,0.25,1.59,221.63,17184.73,17129.34,0.0,65.05,40.42
1788424200.419,375.88,ndvi_acquire_stac,1,2971.8,2971.8,84.3,43.6,10079.0,55474.6,0.0,0.25,1.59,221.84,17239.55,17190.16,0.0,65.05,40.42
1788424200.925,376.38,ndvi_acquire_stac,1,2971.8,2971.8,43.5,35.0,9948.0,55605.7,0.0,0.25,1.6,222.03,17289.1,17225.57,0.0,65.05,40.42
1788424201.429,376.89,ndvi_acquire_stac,1,2972.4,2972.4,61.5,40.5,10006.3,55547.4,0.0,0.25,1.6,222.25,17341.54,17284.95,0.0,65.05,40.42
1788424201.931,377.39,ndvi_acquire_stac,1,2972.4,2972.4,41.9,36.4,9857.4,55696.3,0.0,0.25,1.6,222.34,17391.33,17327.49,0.0,65.05,40.42
1788424202.432,377.89,ndvi_acquire_stac,1,2972.4,2972.4,69.8,40.5,9705.6,55848.1,0.0,0.25,1.6,222.62,17443.84,17395.45,0.0,65.05,40.42
1788424202.935,378.39,ndvi_acquire_stac,1,2972.4,2972.4,41.8,32.9,9631.9,55921.8,0.0,0.25,1.6,222.7,17494.34,17437.95,0.0,65.05,40.42
1788424203.438,378.89,ndvi_acquire_stac,1,2972.4,2972.4,69.6,39.0,9710.9,55842.8,0.0,0.25,1.6,223.17,17542.88,17497.43,0.0,65.05,40.42
1788424203.939,379.4,ndvi_acquire_stac,1,2972.4,2972.4,41.9,35.7,9727.9,55825.7,0.0,0.25,1.6,223.33,17593.55,17539.91,0.0,65.05,40.42
1788424204.441,379.9,ndvi_acquire_stac,1,2972.4,2972.4,57.7,39.0,9857.8,55695.9,0.0,0.25,1.6,223.67,17645.97,17584.56,0.0,65.05,40.42
1788424204.946,380.4,ndvi_acquire_stac,1,2972.4,2972.4,63.5,36.7,9929.3,55624.3,0.0,0.25,1.6,223.67,17692.51,17641.91,0.0,65.05,40.42
1788424205.447,380.9,ndvi_acquire_stac,1,2972.4,2972.4,37.9,37.4,9895.3,55658.4,0.0,0.25,1.6,223.92,17741.37,17675.97,0.0,65.05,40.42
1788424205.949,381.41,ndvi_acquire_stac,1,2972.4,2972.4,59.8,38.7,9953.2,55600.5,0.0,0.25,1.6,223.92,17785.85,17738.51,0.0,65.05,40.42
1788424206.452,381.91,ndvi_acquire_stac,1,2972.4,2972.4,41.7,37.4,9835.1,55718.6,0.0,0.25,1.6,224.15,17831.03,17777.66,0.0,65.05,40.42
1788424206.954,382.41,ndvi_acquire_stac,1,2972.4,2972.4,49.8,39.6,9963.1,55590.6,0.0,0.25,1.6,224.23,17876.82,17828.67,0.0,65.05,40.42
1788424207.455,382.91,ndvi_acquire_stac,1,2972.4,2972.4,29.9,30.8,9865.9,55687.8,0.0,0.25,1.6,224.53,17917.53,17854.23,0.0,65.05,40.42
1788424207.957,383.41,ndvi_acquire_stac,1,2972.4,2972.4,81.8,41.3,9735.5,55818.1,0.0,0.25,1.6,224.63,17964.0,17930.64,0.0,65.05,40.42
1788424208.458,383.91,ndvi_acquire_stac,1,2972.4,2972.4,31.9,37.6,9861.1,55692.6,0.0,0.25,1.6,225.45,18011.86,17956.16,0.0,65.05,40.42
1788424208.961,384.42,ndvi_acquire_stac,1,2972.3,2972.3,39.7,34.7,9584.0,55969.7,0.0,0.25,1.6,225.45,18047.29,17998.32,0.0,65.05,40.42
1788424209.462,384.92,ndvi_acquire_stac,1,2972.8,2972.8,55.8,40.5,9651.3,55902.4,0.0,0.25,1.6,225.81,18083.27,18041.21,0.0,65.05,40.42
1788424209.98,385.44,ndvi_acquire_stac,1,2973.0,2973.0,52.2,36.0,9600.4,55953.3,0.0,0.25,1.6,225.91,18116.87,18091.65,0.0,65.05,40.42
1788424210.481,385.94,ndvi_acquire_stac,1,2973.0,2973.0,19.9,34.4,9576.4,55977.3,0.0,0.25,1.6,226.38,18150.12,18108.7,0.0,65.05,40.42
1788424210.982,386.44,ndvi_acquire_stac,1,2972.9,2972.9,31.9,34.1,9563.4,55990.3,0.0,0.25,1.6,226.38,18184.8,18142.4,0.0,65.05,40.42
1788424211.484,386.94,ndvi_acquire_stac,1,2972.9,2972.9,61.8,40.8,9702.9,55850.8,0.0,0.25,1.6,226.99,18210.9,18202.83,0.0,65.05,40.42
1788424211.986,387.44,ndvi_acquire_stac,1,2972.9,2972.9,13.9,31.9,9677.8,55875.9,0.0,0.25,1.6,227.0,18240.76,18214.57,0.0,65.05,40.42
1788424212.487,387.94,ndvi_acquire_stac,1,2972.9,2972.9,23.9,37.4,9781.9,55771.8,0.0,0.25,1.6,227.38,18270.2,18240.03,0.0,65.05,40.42
1788424212.989,388.45,ndvi_acquire_stac,1,2972.9,2972.9,21.9,35.9,9755.1,55798.6,0.0,0.25,1.6,227.38,18302.05,18265.53,0.0,65.05,40.42
1788424213.594,389.05,ndvi_acquire_stac,1,2972.9,2972.9,82.6,41.1,9816.3,55737.4,0.0,0.25,1.6,228.0,18334.19,18299.49,0.0,65.05,40.42
1788424214.113,389.57,ndvi_acquire_stac,1,2972.9,2972.9,25.1,33.9,9851.0,55702.6,0.0,0.25,1.6,228.11,18360.56,18324.96,0.0,65.05,40.42
1788424214.614,390.07,ndvi_acquire_stac,1,2972.9,2972.9,39.9,37.2,9806.9,55746.8,0.0,0.25,1.6,228.29,18384.6,18358.94,0.0,65.05,40.42
1788424215.116,390.57,ndvi_acquire_stac,1,2972.9,2972.9,25.9,34.9,9874.3,55679.4,0.0,0.25,1.6,228.42,18414.3,18392.93,0.0,65.05,40.42
1788424215.617,391.07,ndvi_acquire_stac,1,2972.9,2972.9,37.9,35.5,9749.4,55804.3,0.0,0.25,1.6,228.42,18444.1,18433.38,0.0,65.05,40.42
1788424216.121,391.58,ndvi_acquire_stac,1,2972.9,2972.9,11.9,34.7,9830.2,55723.5,0.0,0.25,1.6,228.57,18470.65,18439.72,0.0,65.05,40.42
1788424216.623,392.08,ndvi_acquire_stac,1,2972.8,2972.8,27.9,35.9,9717.3,55836.4,0.0,0.25,1.6,228.67,18499.46,18467.33,0.0,65.05,40.42
1788424217.126,392.58,ndvi_acquire_stac,1,2972.7,2972.7,39.8,35.4,9797.6,55756.1,0.0,0.25,1.6,228.67,18522.26,18515.9,0.0,65.05,40.42
1788424217.627,393.08,ndvi_acquire_stac,1,2972.7,2972.7,4.0,35.5,9871.3,55682.4,0.0,0.25,1.6,229.06,18545.24,18515.97,0.0,65.05,40.42
1788424218.129,393.58,ndvi_acquire_stac,1,2972.7,2972.7,23.9,33.3,9774.1,55779.6,0.0,0.25,1.6,229.06,18566.03,18541.46,0.0,65.05,40.42
1788424218.63,394.09,ndvi_acquire_stac,1,2973.4,2973.4,33.9,38.7,9828.9,55724.8,0.0,0.25,1.6,229.21,18588.52,18575.63,0.0,65.05,40.42
1788424219.131,394.59,ndvi_acquire_stac,1,2973.4,2973.4,4.0,31.9,9616.4,55937.3,0.0,0.26,1.6,230.24,18610.98,18575.69,0.0,65.05,40.42
1788424219.633,395.09,ndvi_acquire_stac,1,2973.4,2973.4,43.9,37.0,9684.6,55869.1,0.0,0.26,1.6,230.45,18631.23,18614.08,0.0,65.05,40.42
1788424220.153,395.61,ndvi_acquire_stac,1,2973.4,2973.4,38.4,29.0,9697.1,55856.6,0.0,0.26,1.6,230.49,18655.53,18643.57,0.0,65.05,40.42
1788424220.655,396.11,ndvi_acquire_stac,1,2973.4,2973.4,12.0,25.3,9719.8,55833.9,0.0,0.26,1.6,230.71,18678.61,18652.1,0.0,65.05,40.42
1788424221.16,396.62,ndvi_acquire_stac,1,2973.4,2973.4,25.7,24.0,9536.9,56016.7,0.0,0.26,1.6,230.71,18698.59,18686.02,0.0,65.05,40.42
1788424221.662,397.12,ndvi_acquire_stac,1,2973.4,2973.4,19.9,21.4,9465.9,56087.8,0.0,0.26,1.6,230.84,18721.68,18711.53,0.0,65.05,40.42
1788424222.163,397.62,ndvi_acquire_stac,1,2973.4,2973.4,8.0,35.4,9597.2,55956.5,0.0,0.26,1.6,231.01,18743.23,18720.0,0.0,65.05,40.42
1788424222.665,398.12,ndvi_acquire_stac,1,2973.4,2973.4,29.9,41.4,9599.8,55953.9,0.0,0.26,1.6,231.26,18765.76,18753.86,0.0,65.05,40.42
1788424223.166,398.62,ndvi_acquire_stac,1,2973.4,2973.4,12.0,28.6,9564.4,55989.3,0.0,0.26,1.6,231.33,18786.21,18770.77,0.0,65.05,40.42
1788424223.667,399.12,ndvi_acquire_stac,1,2973.4,2973.4,10.0,28.2,9565.2,55988.5,0.0,0.26,1.6,231.42,18808.47,18779.24,0.0,65.05,40.42
1788424224.169,399.63,ndvi_acquire_stac,1,2973.4,2973.4,31.9,32.2,9574.8,55978.9,0.0,0.26,1.6,231.66,18831.57,18821.53,0.0,65.05,40.42
1788424224.67,400.13,ndvi_acquire_stac,1,2973.4,2973.4,10.0,33.9,9726.7,55827.0,0.0,0.26,1.6,234.44,18852.96,18830.03,0.0,65.05,40.42
1788424225.172,400.63,ndvi_acquire_stac,1,2974.7,2974.7,21.9,35.9,9632.2,55921.5,0.0,0.26,1.6,234.46,18875.94,18855.4,0.0,65.05,40.42
1788424225.673,401.13,ndvi_acquire_stac,1,2977.2,2977.2,25.9,36.3,9542.6,56011.1,0.0,0.26,1.6,234.68,18900.04,18889.35,0.0,65.05,40.42
1788424226.175,401.63,ndvi_acquire_stac,1,2980.2,2980.2,15.9,34.3,9668.3,55885.4,0.0,0.26,1.6,234.68,18925.14,18906.39,0.0,65.05,40.42
1788424226.676,402.13,ndvi_acquire_stac,1,2981.8,2981.8,35.9,39.8,9489.5,56064.2,0.0,0.26,1.6,234.88,18950.11,18943.48,0.0,65.05,40.42
1788424227.181,402.64,ndvi_acquire_stac,1,2981.8,2981.8,15.9,32.8,9632.7,55921.0,0.0,0.26,1.6,234.99,18973.34,18957.3,0.0,65.05,40.42
1788424227.682,403.14,ndvi_acquire_stac,1,2981.8,2981.8,23.9,38.5,9830.7,55723.0,0.0,0.26,1.6,235.02,19000.37,18982.9,0.0,65.05,40.42
1788424228.184,403.64,ndvi_acquire_stac,1,2981.8,2981.8,23.9,37.5,9871.5,55682.2,0.0,0.26,1.6,235.07,19020.28,18999.93,0.0,65.05,40.42
1788424228.686,404.14,ndvi_acquire_stac,1,2981.8,2981.8,19.9,37.4,9776.2,55777.5,0.0,0.26,1.6,235.23,19041.72,19025.63,0.0,65.05,40.42
1788424229.187,404.64,ndvi_acquire_stac,1,2981.8,2981.8,27.9,33.8,9765.1,55788.6,0.0,0.26,1.6,235.59,19067.95,19059.46,0.0,65.05,40.42
1788424229.689,405.15,ndvi_acquire_stac,1,2981.8,2981.8,23.9,37.9,9687.3,55866.4,0.0,0.26,1.6,235.77,19089.98,19085.51,0.0,65.05,40.42
1788424230.19,405.65,ndvi_acquire_stac,1,2981.7,2981.7,6.0,31.3,9675.3,55878.4,0.0,0.26,1.6,235.79,19108.82,19085.58,0.0,65.05,40.42
1788424230.691,406.15,ndvi_acquire_stac,1,2981.7,2981.7,25.9,39.4,9776.5,55777.2,0.0,0.26,1.61,235.97,19128.32,19119.54,0.0,65.05,40.42
1788424231.193,406.65,ndvi_acquire_stac,1,2981.6,2981.6,19.9,30.7,9767.1,55786.5,0.0,0.26,1.61,235.97,19144.91,19145.54,0.0,65.05,40.42
1788424231.694,407.15,ndvi_acquire_stac,1,2981.6,2981.6,4.0,30.4,9702.0,55851.7,0.0,0.26,1.61,236.18,19161.5,19145.57,0.0,65.05,40.42
1788424232.2,407.66,ndvi_acquire_stac,1,2981.4,2981.4,25.7,38.0,9748.6,55805.1,0.0,0.26,1.61,236.26,19177.01,19163.15,0.0,65.05,40.42
1788424232.702,408.16,ndvi_acquire_stac,1,2981.4,2981.4,125.4,46.5,9626.6,55927.1,0.0,0.26,1.61,236.47,19182.14,19188.29,0.0,65.05,40.42
1788424233.227,408.68,ndvi_acquire_stac,1,2981.4,2981.4,70.5,39.7,9744.2,55809.4,0.0,0.26,1.61,236.48,19184.41,19197.12,0.0,65.05,40.42
1788424233.991,409.45,ndvi_acquire_stac,1,2975.0,2975.0,91.6,43.3,9808.3,55745.4,0.0,0.26,1.61,236.58,19196.52,19197.13,0.0,65.05,40.42
1788424234.511,409.97,ndvi_acquire_stac,1,2976.0,2976.0,84.7,39.9,9660.3,55893.4,0.0,0.27,1.61,237.02,19210.43,19205.63,0.0,65.05,40.42
1788424235.014,410.47,ndvi_acquire_stac,1,3012.8,3012.8,53.7,37.0,9756.0,55797.6,0.0,0.27,1.61,237.02,19225.24,19205.68,0.0,65.05,40.42
1788424235.518,410.97,ndvi_acquire_stac,1,3012.7,3012.7,29.8,32.4,9647.6,55906.1,0.0,0.27,1.61,237.24,19235.94,19240.15,0.0,65.05,40.42
1788424236.266,411.72,ndvi_acquire_stac,1,3012.5,3012.5,98.9,44.0,9813.4,55740.3,0.0,0.27,1.61,237.27,19247.01,19240.77,0.0,65.05,40.42
1788424236.817,412.27,ndvi_acquire_stac,1,2982.0,2982.0,94.3,43.5,10052.4,55501.3,0.0,0.27,1.61,237.45,19263.62,19249.32,0.0,65.05,40.42
1788424237.398,412.85,ndvi_acquire_stac,1,2981.9,2981.9,98.1,41.7,10089.9,55463.8,0.0,0.27,1.62,237.56,19273.53,19266.92,0.0,65.05,40.42
1788424237.9,413.36,ndvi_acquire_stac,1,2992.4,2992.4,55.8,40.7,10143.5,55410.2,0.0,0.27,1.62,237.73,19286.58,19269.49,0.0,65.05,40.42
1788424238.59,414.05,ndvi_acquire_stac,1,2992.2,2992.2,79.6,38.5,10143.2,55410.5,0.0,0.27,1.62,238.16,19302.93,19278.55,0.0,65.05,40.42
1788424239.479,414.94,ndvi_acquire_stac,1,2992.1,2992.1,103.5,45.6,10323.9,55229.8,0.0,0.27,1.62,238.6,19311.25,19304.56,0.0,65.05,40.42
1788424240.043,415.5,ndvi_acquire_stac,1,3029.1,3029.1,282.1,45.9,10311.8,55241.8,0.0,0.27,1.62,238.76,19328.09,19304.67,0.0,65.05,40.42
1788424241.236,416.69,ndvi_acquire_stac,1,2987.4,2987.4,72.0,48.1,10465.9,55087.9,0.0,0.27,1.62,238.99,19336.35,19321.62,0.0,65.05,40.42
1788424241.768,417.22,ndvi_acquire_stac,1,2990.4,2990.4,156.2,47.2,10316.3,55237.4,0.0,0.27,1.62,239.15,19348.93,19322.35,0.0,65.05,40.42
1788424242.289,417.75,ndvi_acquire_stac,1,3019.1,3019.1,141.9,48.8,10318.4,55235.4,0.0,0.27,1.62,239.3,19364.34,19338.67,0.0,65.05,40.42
1788424242.791,418.25,ndvi_acquire_stac,1,3024.8,3024.8,23.9,36.5,10325.0,55228.7,0.0,0.27,1.62,239.47,19377.0,19355.59,0.0,65.05,40.42
1788424243.292,418.75,ndvi_acquire_stac,1,3029.1,3029.1,19.9,33.1,10193.9,55359.8,0.0,0.27,1.62,239.47,19390.14,19377.38,0.0,65.05,40.42
1788424243.796,419.25,ndvi_acquire_stac,1,3029.1,3029.1,13.9,33.3,10198.5,55355.3,0.0,0.27,1.62,239.52,19404.7,19389.51,0.0,65.05,40.42
1788424244.297,419.75,ndvi_acquire_stac,1,3029.1,3029.1,4.0,30.5,9818.7,55735.0,0.0,0.27,1.62,239.65,19418.92,19389.56,0.0,65.05,40.42
1788424244.799,420.26,ndvi_acquire_stac,1,3029.1,3029.1,12.0,33.9,9911.9,55641.9,0.0,0.27,1.62,242.7,19436.07,19406.46,0.0,65.05,40.42
1788424245.3,420.76,ndvi_acquire_stac,1,3029.1,3029.1,18.0,32.0,9994.8,55558.9,0.0,0.27,1.62,242.7,19462.28,19423.38,0.0,65.05,40.42
1788424245.801,421.26,ndvi_acquire_stac,1,3029.2,3029.2,27.9,29.9,9786.5,55767.2,0.0,0.27,1.62,243.23,19488.74,19457.19,0.0,65.05,40.42
1788424246.303,421.76,ndvi_acquire_stac,1,3029.3,3029.3,23.9,36.0,9913.8,55639.9,0.0,0.27,1.62,243.27,19517.13,19474.23,0.0,65.05,40.42
1788424246.804,422.26,ndvi_acquire_stac,1,3029.3,3029.3,33.9,38.0,9839.5,55714.2,0.0,0.27,1.62,243.68,19542.25,19508.16,0.0,65.05,40.42
1788424247.305,422.76,ndvi_acquire_stac,1,3029.3,3029.3,23.9,34.1,9948.4,55605.3,0.0,0.27,1.62,243.74,19570.94,19533.64,0.0,65.05,40.42
1788424247.807,423.26,ndvi_acquire_stac,1,3029.3,3029.3,21.9,33.3,9996.0,55557.7,0.0,0.27,1.62,243.91,19591.32,19559.11,0.0,65.05,40.42
1788424248.308,423.76,ndvi_acquire_stac,1,3029.3,3029.3,12.0,32.4,9722.8,55830.9,0.0,0.27,1.62,243.98,19618.03,19567.64,0.0,65.05,40.42
1788424248.809,424.27,ndvi_acquire_stac,1,3029.3,3029.3,33.9,34.2,9781.6,55772.2,0.0,0.27,1.62,244.07,19639.68,19604.34,0.0,65.05,40.42
1788424249.314,424.77,ndvi_acquire_stac,1,3029.3,3029.3,33.7,38.7,9774.5,55779.2,0.0,0.27,1.62,244.99,19658.78,19635.5,0.0,65.05,40.42
1788424249.815,425.27,ndvi_acquire_stac,1,3029.3,3029.3,6.0,21.1,9884.8,55669.0,0.0,0.27,1.62,245.27,19683.77,19635.59,0.0,65.05,40.42
1788424250.317,425.77,ndvi_acquire_stac,1,3029.3,3029.3,35.9,28.8,9893.4,55660.4,0.0,0.27,1.62,245.32,19709.04,19677.96,0.0,65.05,40.42
1788424250.818,426.27,ndvi_acquire_stac,1,3029.3,3029.3,21.9,37.5,10052.0,55501.7,0.0,0.27,1.62,245.53,19733.33,19703.45,0.0,65.05,40.42
1788424251.319,426.78,ndvi_acquire_stac,1,3029.3,3029.3,16.0,32.9,10110.8,55442.9,0.0,0.27,1.62,245.69,19757.7,19720.39,0.0,65.05,40.42
1788424251.821,427.28,ndvi_acquire_stac,1,3029.3,3029.3,21.9,32.7,9874.5,55679.2,0.0,0.27,1.62,245.83,19782.93,19745.8,0.0,65.05,40.42
1788424252.322,427.78,ndvi_acquire_stac,1,3029.3,3029.3,23.9,36.6,9903.4,55650.3,0.0,0.27,1.62,246.0,19808.24,19771.18,0.0,65.05,40.42
1788424252.824,428.28,ndvi_acquire_stac,1,3029.3,3029.3,19.9,33.2,9870.8,55683.0,0.0,0.27,1.62,246.33,19831.53,19796.61,0.0,65.05,40.42
1788424253.325,428.78,ndvi_acquire_stac,1,3029.3,3029.3,19.9,34.7,10034.2,55519.5,0.0,0.27,1.62,246.55,19854.64,19813.59,0.0,65.05,40.42
1788424253.827,429.28,ndvi_acquire_stac,1,3029.3,3029.3,33.9,34.1,10043.7,55510.0,0.0,0.27,1.62,246.7,19873.28,19855.98,0.0,65.05,40.42
1788424254.328,429.78,ndvi_acquire_stac,1,3029.3,3029.3,6.0,34.2,10138.4,55415.3,0.0,0.27,1.62,246.91,19897.65,19856.02,0.0,65.05,40.42
1788424254.829,430.29,ndvi_acquire_stac,1,3029.3,3029.3,33.9,34.4,10168.9,55384.9,0.0,0.27,1.62,247.08,19919.68,19896.31,0.0,65.05,40.42
1788424255.332,430.79,ndvi_acquire_stac,1,3029.3,3029.3,17.9,35.5,10202.8,55350.9,0.0,0.27,1.62,247.08,19943.44,19915.35,0.0,65.05,40.42
1788424255.834,431.29,ndvi_acquire_stac,1,3029.1,3029.1,43.9,34.9,9854.8,55698.6,0.0,0.27,1.62,247.24,19960.91,19920.55,0.0,65.05,40.42
1788424256.418,431.87,ndvi_acquire_stac,1,3039.1,3039.1,104.4,44.0,9907.7,55646.0,0.0,0.27,1.62,247.42,19981.07,19930.78,0.0,65.05,40.42
1788424256.955,432.41,ndvi_acquire_stac,1,3039.0,3039.0,94.8,43.8,9914.3,55639.4,0.0,0.27,1.62,247.52,19995.83,19971.52,0.0,65.05,40.42
1788424257.457,432.91,ndvi_acquire_stac,1,3042.9,3042.9,37.9,37.6,9969.7,55584.1,0.0,0.27,1.62,247.69,20013.09,19980.08,0.0,65.05,40.42
1788424257.958,433.41,ndvi_acquire_stac,1,3042.9,3042.9,33.9,35.5,9827.1,55726.6,0.0,0.27,1.62,247.71,20028.24,20014.03,0.0,65.05,40.42
1788424258.46,433.92,ndvi_acquire_stac,1,3042.9,3042.9,10.0,32.4,9902.6,55651.2,0.0,0.27,1.62,248.06,20044.52,20022.63,0.0,65.05,40.42
1788424258.961,434.42,ndvi_acquire_stac,1,3042.8,3042.8,33.9,35.3,9905.5,55648.2,0.0,0.27,1.62,248.06,20060.06,20027.84,0.0,65.05,40.42
1788424259.536,434.99,ndvi_acquire_stac,1,3064.7,3064.7,113.0,45.0,9943.0,55610.7,0.0,0.27,1.62,248.18,20076.91,20052.64,0.0,65.05,40.42
1788424260.126,435.58,ndvi_acquire_stac,1,3075.1,3075.1,69.5,39.7,9966.8,55586.9,0.0,0.27,1.62,248.18,20091.5,20068.86,0.0,65.05,40.42
1788424260.772,436.23,ndvi_acquire_stac,1,3069.9,3069.9,106.9,44.2,9950.5,55603.2,0.0,0.27,1.62,249.2,20102.55,20077.39,0.0,65.05,40.42
1788424261.361,436.82,ndvi_acquire_stac,1,3080.5,3080.5,62.8,40.2,10021.7,55532.0,0.0,0.27,1.62,249.2,20111.55,20094.44,0.0,65.05,40.42
1788424261.862,437.32,ndvi_acquire_stac,1,3080.5,3080.5,10.0,36.4,9973.0,55580.7,0.0,0.27,1.62,249.67,20121.12,20108.04,0.0,65.05,40.42
1788424262.365,437.82,ndvi_acquire_stac,1,3080.4,3080.4,85.5,43.6,9970.0,55583.7,0.0,0.27,1.62,249.98,20134.66,20116.52,0.0,65.05,40.42
1788424263.109,438.56,ndvi_acquire_stac,1,3088.8,3088.8,76.7,40.4,9978.7,55575.0,0.0,0.27,1.62,249.98,20145.91,20125.02,0.0,65.05,40.42
1788424263.61,439.07,ndvi_acquire_stac,1,3088.9,3088.9,13.9,36.4,9964.4,55589.3,0.0,0.27,1.62,250.22,20157.17,20133.55,0.0,65.05,40.42
1788424264.112,439.57,ndvi_acquire_stac,1,3089.0,3089.0,10.0,34.3,9966.2,55587.5,0.0,0.27,1.62,250.31,20179.4,20142.06,0.0,65.05,40.42
1788424264.613,440.07,ndvi_acquire_stac,1,3089.0,3089.0,23.9,36.5,9955.0,55598.8,0.0,0.27,1.62,250.75,20193.09,20167.5,0.0,65.05,40.42
1788424265.115,440.57,ndvi_acquire_stac,1,3089.1,3089.1,10.0,28.9,9791.4,55762.3,0.0,0.27,1.62,250.88,20210.21,20175.99,0.0,65.05,40.42
1788424265.617,441.07,ndvi_acquire_stac,1,3089.2,3089.2,15.9,34.5,9911.8,55641.9,0.0,0.27,1.62,251.04,20231.48,20192.99,0.0,65.05,40.42
1788424266.118,441.57,ndvi_acquire_stac,1,3089.2,3089.2,23.9,33.8,9941.7,55612.1,0.0,0.27,1.62,251.04,20250.24,20218.46,0.0,65.05,40.42
1788424266.62,442.08,ndvi_acquire_stac,1,3089.2,3089.2,19.9,33.9,9727.6,55826.2,0.0,0.27,1.62,251.33,20280.68,20235.49,0.0,65.05,40.42
1788424267.121,442.58,ndvi_acquire_stac,1,3089.3,3089.3,23.9,34.8,9780.9,55772.8,0.0,0.28,1.62,251.33,20304.97,20260.98,0.0,65.05,40.42
1788424267.622,443.08,ndvi_acquire_stac,1,3089.3,3089.3,37.9,37.1,9821.0,55732.8,0.0,0.28,1.62,251.88,20330.76,20303.4,0.0,65.05,40.42
1788424268.124,443.58,ndvi_acquire_stac,1,3089.3,3089.3,12.0,33.5,9873.0,55680.7,0.0,0.28,1.62,252.15,20357.85,20311.93,0.0,65.05,40.42
1788424268.625,444.08,ndvi_acquire_stac,1,3089.3,3089.3,39.9,37.3,9820.7,55733.0,0.0,0.28,1.62,252.58,20385.45,20361.64,0.0,65.05,40.42
1788424269.126,444.58,ndvi_acquire_stac,1,3089.3,3089.3,10.0,32.9,9747.6,55806.2,0.0,0.28,1.62,252.85,20410.5,20371.24,0.0,65.05,40.42
1788424269.628,445.08,ndvi_acquire_stac,1,3089.3,3089.3,23.9,35.5,9886.1,55667.6,0.0,0.28,1.62,253.17,20436.44,20396.75,0.0,65.05,40.42
1788424270.129,445.59,ndvi_acquire_stac,1,3089.3,3089.3,25.9,34.3,9839.9,55713.8,0.0,0.28,1.62,253.28,20462.66,20430.74,0.0,65.05,40.42
1788424270.631,446.09,ndvi_acquire_stac,1,3089.3,3089.3,15.9,34.5,9859.5,55694.2,0.0,0.28,1.62,253.48,20484.01,20447.74,0.0,65.05,40.42
1788424271.132,446.59,ndvi_acquire_stac,1,3089.3,3089.3,21.9,31.8,9626.5,55927.3,0.0,0.28,1.62,253.54,20509.26,20473.21,0.0,65.05,40.42
1788424271.634,447.09,ndvi_acquire_stac,1,3089.3,3089.3,21.9,36.1,9817.5,55736.2,0.0,0.28,1.62,256.73,20531.74,20498.73,0.0,65.05,40.42
1788424272.135,447.59,ndvi_acquire_stac,1,3089.3,3089.3,23.9,35.0,9700.3,55853.4,0.0,0.28,1.62,256.73,20558.89,20524.24,0.0,65.05,40.42
1788424272.636,448.09,ndvi_acquire_stac,1,3089.3,3089.3,16.0,34.2,9633.0,55920.8,0.0,0.28,1.62,257.26,20583.54,20541.26,0.0,65.05,40.42
1788424273.138,448.59,ndvi_acquire_stac,1,3089.3,3089.3,21.9,34.6,9771.9,55781.9,0.0,0.28,1.62,257.26,20607.37,20566.76,0.0,65.05,40.42
1788424273.639,449.1,ndvi_acquire_stac,1,3089.3,3089.3,25.9,31.8,9602.2,55951.5,0.0,0.28,1.62,257.4,20631.04,20600.73,0.0,65.05,40.42
1788424274.14,449.6,ndvi_acquire_stac,1,3089.3,3089.3,25.9,33.9,9764.4,55789.3,0.0,0.28,1.62,257.59,20656.02,20626.23,0.0,65.05,40.42
1788424274.642,450.1,ndvi_acquire_stac,1,3089.3,3089.3,18.0,33.5,9818.6,55735.2,0.0,0.28,1.62,257.84,20680.18,20643.25,0.0,65.05,40.42
1788424275.143,450.6,ndvi_acquire_stac,1,3089.3,3089.3,16.0,34.9,9792.2,55761.6,0.0,0.28,1.62,257.84,20705.89,20660.29,0.0,65.05,40.42
1788424275.645,451.1,ndvi_acquire_stac,1,3089.3,3089.3,33.9,35.2,9745.8,55808.0,0.0,0.28,1.62,257.89,20729.67,20699.52,0.0,65.05,40.42
1788424276.148,451.6,ndvi_acquire_stac,1,3089.2,3089.2,15.9,29.8,9821.5,55732.3,0.0,0.28,1.62,257.89,20748.78,20713.24,0.0,65.05,40.42
1788424276.649,452.11,ndvi_acquire_stac,1,3089.2,3089.2,21.9,36.4,9839.3,55714.5,0.0,0.28,1.62,258.09,20768.01,20738.75,0.0,65.05,40.42
1788424277.15,452.61,ndvi_acquire_stac,1,3089.2,3089.2,21.9,34.0,9843.4,55710.4,0.0,0.28,1.62,258.13,20788.9,20764.25,0.0,65.05,40.42
1788424277.652,453.11,ndvi_acquire_stac,1,3089.2,3089.2,10.0,35.2,9821.4,55732.4,0.0,0.28,1.62,258.45,20806.41,20772.78,0.0,65.05,40.42
1788424278.157,453.61,ndvi_acquire_stac,1,3089.1,3089.1,45.5,38.1,9874.3,55679.4,0.0,0.28,1.62,258.51,20828.55,20802.43,0.0,65.05,40.42
1788424278.765,454.22,ndvi_acquire_stac,1,3089.1,3089.1,103.7,43.9,10028.2,55525.6,0.0,0.28,1.62,258.75,20848.47,20822.26,0.0,65.05,40.42
1788424279.374,454.83,ndvi_acquire_stac,1,3099.5,3099.5,55.8,37.5,10134.5,55419.3,0.0,0.28,1.62,258.76,20862.96,20840.58,0.0,65.05,40.42
1788424279.875,455.33,ndvi_acquire_stac,1,3099.5,3099.5,17.9,35.4,9962.7,55591.1,0.0,0.28,1.62,259.39,20874.86,20851.07,0.0,65.05,40.42
1788424280.376,455.83,ndvi_acquire_stac,1,3099.5,3099.5,14.0,37.0,10133.2,55420.6,0.0,0.28,1.62,259.53,20883.46,20868.03,0.0,65.05,40.42
1788424280.878,456.33,ndvi_acquire_stac,1,3099.5,3099.5,10.0,31.6,10077.2,55476.5,0.0,0.28,1.62,259.96,20895.64,20876.54,0.0,65.05,40.42
1788424281.379,456.84,ndvi_acquire_stac,1,3099.5,3099.5,6.0,34.0,10185.8,55368.0,0.0,0.28,1.62,260.02,20906.91,20885.05,0.0,65.05,40.42
1788424281.99,457.45,ndvi_acquire_stac,1,3099.2,3099.2,62.2,38.9,10096.1,55457.6,0.0,0.28,1.62,260.35,20917.65,20899.69,0.0,65.05,40.42
1788424282.54,458.0,ndvi_acquire_stac,1,3132.7,3132.7,112.5,45.5,10215.1,55338.7,0.0,0.28,1.62,260.88,20930.17,20912.44,0.0,65.05,40.42
1788424283.042,458.5,ndvi_acquire_stac,1,3097.4,3097.4,133.7,38.4,10005.4,55548.3,0.0,0.28,1.62,260.88,20939.14,20918.9,0.0,65.05,40.42
1788424283.555,459.01,ndvi_acquire_stac,1,3151.0,3151.0,115.0,33.4,10104.8,55448.9,0.0,0.28,1.62,261.47,20952.77,20939.95,0.0,65.05,40.42
1788424284.057,459.51,ndvi_acquire_stac,1,3151.2,3151.2,15.9,29.9,10198.6,55355.2,0.0,0.28,1.62,261.49,20961.76,20948.48,0.0,65.05,40.42
1788424284.558,460.01,ndvi_acquire_stac,1,3151.3,3151.3,10.0,30.8,10263.9,55289.9,0.0,0.28,1.62,262.14,20972.21,20956.99,0.0,65.05,40.42
1788424285.059,460.52,ndvi_acquire_stac,1,3151.3,3151.3,12.0,30.0,10196.0,55357.8,0.0,0.28,1.62,262.14,20984.09,20965.49,0.0,65.05,40.42
1788424285.561,461.02,ndvi_acquire_stac,1,3151.3,3151.3,6.0,31.7,10251.6,55302.2,0.0,0.28,1.62,262.52,20995.51,20974.0,0.0,65.05,40.42
1788424286.105,461.56,ndvi_acquire_stac,1,3151.1,3151.1,69.8,37.1,10078.0,55475.8,0.0,0.28,1.62,262.6,21007.62,20986.64,0.0,65.05,40.42
1788424286.62,462.08,ndvi_acquire_stac,1,3173.9,3173.9,95.2,44.6,10234.2,55319.6,0.0,0.28,1.62,262.82,21021.4,20995.2,0.0,65.05,40.42
1788424287.121,462.58,ndvi_acquire_stac,1,3214.7,3214.7,41.9,36.2,10203.5,55350.3,0.0,0.28,1.62,262.91,21042.89,21012.22,0.0,65.05,40.42
1788424287.623,463.08,ndvi_acquire_stac,1,3214.8,3214.8,23.9,30.3,10111.6,55442.2,0.0,0.28,1.62,263.35,21068.51,21037.71,0.0,65.05,40.42
1788424288.125,463.58,ndvi_acquire_stac,1,3214.9,3214.9,17.9,34.0,10306.3,55247.5,0.0,0.28,1.62,263.72,21088.62,21054.75,0.0,65.05,40.42
1788424288.626,464.08,ndvi_acquire_stac,1,3214.9,3214.9,23.9,28.3,10228.4,55325.3,0.0,0.28,1.62,264.23,21109.66,21076.79,0.0,65.05,40.42
1788424289.129,464.59,ndvi_acquire_stac,1,3214.9,3214.9,23.8,34.2,10414.6,55139.2,0.0,0.28,1.62,264.27,21129.47,21104.73,0.0,65.05,40.42
1788424289.632,465.09,ndvi_acquire_stac,1,3214.9,3214.9,8.0,31.0,10130.7,55423.1,0.0,0.28,1.62,264.84,21154.83,21105.84,0.0,65.05,40.42
1788424290.134,465.59,ndvi_acquire_stac,1,3215.0,3215.0,25.9,23.6,10223.0,55330.8,0.0,0.28,1.62,264.87,21178.25,21140.16,0.0,65.05,40.42
1788424290.635,466.09,ndvi_acquire_stac,1,3215.0,3215.0,27.9,23.5,10030.0,55523.7,0.0,0.28,1.62,265.08,21205.25,21165.67,0.0,65.05,40.42
1788424291.137,466.59,ndvi_acquire_stac,1,3215.1,3215.1,23.9,33.0,10226.4,55327.3,0.0,0.28,1.62,265.09,21232.22,21186.95,0.0,65.05,40.42
1788424291.644,467.1,ndvi_acquire_stac,1,3215.1,3215.1,27.6,35.0,10180.0,55373.8,0.0,0.29,1.62,265.34,21255.97,21216.7,0.0,65.05,40.42
1788424292.146,467.6,ndvi_acquire_stac,1,3215.1,3215.1,25.9,33.3,10314.5,55239.3,0.0,0.29,1.62,265.34,21282.22,21243.25,0.0,65.05,40.42
1788424292.65,468.11,ndvi_acquire_stac,1,3215.1,3215.1,21.8,36.0,10199.6,55354.2,0.0,0.29,1.62,265.54,21305.56,21276.14,0.0,65.05,40.42
1788424293.152,468.61,ndvi_acquire_stac,1,3215.1,3215.1,13.9,34.5,10183.1,55370.7,0.0,0.29,1.62,265.57,21329.37,21284.8,0.0,65.05,40.42
1788424293.655,469.11,ndvi_acquire_stac,1,3215.1,3215.1,41.8,38.6,10291.3,55262.4,0.0,0.29,1.62,265.66,21351.54,21327.16,0.0,65.05,40.42
1788424294.156,469.61,ndvi_acquire_stac,1,3215.1,3215.1,16.0,34.5,10104.2,55449.5,0.0,0.29,1.62,265.67,21377.18,21344.19,0.0,65.05,40.42
1788424294.657,470.11,ndvi_acquire_stac,1,3215.1,3215.1,23.9,33.6,10177.2,55376.5,0.0,0.29,1.62,266.02,21401.07,21365.59,0.0,65.05,40.42
1788424295.166,470.62,ndvi_acquire_stac,1,3215.1,3215.1,15.7,32.9,9999.9,55553.8,0.0,0.29,1.62,266.12,21429.13,21386.7,0.0,65.05,40.42
1788424295.667,471.12,ndvi_acquire_stac,1,3215.1,3215.1,33.9,37.1,10045.2,55508.5,0.0,0.29,1.62,266.54,21451.06,21420.68,0.0,65.05,40.42
1788424296.168,471.62,ndvi_acquire_stac,1,3215.1,3215.1,21.9,32.0,9980.6,55573.1,0.0,0.29,1.62,266.55,21477.8,21437.71,0.0,65.05,40.42
1788424296.67,472.13,ndvi_acquire_stac,1,3215.1,3215.1,27.9,38.1,10019.5,55534.2,0.0,0.29,1.62,266.99,21503.21,21467.95,0.0,65.05,40.42
1788424297.182,472.64,ndvi_acquire_stac,1,3215.1,3215.1,21.5,32.1,10037.1,55516.6,0.0,0.29,1.62,267.01,21530.81,21488.74,0.0,65.05,40.42
1788424297.683,473.14,ndvi_acquire_stac,1,3215.1,3215.1,23.9,35.8,9959.0,55594.7,0.0,0.29,1.62,267.22,21557.84,21514.23,0.0,65.05,40.42
1788424298.185,473.64,ndvi_acquire_stac,1,3215.1,3215.1,31.9,34.9,10133.7,55420.0,0.0,0.29,1.62,267.46,21585.54,21556.69,0.0,65.05,40.42
1788424298.686,474.14,ndvi_acquire_stac,1,3215.1,3215.1,10.0,32.2,10101.5,55452.2,0.0,0.29,1.62,267.96,21614.12,21565.25,0.0,65.05,40.42
1788424299.187,474.64,ndvi_acquire_stac,1,3215.1,3215.1,45.9,37.5,10272.8,55281.0,0.0,0.29,1.62,267.96,21638.41,21616.22,0.0,65.05,40.42
1788424299.689,475.15,ndvi_acquire_stac,1,3215.1,3215.1,17.9,35.3,10271.0,55282.7,0.0,0.29,1.62,268.15,21667.05,21633.24,0.0,65.05,40.42
1788424300.19,475.65,ndvi_acquire_stac,1,3215.1,3215.1,21.9,33.5,10329.8,55223.9,0.0,0.29,1.62,268.18,21695.09,21650.29,0.0,65.05,40.42
1788424300.691,476.15,ndvi_acquire_stac,1,3215.1,3215.1,37.9,35.9,10476.9,55076.8,0.0,0.29,1.62,268.39,21718.32,21692.76,0.0,65.05,40.42
1788424301.193,476.65,ndvi_acquire_stac,1,3215.1,3215.1,17.9,33.3,10510.6,55043.1,0.0,0.29,1.62,268.39,21744.99,21709.77,0.0,65.05,40.42
1788424301.694,477.15,ndvi_acquire_stac,1,3215.1,3215.1,21.9,33.6,10200.9,55352.8,0.0,0.29,1.62,268.44,21770.16,21735.26,0.0,65.05,40.42
1788424302.196,477.65,ndvi_acquire_stac,1,3215.1,3215.1,27.9,35.9,10146.5,55407.3,0.0,0.29,1.62,268.44,21797.56,21760.8,0.0,65.05,40.42
1788424302.697,478.15,ndvi_acquire_stac,1,3215.1,3215.1,27.9,36.8,10188.6,55365.1,0.0,0.29,1.62,268.99,21820.62,21786.33,0.0,65.05,40.42
1788424303.199,478.66,ndvi_acquire_stac,1,3215.1,3215.1,23.9,30.0,10268.0,55285.7,0.0,0.29,1.62,268.99,21845.28,21811.85,0.0,65.05,40.42
1788424303.7,479.16,ndvi_acquire_stac,1,3215.1,3215.1,19.9,30.5,9953.4,55600.3,0.0,0.29,1.62,269.09,21873.55,21837.36,0.0,65.05,40.42
1788424304.201,479.66,ndvi_acquire_stac,1,3215.1,3215.1,27.9,29.3,9902.3,55651.4,0.0,0.29,1.62,269.1,21898.95,21871.29,0.0,65.05,40.42
1788424304.703,480.16,ndvi_acquire_stac,1,3215.1,3215.1,17.9,35.2,9949.5,55604.2,0.0,0.29,1.62,269.4,21925.11,21888.31,0.0,65.05,40.42
1788424305.204,480.66,ndvi_acquire_stac,1,3215.1,3215.1,27.9,32.7,9803.2,55750.5,0.0,0.29,1.62,269.4,21951.18,21922.32,0.0,65.05,40.42
1788424305.706,481.16,ndvi_acquire_stac,1,3215.1,3215.1,23.9,37.0,9922.1,55631.6,0.0,0.29,1.62,269.61,21978.69,21947.84,0.0,65.05,40.42
1788424306.207,481.66,ndvi_acquire_stac,1,3215.1,3215.1,14.0,33.5,9894.6,55659.2,0.0,0.29,1.62,269.61,22003.97,21964.87,0.0,65.05,40.42
1788424306.708,482.16,ndvi_acquire_stac,1,3215.1,3215.1,27.9,34.0,9963.5,55590.2,0.0,0.29,1.62,269.75,22026.12,21998.87,0.0,65.05,40.42
1788424307.209,482.67,ndvi_acquire_stac,1,3215.1,3215.1,12.0,30.4,10086.5,55467.2,0.0,0.29,1.62,269.75,22049.86,22007.4,0.0,65.05,40.42
1788424307.711,483.17,ndvi_acquire_stac,1,3215.1,3215.1,25.9,37.5,10131.5,55422.2,0.0,0.29,1.62,270.39,22074.24,22041.37,0.0,65.05,40.42
1788424308.212,483.67,ndvi_acquire_stac,1,3215.1,3215.1,21.9,34.7,9851.6,55702.1,0.0,0.29,1.62,270.4,22097.38,22066.89,0.0,65.05,40.42
1788424308.713,484.17,ndvi_acquire_stac,1,3215.1,3215.1,16.0,35.4,10050.5,55503.2,0.0,0.29,1.62,270.89,22121.15,22083.93,0.0,65.05,40.42
1788424309.215,484.67,ndvi_acquire_stac,1,3215.1,3215.1,21.9,34.7,9913.2,55640.5,0.0,0.29,1.62,270.91,22145.52,22109.46,0.0,65.05,40.42
1788424309.716,485.17,ndvi_acquire_stac,1,3215.1,3215.1,25.9,36.4,9986.8,55566.9,0.0,0.29,1.62,271.16,22171.85,22134.98,0.0,65.05,40.42
1788424310.218,485.67,ndvi_acquire_stac,1,3215.1,3215.1,29.9,32.9,9962.0,55591.7,0.0,0.29,1.62,271.19,22194.65,22172.17,0.0,65.05,40.42
1788424310.72,486.18,ndvi_acquire_stac,1,3215.1,3215.1,8.0,32.2,9980.0,55573.8,0.0,0.29,1.62,271.53,22219.94,22177.5,0.0,65.05,40.42
1788424311.222,486.68,ndvi_acquire_stac,1,3215.1,3215.1,31.9,35.8,9717.7,55836.0,0.0,0.29,1.62,271.53,22243.59,22211.49,0.0,65.05,40.42
1788424311.723,487.18,ndvi_acquire_stac,1,3215.1,3215.1,25.9,36.5,9884.2,55669.2,0.0,0.29,1.62,271.81,22265.85,22236.99,0.0,65.05,40.42
1788424312.225,487.68,ndvi_acquire_stac,1,3215.1,3215.1,23.9,32.5,9942.0,55611.7,0.0,0.29,1.62,271.81,22289.76,22257.63,0.0,65.05,40.42
1788424312.73,488.19,ndvi_acquire_stac,1,3215.1,3215.1,25.7,33.4,9941.0,55612.8,0.0,0.29,1.62,274.25,22317.28,22288.01,0.0,65.05,40.42
1788424313.231,488.69,ndvi_acquire_stac,1,3215.1,3215.1,10.0,29.9,10011.4,55542.3,0.0,0.29,1.62,274.49,22338.94,22296.52,0.0,65.05,40.42
1788424313.733,489.19,ndvi_acquire_stac,1,3215.1,3215.1,29.9,33.5,10025.8,55527.9,0.0,0.29,1.62,274.54,22362.43,22332.4,0.0,65.05,40.42
1788424314.234,489.69,ndvi_acquire_stac,1,3215.0,3215.0,21.9,33.3,10149.1,55404.6,0.0,0.29,1.62,275.48,22382.08,22357.9,0.0,65.05,40.42
1788424314.736,490.19,ndvi_acquire_stac,1,3215.0,3215.0,16.0,32.3,10015.7,55538.0,0.0,0.29,1.62,275.85,22400.66,22374.92,0.0,65.05,40.42
1788424315.237,490.69,ndvi_acquire_stac,1,3215.0,3215.0,16.0,34.6,10107.4,55446.3,0.0,0.29,1.62,275.85,22421.13,22390.34,0.0,65.05,40.42
1788424315.744,491.2,ndvi_acquire_stac,1,3215.0,3215.0,21.7,30.9,9829.5,55724.2,0.0,0.29,1.62,276.23,22440.4,22417.42,0.0,65.05,40.42
1788424316.246,491.7,ndvi_acquire_stac,1,3215.0,3215.0,14.0,22.6,9957.5,55596.2,0.0,0.29,1.62,276.23,22460.88,22434.47,0.0,65.05,40.42
1788424316.751,492.21,ndvi_acquire_stac,1,3214.9,3214.9,81.1,32.8,10093.9,55459.8,0.0,0.29,1.62,276.51,22486.04,22450.24,0.0,65.05,40.42
1788424317.522,492.98,ndvi_acquire_stac,1,3215.8,3215.8,42.8,38.5,10294.0,55259.7,0.0,0.29,1.62,276.57,22503.66,22475.74,0.0,65.05,40.42
1788424318.023,493.48,ndvi_acquire_stac,1,3256.6,3256.6,75.8,42.9,10494.2,55059.5,0.0,0.29,1.62,277.88,22517.17,22491.51,0.0,65.05,40.42
1788424318.524,493.98,ndvi_acquire_stac,1,3273.3,3273.3,57.8,38.9,10545.4,55008.3,0.0,0.29,1.62,278.09,22530.14,22517.05,0.0,65.05,40.42
1788424319.026,494.48,ndvi_acquire_stac,1,3273.3,3273.3,21.9,33.9,10365.0,55188.7,0.0,0.29,1.62,278.11,22542.73,22527.49,0.0,65.05,40.42
1788424319.528,494.98,ndvi_acquire_stac,1,3273.3,3273.3,10.0,33.5,10235.5,55318.2,0.0,0.29,1.62,278.63,22554.08,22531.96,0.0,65.05,40.42
1788424320.032,495.49,ndvi_acquire_stac,1,3273.3,3273.3,13.9,33.4,10194.7,55359.0,0.0,0.29,1.62,278.66,22563.67,22544.52,0.0,65.05,40.42
1788424320.534,495.99,ndvi_acquire_stac,1,3273.3,3273.3,6.0,28.1,10276.4,55277.3,0.0,0.29,1.62,279.09,22579.82,22544.58,0.0,65.05,40.42
1788424321.035,496.49,ndvi_acquire_stac,1,3273.4,3273.4,27.9,31.9,10050.7,55503.0,0.0,0.29,1.62,279.09,22596.96,22580.68,0.0,65.05,40.42
1788424321.536,496.99,ndvi_acquire_stac,1,3274.3,3274.3,8.0,35.4,10214.3,55339.4,0.0,0.29,1.62,279.47,22619.95,22584.24,0.0,65.05,40.42
1788424322.038,497.49,ndvi_acquire_stac,1,3276.4,3276.4,25.9,34.7,10042.5,55511.3,0.0,0.29,1.62,279.47,22644.37,22604.72,0.0,65.05,40.42
1788424322.545,498.0,ndvi_acquire_stac,1,3280.3,3280.3,35.5,36.3,10136.6,55417.1,0.0,0.29,1.62,279.89,22666.56,22643.77,0.0,65.05,40.42
1788424323.046,498.5,ndvi_acquire_stac,1,3284.5,3284.5,16.0,32.0,9989.6,55564.1,0.0,0.29,1.62,280.08,22690.72,22660.78,0.0,65.05,40.42
1788424323.548,499.0,ndvi_acquire_stac,1,3287.0,3287.0,17.9,34.2,10204.4,55349.3,0.0,0.29,1.62,280.47,22716.35,22677.8,0.0,65.05,40.42
1788424324.049,499.51,ndvi_acquire_stac,1,3287.0,3287.0,27.9,35.0,9877.2,55676.9,0.0,0.29,1.62,280.57,22737.01,22710.72,0.0,65.05,40.42
1788424324.761,500.22,ndvi_acquire_stac,1,3286.9,3286.9,56.2,27.7,9855.9,55697.8,0.0,0.29,1.62,281.08,22765.23,22722.25,0.0,65.05,40.42
1788424325.278,500.73,ndvi_acquire_stac,1,3286.9,3286.9,79.3,36.7,9950.9,55602.8,0.0,0.29,1.62,281.24,22788.34,22756.27,0.0,65.05,40.42
1788424325.779,501.24,ndvi_acquire_stac,1,3334.0,3334.0,107.7,45.3,10051.2,55502.5,0.0,0.29,1.62,281.39,22809.55,22781.82,0.0,65.05,40.42
1788424326.281,501.74,ndvi_acquire_stac,1,3300.0,3300.0,29.9,34.8,10095.8,55457.9,0.0,0.29,1.62,281.4,22831.34,22798.86,0.0,65.05,40.42
1788424326.782,502.24,ndvi_acquire_stac,1,3300.0,3300.0,19.9,37.8,10063.9,55489.9,0.0,0.3,1.62,281.6,22852.4,22815.89,0.0,65.05,40.42
1788424327.528,502.98,ndvi_acquire_stac,1,3300.0,3300.0,76.3,37.0,10211.7,55342.0,0.0,0.3,1.62,281.81,22882.91,22840.13,0.0,65.05,40.42
1788424328.152,503.61,ndvi_acquire_stac,1,3344.9,3344.9,88.2,43.5,10297.5,55256.2,0.0,0.3,1.62,282.08,22902.45,22865.6,0.0,65.05,40.42
1788424328.659,504.12,ndvi_acquire_stac,1,3346.2,3346.2,47.3,37.7,10301.5,55252.2,0.0,0.3,1.62,282.51,22926.06,22882.6,0.0,65.05,40.42
1788424329.161,504.62,ndvi_acquire_stac,1,3347.0,3347.0,29.9,40.6,10342.0,55211.7,0.0,0.3,1.62,282.51,22950.78,22908.1,0.0,65.05,40.42
1788424329.663,505.12,ndvi_acquire_stac,1,3351.1,3351.1,33.9,33.2,10200.9,55352.9,0.0,0.3,1.62,283.02,22986.45,22942.13,0.0,65.05,40.42
1788424330.164,505.62,ndvi_acquire_stac,1,3355.5,3355.5,35.9,35.4,10292.4,55261.3,0.0,0.3,1.62,283.05,23015.83,22976.1,0.0,65.05,40.42
1788424330.666,506.12,ndvi_acquire_stac,1,3360.0,3360.0,25.9,34.4,10379.5,55174.2,0.0,0.3,1.62,283.28,23050.63,23001.63,0.0,65.05,40.42
1788424331.168,506.62,ndvi_acquire_stac,1,3363.4,3363.4,29.9,33.4,10475.0,55078.7,0.0,0.3,1.62,283.28,23082.29,23034.38,0.0,65.05,40.42
1788424331.669,507.13,ndvi_acquire_stac,1,3370.0,3370.0,29.9,36.4,10329.1,55224.6,0.0,0.3,1.62,283.49,23115.97,23070.27,0.0,65.05,40.42
1788424332.17,507.63,ndvi_acquire_stac,1,3373.8,3373.8,103.7,44.9,10248.0,55305.7,0.0,0.3,1.62,283.55,23147.21,23087.74,0.0,65.05,40.42
1788424332.678,508.13,ndvi_acquire_stac,1,3346.9,3346.9,128.0,44.3,10008.6,55545.1,0.0,0.3,1.62,283.75,23187.4,23130.45,0.0,65.05,40.42
1788424333.183,508.64,ndvi_acquire_stac,1,3357.4,3357.4,59.4,37.4,10084.6,55469.1,0.0,0.3,1.62,283.84,23225.36,23165.93,0.0,65.05,40.42
1788424333.686,509.14,ndvi_acquire_stac,1,3357.6,3357.6,39.8,36.7,9929.7,55624.0,0.0,0.3,1.62,284.1,23257.63,23199.41,0.0,65.05,40.42
1788424334.198,509.65,ndvi_acquire_stac,1,3357.7,3357.7,39.0,27.8,9767.0,55786.7,0.0,0.3,1.62,284.1,23297.41,23231.83,0.0,65.05,40.42
1788424334.699,510.16,ndvi_acquire_stac,1,3357.8,3357.8,23.9,24.7,9772.2,55781.5,0.0,0.3,1.62,284.61,23333.42,23257.31,0.0,65.05,40.42
1788424335.201,510.66,ndvi_acquire_stac,1,3357.8,3357.8,59.8,36.8,9876.8,55677.0,0.0,0.3,1.62,284.61,23368.62,23325.27,0.0,65.05,40.42
1788424335.702,511.16,ndvi_acquire_stac,1,3357.8,3357.8,21.9,37.1,9991.9,55561.8,0.0,0.3,1.62,284.92,23413.84,23342.36,0.0,65.05,40.42
1788424336.204,511.66,ndvi_acquire_stac,1,3357.8,3357.8,39.9,33.3,10029.4,55524.4,0.0,0.3,1.62,284.98,23452.73,23385.03,0.0,65.05,40.42
1788424336.705,512.16,ndvi_acquire_stac,1,3357.8,3357.8,39.9,38.1,10037.5,55516.2,0.0,0.3,1.62,285.14,23496.54,23427.56,0.0,65.05,40.42
1788424337.206,512.66,ndvi_acquire_stac,1,3360.0,3360.0,67.8,37.3,10048.1,55505.7,0.0,0.3,1.62,285.14,23550.32,23484.28,0.0,65.05,40.42
1788424337.722,513.18,ndvi_acquire_stac,1,3361.6,3361.6,38.8,48.8,10044.7,55509.1,0.0,0.3,1.62,285.36,23593.2,23520.51,0.0,65.05,40.42
1788424338.224,513.68,ndvi_acquire_stac,1,3364.1,3364.1,37.8,38.8,10053.5,55500.3,0.0,0.3,1.62,285.77,23629.27,23559.42,0.0,65.05,40.42
1788424338.726,514.18,ndvi_acquire_stac,1,3364.1,3364.1,71.8,38.6,10046.7,55507.0,0.0,0.3,1.62,286.18,23668.02,23627.35,0.0,65.05,40.42
1788424339.228,514.68,ndvi_acquire_stac,1,3364.1,3364.1,17.9,31.1,10041.3,55512.5,0.0,0.3,1.62,286.18,23705.99,23644.4,0.0,65.05,40.42
1788424339.729,515.19,ndvi_acquire_stac,1,3364.1,3364.1,35.9,39.9,10044.3,55509.4,0.0,0.3,1.62,286.66,23743.32,23678.4,0.0,65.05,40.42
1788424340.286,515.74,ndvi_acquire_stac,1,3363.8,3363.8,100.6,42.9,10056.5,55497.2,0.0,0.3,1.62,286.67,23777.89,23719.31,0.0,65.05,40.42
1788424340.851,516.31,ndvi_acquire_stac,1,3363.8,3363.8,115.1,44.9,10051.7,55502.0,0.0,0.3,1.62,287.14,23809.69,23752.04,0.0,65.05,40.42
1788424341.401,516.86,ndvi_acquire_stac,1,3364.4,3364.4,121.8,42.6,9847.0,55706.8,0.0,0.3,1.62,287.24,23849.27,23762.78,0.0,65.05,40.42
1788424341.995,517.45,ndvi_acquire_stac,1,3366.6,3366.6,126.3,36.4,9872.8,55681.0,0.0,0.3,1.62,287.42,23880.94,23820.02,0.0,65.05,40.42
1788424342.507,517.96,ndvi_acquire_stac,1,3406.7,3406.7,95.6,31.6,9837.7,55716.0,0.0,0.3,1.62,287.61,23913.56,23854.03,0.0,65.05,40.42
1788424343.009,518.47,ndvi_acquire_stac,1,3409.6,3409.6,47.8,36.6,10072.5,55481.2,0.0,0.3,1.62,288.02,23946.14,23905.01,0.0,65.05,40.42
1788424343.511,518.97,ndvi_acquire_stac,1,3410.0,3410.0,21.9,31.0,10050.5,55503.2,0.0,0.3,1.62,288.11,23983.58,23922.02,0.0,65.05,40.42
1788424344.012,519.47,ndvi_acquire_stac,1,3410.1,3410.1,31.9,31.8,10156.3,55397.4,0.0,0.31,1.62,288.11,24015.62,23954.54,0.0,65.05,40.42
1788424344.518,519.97,ndvi_acquire_stac,1,3410.1,3410.1,57.3,39.4,10074.2,55479.5,0.0,0.31,1.62,288.44,24050.29,24014.84,0.0,65.05,40.42
1788424345.02,520.48,ndvi_acquire_stac,1,3410.1,3410.1,19.9,33.3,10066.9,55486.8,0.0,0.31,1.62,288.49,24082.89,24034.27,0.0,65.05,40.42
1788424345.523,520.98,ndvi_acquire_stac,1,3410.0,3410.0,31.8,38.1,10213.0,55340.7,0.0,0.31,1.62,288.64,24118.58,24071.57,0.0,65.05,40.42
1788424346.024,521.48,ndvi_acquire_stac,1,3410.0,3410.0,19.9,32.3,10132.9,55420.8,0.0,0.31,1.62,288.83,24153.99,24088.62,0.0,65.05,40.42
1788424346.526,521.98,ndvi_acquire_stac,1,3410.0,3410.0,55.8,39.8,10080.7,55473.0,0.0,0.31,1.62,289.14,24194.85,24146.8,0.0,65.05,40.42
1788424347.027,522.48,ndvi_acquire_stac,1,3410.0,3410.0,29.9,34.3,10200.3,55353.4,0.0,0.31,1.62,289.15,24233.06,24180.82,0.0,65.05,40.42
1788424347.529,522.99,ndvi_acquire_stac,1,3410.0,3410.0,49.9,37.5,10102.9,55450.9,0.0,0.31,1.62,289.44,24269.19,24231.16,0.0,65.05,40.42
1788424348.03,523.49,ndvi_acquire_stac,1,3410.0,3410.0,12.0,33.3,10178.2,55375.5,0.0,0.31,1.62,289.58,24302.74,24239.73,0.0,65.05,40.42
1788424348.532,523.99,ndvi_acquire_stac,1,3410.0,3410.0,53.8,38.4,10191.8,55361.9,0.0,0.31,1.62,289.82,24339.5,24299.18,0.0,65.05,40.42
1788424349.033,524.49,ndvi_acquire_stac,1,3409.9,3409.9,27.9,34.9,10262.2,55291.5,0.0,0.31,1.62,289.82,24365.34,24333.35,0.0,65.05,40.42
1788424349.534,524.99,ndvi_acquire_stac,1,3409.9,3409.9,10.0,36.2,10273.5,55280.2,0.0,0.31,1.62,290.13,24395.11,24341.9,0.0,65.05,40.42
1788424350.036,525.49,ndvi_acquire_stac,1,3409.8,3409.8,29.9,32.0,10132.0,55421.7,0.0,0.31,1.62,290.22,24424.37,24376.06,0.0,65.05,40.42
1788424350.54,526.0,ndvi_acquire_stac,1,3409.8,3409.8,41.7,38.7,10133.1,55420.6,0.0,0.31,1.62,290.49,24452.31,24418.56,0.0,65.05,40.42
1788424351.041,526.5,ndvi_acquire_stac,1,3409.8,3409.8,21.9,33.1,10083.3,55470.4,0.0,0.31,1.62,290.52,24477.64,24435.59,0.0,65.05,40.42
1788424351.676,527.13,ndvi_acquire_stac,1,3409.4,3409.4,85.0,37.9,10142.3,55411.4,0.0,0.31,1.62,290.71,24502.81,24467.0,0.0,65.05,40.42
1788424352.317,527.77,ndvi_acquire_stac,1,3409.2,3409.2,110.9,45.0,10143.5,55410.3,0.0,0.31,1.62,290.72,24515.81,24503.61,0.0,65.05,40.42
1788424352.844,528.3,ndvi_acquire_stac,1,3409.0,3409.0,189.7,44.9,10380.5,55173.2,0.0,0.31,1.62,291.26,24530.89,24503.76,0.0,65.05,40.42
1788424353.672,529.13,ndvi_acquire_stac,1,3415.4,3415.4,107.5,49.5,10263.7,55290.1,0.0,0.31,1.62,291.74,24538.29,24529.27,0.0,65.05,40.42
1788424354.264,529.72,ndvi_acquire_stac,1,3450.6,3450.6,283.8,48.6,10438.3,55115.4,0.0,0.31,1.62,292.51,24550.9,24529.35,0.0,65.05,40.42
1788424355.496,530.95,ndvi_acquire_stac,1,3457.8,3457.8,107.9,47.4,10424.1,55129.6,0.0,0.31,1.62,292.81,24561.15,24546.36,0.0,65.05,40.42
1788424356.021,531.48,ndvi_acquire_stac,1,3496.4,3496.4,164.1,43.0,10424.4,55129.4,0.0,0.31,1.62,293.02,24564.99,24554.91,0.0,65.05,40.42
1788424356.522,531.98,ndvi_acquire_stac,1,3475.1,3475.1,19.9,27.7,10478.0,55075.4,0.0,0.31,1.62,293.22,24570.85,24554.94,0.0,65.05,40.42
1788424357.023,532.48,ndvi_acquire_stac,1,3475.2,3475.2,12.0,33.4,10565.3,54988.4,0.0,0.31,1.62,293.43,24577.27,24563.43,0.0,65.05,40.42
1788424357.525,532.98,ndvi_acquire_stac,1,3475.3,3475.3,10.0,32.2,10543.2,55010.5,0.0,0.31,1.62,293.64,24589.63,24571.97,0.0,65.05,40.42
1788424358.026,533.48,ndvi_acquire_stac,1,3475.3,3475.3,4.0,35.2,10682.7,54871.0,0.0,0.31,1.62,293.75,24605.25,24572.0,0.0,65.05,40.42
1788424358.527,533.98,ndvi_acquire_stac,1,3476.3,3476.3,19.9,34.1,10540.3,55013.4,0.0,0.31,1.62,294.56,24625.17,24597.48,0.0,65.05,40.42
1788424359.028,534.48,ndvi_acquire_stac,1,3480.5,3480.5,18.0,31.7,10625.8,54927.9,0.0,0.31,1.62,294.56,24648.39,24614.49,0.0,65.05,40.42
1788424359.53,534.99,ndvi_acquire_stac,1,3484.8,3484.8,23.9,32.8,10405.6,55148.1,0.0,0.31,1.62,294.89,24673.03,24639.95,0.0,65.05,40.42
1788424360.031,535.49,ndvi_acquire_stac,1,3488.2,3488.2,12.0,29.7,10249.6,55304.1,0.0,0.31,1.62,294.92,24701.66,24648.51,0.0,65.05,40.42
1788424360.532,535.99,ndvi_acquire_stac,1,3489.1,3489.1,57.9,35.4,10214.4,55339.3,0.0,0.31,1.62,295.11,24726.34,24690.99,0.0,65.05,40.42
1788424361.034,536.49,ndvi_acquire_stac,1,3489.1,3489.1,12.0,33.2,10413.7,55140.0,0.0,0.31,1.62,295.11,24743.61,24699.51,0.0,65.05,40.42
1788424361.535,536.99,ndvi_acquire_stac,1,3489.1,3489.1,25.9,31.9,10318.4,55235.3,0.0,0.31,1.62,295.28,24764.61,24734.19,0.0,65.05,40.42
1788424362.039,537.5,ndvi_acquire_stac,1,3489.1,3489.1,7.9,34.0,10331.7,55222.0,0.0,0.32,1.62,295.28,24788.16,24741.98,0.0,65.05,40.42
1788424362.541,538.0,ndvi_acquire_stac,1,3489.1,3489.1,23.9,32.9,10354.1,55199.6,0.0,0.32,1.62,295.5,24807.78,24767.46,0.0,65.05,40.42
1788424363.042,538.5,ndvi_acquire_stac,1,3489.1,3489.1,21.9,33.8,10361.6,55192.4,0.0,0.32,1.62,295.59,24828.96,24801.4,0.0,65.05,40.42
1788424363.544,539.0,ndvi_acquire_stac,1,3489.1,3489.1,17.9,31.7,10346.7,55207.1,0.0,0.32,1.62,299.38,24851.02,24818.44,0.0,65.05,40.42
1788424364.045,539.5,ndvi_acquire_stac,1,3489.1,3489.1,10.0,32.0,10405.0,55148.7,0.0,0.32,1.62,299.38,24876.12,24827.0,0.0,65.05,40.42
1788424364.547,540.0,ndvi_acquire_stac,1,3489.1,3489.1,27.9,34.4,10359.0,55194.7,0.0,0.32,1.62,299.7,24898.82,24869.44,0.0,65.05,40.42
1788424365.048,540.5,ndvi_acquire_stac,1,3489.1,3489.1,16.0,33.5,10446.4,55107.6,0.0,0.32,1.62,299.7,24920.01,24885.24,0.0,65.05,40.42
1788424365.551,541.01,ndvi_acquire_stac,1,3489.1,3489.1,17.9,30.7,10380.6,55173.1,0.0,0.32,1.62,299.86,24944.96,24903.48,0.0,65.05,40.42
1788424366.053,541.51,ndvi_acquire_stac,1,3489.1,3489.1,29.9,35.7,10521.8,55031.9,0.0,0.32,1.62,299.86,24966.85,24937.44,0.0,65.05,40.42
1788424366.555,542.01,ndvi_acquire_stac,1,3489.1,3489.1,10.0,31.2,10470.6,55083.1,0.0,0.32,1.62,300.04,24988.77,24945.96,0.0,65.05,40.42
1788424367.056,542.51,ndvi_acquire_stac,1,3489.1,3489.1,29.9,34.6,10468.6,55085.1,0.0,0.32,1.62,300.04,25010.91,24979.91,0.0,65.05,40.42
1788424367.558,543.01,ndvi_acquire_stac,1,3489.1,3489.1,23.9,35.1,10301.1,55252.6,0.0,0.32,1.62,300.04,25035.5,25005.34,0.0,65.05,40.42
1788424368.063,543.52,ndvi_acquire_stac,1,3489.1,3489.1,9.9,32.5,10386.6,55167.1,0.0,0.32,1.62,300.04,25056.52,25013.81,0.0,65.05,40.42
1788424368.564,544.02,ndvi_acquire_stac,1,3489.1,3489.1,29.9,35.0,10318.2,55235.5,0.0,0.32,1.62,300.17,25079.82,25047.75,0.0,65.05,40.42
1788424369.066,544.52,ndvi_acquire_stac,1,3489.1,3489.1,16.0,32.9,10380.4,55173.3,0.0,0.32,1.62,300.24,25102.6,25064.76,0.0,65.05,40.42
1788424369.567,545.02,ndvi_acquire_stac,1,3489.1,3489.1,19.9,34.8,10411.9,55141.8,0.0,0.32,1.62,300.69,25124.52,25090.24,0.0,65.05,40.42
1788424370.069,545.52,ndvi_acquire_stac,1,3489.1,3489.1,31.9,35.5,10276.9,55276.9,0.0,0.32,1.62,300.69,25148.12,25124.25,0.0,65.05,40.42
1788424370.57,546.03,ndvi_acquire_stac,1,3489.1,3489.1,12.0,33.9,10210.1,55343.6,0.0,0.32,1.62,301.12,25172.17,25132.81,0.0,65.05,40.42
1788424371.071,546.53,ndvi_acquire_stac,1,3489.2,3489.2,16.0,33.7,10276.4,55277.3,0.0,0.32,1.62,301.12,25195.21,25149.86,0.0,65.05,40.42
1788424371.573,547.03,ndvi_acquire_stac,1,3489.2,3489.2,31.9,33.6,9917.6,55636.1,0.0,0.32,1.62,301.28,25216.0,25192.29,0.0,65.05,40.42
1788424372.075,547.53,ndvi_acquire_stac,1,3489.2,3489.2,12.0,32.1,10167.6,55386.1,0.0,0.32,1.62,301.3,25238.69,25200.78,0.0,65.05,40.42
1788424372.577,548.03,ndvi_acquire_stac,1,3489.2,3489.2,12.0,32.2,10089.3,55464.4,0.0,0.32,1.62,301.54,25261.16,25217.71,0.0,65.05,40.42
1788424373.079,548.53,ndvi_acquire_stac,1,3489.2,3489.2,29.9,30.1,10137.4,55416.4,0.0,0.32,1.62,301.54,25282.11,25251.66,0.0,65.05,40.42
1788424373.58,549.04,ndvi_acquire_stac,1,3489.2,3489.2,23.9,34.1,10251.6,55302.1,0.0,0.32,1.62,302.15,25305.44,25277.13,0.0,65.05,40.42
1788424374.082,549.54,ndvi_acquire_stac,1,3489.2,3489.2,14.0,31.4,10013.3,55540.4,0.0,0.32,1.62,303.03,25328.67,25294.08,0.0,65.05,40.42
1788424374.583,550.04,ndvi_acquire_stac,1,3489.2,3489.2,19.9,34.5,10119.6,55434.2,0.0,0.32,1.62,303.43,25350.91,25317.2,0.0,65.05,40.42
1788424375.089,550.54,ndvi_acquire_stac,1,3489.2,3489.2,19.8,34.7,10258.3,55295.4,0.0,0.32,1.62,303.51,25373.08,25336.56,0.0,65.05,40.42
1788424375.591,551.05,ndvi_acquire_stac,1,3489.2,3489.2,17.9,30.1,10212.8,55340.9,0.0,0.32,1.62,303.58,25396.66,25362.04,0.0,65.05,40.42
1788424376.092,551.55,ndvi_acquire_stac,1,3489.2,3489.2,29.9,33.9,10295.5,55258.2,0.0,0.32,1.62,303.58,25419.42,25395.97,0.0,65.05,40.42
1788424376.593,552.05,ndvi_acquire_stac,1,3489.2,3489.2,10.0,34.1,10289.4,55264.3,0.0,0.32,1.62,303.58,25444.08,25404.52,0.0,65.05,40.42
1788424377.096,552.55,ndvi_acquire_stac,1,3489.2,3489.2,27.8,30.8,10202.0,55351.7,0.0,0.32,1.62,303.58,25467.37,25431.73,0.0,65.05,40.42
1788424377.617,553.07,ndvi_acquire_stac,1,3489.2,3489.2,30.7,38.4,10347.6,55206.2,0.0,0.32,1.62,303.81,25492.47,25464.03,0.0,65.05,40.42
1788424378.119,553.58,ndvi_acquire_stac,1,3489.2,3489.2,19.9,27.7,10139.2,55414.5,0.0,0.32,1.62,303.81,25516.19,25483.16,0.0,65.05,40.42
1788424378.629,554.09,ndvi_acquire_stac,1,3489.2,3489.2,27.4,34.4,10239.1,55314.6,0.0,0.32,1.62,303.99,25543.9,25514.78,0.0,65.05,40.42
1788424379.13,554.59,ndvi_acquire_stac,1,3489.2,3489.2,14.0,32.6,10330.2,55223.5,0.0,0.32,1.62,304.08,25565.87,25531.94,0.0,65.05,40.42
1788424379.632,555.09,ndvi_acquire_stac,1,3489.2,3489.2,35.9,31.6,10283.4,55270.3,0.0,0.32,1.62,304.68,25589.41,25565.95,0.0,65.05,40.42
1788424380.133,555.59,ndvi_acquire_stac,1,3489.2,3489.2,10.0,24.2,10107.1,55446.7,0.0,0.32,1.62,304.74,25615.47,25574.43,0.0,65.05,40.42
1788424380.635,556.09,ndvi_acquire_stac,1,3489.2,3489.2,41.9,25.2,10100.2,55453.5,0.0,0.32,1.62,304.92,25640.82,25623.96,0.0,65.05,40.42
1788424381.139,556.6,ndvi_acquire_stac,1,3489.1,3489.1,11.9,28.3,10349.9,55203.8,0.0,0.32,1.62,304.92,25664.38,25634.12,0.0,65.05,40.42
1788424381.64,557.1,ndvi_acquire_stac,1,3489.1,3489.1,25.9,34.2,10229.1,55324.6,0.0,0.32,1.62,305.03,25684.46,25668.02,0.0,65.05,40.42
1788424382.142,557.6,ndvi_acquire_stac,1,3489.1,3489.1,10.0,30.2,10180.4,55373.3,0.0,0.32,1.62,305.03,25706.52,25675.45,0.0,65.05,40.42
1788424382.645,558.1,ndvi_acquire_stac,1,3489.1,3489.1,13.9,32.5,10267.7,55286.1,0.0,0.32,1.62,305.2,25726.71,25693.52,0.0,65.05,40.42
1788424383.146,558.6,ndvi_acquire_stac,1,3489.1,3489.1,27.9,34.7,10029.8,55523.9,0.0,0.32,1.62,305.21,25747.21,25727.48,0.0,65.05,40.42
1788424383.648,559.1,ndvi_acquire_stac,1,3489.1,3489.1,12.0,33.6,10165.6,55388.1,0.0,0.32,1.62,307.99,25767.06,25736.03,0.0,65.05,40.42
1788424384.15,559.61,ndvi_acquire_stac,1,3489.1,3489.1,15.9,31.8,10195.0,55358.7,0.0,0.32,1.62,307.99,25790.34,25753.07,0.0,65.05,40.42
1788424384.652,560.11,ndvi_acquire_stac,1,3489.1,3489.1,35.9,37.3,10332.0,55221.7,0.0,0.32,1.62,308.51,25809.43,25795.52,0.0,65.05,40.42
1788424385.153,560.61,ndvi_acquire_stac,1,3489.1,3489.1,10.0,33.7,10356.7,55197.0,0.0,0.32,1.62,308.62,25831.8,25804.03,0.0,65.05,40.42
1788424385.655,561.11,ndvi_acquire_stac,1,3489.1,3489.1,25.9,33.9,10339.3,55214.4,0.0,0.32,1.62,308.91,25853.33,25829.52,0.0,65.05,40.42
1788424386.156,561.61,ndvi_acquire_stac,1,3489.1,3489.1,33.9,36.1,10302.4,55251.3,0.0,0.32,1.62,308.91,25876.23,25863.46,0.0,65.05,40.42
1788424386.657,562.11,ndvi_acquire_stac,1,3489.1,3489.1,8.0,32.9,10245.4,55308.3,0.0,0.32,1.62,309.05,25897.35,25868.8,0.0,65.05,40.42
1788424387.162,562.62,ndvi_acquire_stac,1,3489.1,3489.1,17.8,32.7,10379.5,55174.2,0.0,0.32,1.62,309.05,25920.13,25888.94,0.0,65.05,40.42
1788424387.663,563.12,ndvi_acquire_stac,1,3489.1,3489.1,23.9,40.2,10550.1,55003.6,0.0,0.32,1.62,309.24,25939.9,25914.38,0.0,65.05,40.42
1788424388.164,563.62,ndvi_acquire_stac,1,3489.1,3489.1,19.9,28.3,10359.8,55193.9,0.0,0.32,1.62,309.43,25963.81,25939.77,0.0,65.05,40.42
1788424388.665,564.12,ndvi_acquire_stac,1,3489.1,3489.1,18.0,33.7,10240.8,55313.0,0.0,0.32,1.62,309.67,25985.89,25965.18,0.0,65.05,40.42
1788424389.167,564.62,ndvi_acquire_stac,1,3489.1,3489.1,12.0,28.6,10226.3,55327.4,0.0,0.32,1.62,309.67,26009.09,25973.7,0.0,65.05,40.42
1788424389.668,565.12,ndvi_acquire_stac,1,3489.1,3489.1,29.9,33.1,10194.2,55359.5,0.0,0.32,1.62,309.96,26029.0,26016.05,0.0,65.05,40.42
1788424390.17,565.63,ndvi_acquire_stac,1,3489.1,3489.1,10.0,32.8,10336.4,55217.6,0.0,0.32,1.62,310.01,26051.51,26024.59,0.0,65.05,40.42
1788424390.671,566.13,ndvi_acquire_stac,1,3489.1,3489.1,10.0,31.8,10139.7,55414.2,0.0,0.32,1.62,310.17,26072.73,26033.11,0.0,65.05,40.42
1788424391.172,566.63,ndvi_acquire_stac,1,3489.1,3489.1,37.9,35.8,10256.8,55297.2,0.0,0.32,1.62,310.33,26092.34,26084.22,0.0,65.05,40.42
1788424391.674,567.13,ndvi_acquire_stac,1,3489.1,3489.1,6.0,33.1,10201.0,55352.9,0.0,0.32,1.62,310.46,26112.34,26084.26,0.0,65.05,40.42
1788424392.175,567.63,ndvi_acquire_stac,1,3489.1,3489.1,25.9,37.0,10342.5,55211.4,0.0,0.32,1.62,310.46,26132.77,26109.74,0.0,65.05,40.42
1788424392.676,568.13,ndvi_acquire_stac,1,3489.1,3489.1,23.9,33.2,10382.5,55171.4,0.0,0.32,1.62,310.64,26154.54,26135.18,0.0,65.05,40.42
1788424393.178,568.63,ndvi_acquire_stac,1,3489.1,3489.1,12.0,35.0,10451.1,55102.9,0.0,0.32,1.62,310.67,26176.79,26152.14,0.0,65.05,40.42
1788424393.679,569.14,ndvi_acquire_stac,1,3489.1,3489.1,16.0,31.7,10436.9,55117.1,0.0,0.32,1.62,310.92,26200.16,26169.13,0.0,65.05,40.42
1788424394.181,569.64,ndvi_acquire_stac,1,3489.1,3489.1,35.9,36.2,10519.1,55034.8,0.0,0.32,1.62,310.92,26219.12,26203.1,0.0,65.05,40.42
1788424394.682,570.14,ndvi_acquire_stac,1,3489.1,3489.1,12.0,31.8,10567.2,54986.7,0.0,0.32,1.62,311.32,26240.77,26211.62,0.0,65.05,40.42
1788424395.184,570.64,ndvi_acquire_stac,1,3489.1,3489.1,19.9,33.4,10467.5,55086.5,0.0,0.32,1.62,311.33,26264.61,26233.66,0.0,65.05,40.42
1788424395.686,571.14,ndvi_acquire_stac,1,3484.9,3484.9,109.6,43.4,10457.9,55096.0,0.0,0.32,1.62,311.56,26276.78,26249.99,0.0,65.05,40.42
1788424396.216,571.67,ndvi_acquire_stac,1,3484.5,3484.5,103.6,40.8,10391.4,55162.5,0.0,0.32,1.62,311.56,26288.81,26276.39,0.0,65.05,40.42
1788424396.74,572.2,ndvi_acquire_stac,1,3560.7,3560.7,137.6,47.9,10445.1,55108.9,0.0,0.32,1.62,311.92,26300.1,26284.84,0.0,65.05,40.42
1788424397.258,572.71,ndvi_acquire_stac,1,3480.5,3480.5,121.6,45.0,10468.2,55085.7,0.0,0.33,1.62,311.92,26308.92,26297.25,0.0,65.05,40.42
1788424397.764,573.22,ndvi_acquire_stac,1,3451.7,3451.7,128.4,45.4,10450.6,55103.3,0.0,0.33,1.62,312.16,26324.1,26302.94,0.0,65.05,40.42
1788424398.377,573.83,ndvi_acquire_stac,1,3462.3,3462.3,26.1,35.4,10506.5,55047.4,0.0,0.33,1.62,312.16,26330.37,26320.5,0.0,65.05,40.42
1788424398.878,574.33,ndvi_acquire_stac,1,3462.5,3462.5,19.9,33.6,10437.0,55117.0,0.0,0.33,1.62,312.34,26336.24,26329.28,0.0,65.05,40.42
1788424399.38,574.84,ndvi_acquire_stac,1,3462.4,3462.4,89.7,40.5,10536.2,55017.7,0.0,0.33,1.62,312.41,26340.07,26329.32,0.0,65.05,40.42
1788424399.881,575.34,ndvi_acquire_stac,1,3423.7,3423.7,97.7,42.5,10365.1,55188.8,0.0,0.33,1.62,312.99,26346.63,26338.1,0.0,65.05,40.42
1788424400.385,575.84,ndvi_acquire_stac,1,3502.7,3502.7,107.3,44.0,10544.8,55009.2,0.0,0.33,1.62,312.99,26357.03,26339.27,0.0,65.05,40.42
1788424400.899,576.36,ndvi_acquire_stac,1,3402.0,3402.0,97.2,39.1,10398.0,55155.9,0.0,0.33,1.62,313.25,26375.15,26339.35,0.0,65.05,40.42
1788424401.404,576.86,ndvi_acquire_stac,1,3400.9,3400.9,106.9,45.3,10458.8,55095.2,0.0,0.33,1.62,313.31,26406.42,26355.38,0.0,65.05,40.42
1788424401.913,577.37,ndvi_acquire_stac,1,3401.2,3401.2,33.4,35.0,10165.5,55388.4,0.0,0.33,1.62,313.54,26434.44,26391.9,0.0,65.05,40.42
1788424402.415,577.87,ndvi_acquire_stac,1,3401.9,3401.9,27.9,35.6,10403.8,55150.1,0.0,0.33,1.62,313.57,26465.89,26408.1,0.0,65.05,40.42
1788424402.916,578.37,ndvi_acquire_stac,1,3402.2,3402.2,29.9,35.1,10260.7,55293.3,0.0,0.33,1.62,313.78,26492.73,26442.01,0.0,65.05,40.42
1788424403.418,578.87,ndvi_acquire_stac,1,3402.3,3402.3,39.9,38.0,10423.1,55130.9,0.0,0.33,1.62,313.78,26525.69,26476.04,0.0,65.05,40.42
1788424403.919,579.38,ndvi_acquire_stac,1,3403.1,3403.1,27.9,31.2,10416.9,55137.1,0.0,0.33,1.62,315.68,26563.36,26503.09,0.0,65.05,40.42
1788424404.421,579.88,ndvi_acquire_stac,1,3404.8,3404.8,25.9,34.4,10218.6,55335.3,0.0,0.33,1.62,315.74,26607.87,26530.9,0.0,65.05,40.42
1788424404.923,580.38,ndvi_acquire_stac,1,3407.7,3407.7,69.8,41.9,10315.7,55238.2,0.0,0.33,1.62,316.19,26655.71,26592.44,0.0,65.05,40.42
1788424405.426,580.88,ndvi_acquire_stac,1,3410.9,3410.9,39.7,35.4,10286.7,55267.2,0.0,0.33,1.62,316.19,26700.67,26632.8,0.0,65.05,40.42
1788424405.928,581.38,ndvi_acquire_stac,1,3410.9,3410.9,37.9,35.2,10243.2,55310.8,0.0,0.33,1.62,316.47,26751.84,26666.84,0.0,65.05,40.42
1788424406.429,581.89,ndvi_acquire_stac,1,3410.9,3410.9,65.8,40.1,10163.4,55390.6,0.0,0.33,1.62,316.47,26801.9,26732.51,0.0,65.05,40.42
1788424406.944,582.4,ndvi_acquire_stac,1,3413.1,3413.1,48.6,36.6,10033.4,55520.6,0.0,0.33,1.62,316.65,26856.41,26782.98,0.0,65.05,40.42
1788424407.447,582.9,ndvi_acquire_stac,1,3413.1,3413.1,41.7,36.7,10115.2,55438.7,0.0,0.33,1.62,316.65,26909.28,26825.0,0.0,65.05,40.42
1788424407.951,583.41,ndvi_acquire_stac,1,3417.1,3417.1,55.5,38.9,10140.3,55413.7,0.0,0.33,1.62,316.83,26958.58,26875.47,0.0,65.05,40.42
1788424408.453,583.91,ndvi_acquire_stac,1,3419.2,3419.2,47.9,38.1,9999.5,55554.5,0.0,0.33,1.62,316.83,27006.35,26927.41,0.0,65.05,40.42
1788424408.955,584.41,ndvi_acquire_stac,1,3419.2,3419.2,35.9,36.0,10071.9,55482.0,0.0,0.33,1.62,316.83,27054.81,26972.35,0.0,65.05,40.42
1788424409.456,584.91,ndvi_acquire_stac,1,3419.2,3419.2,67.8,37.5,10118.1,55435.8,0.0,0.33,1.62,316.96,27100.68,27023.28,0.0,65.05,40.42
1788424409.959,585.42,ndvi_acquire_stac,1,3419.2,3419.2,39.8,36.1,10204.0,55349.9,0.0,0.33,1.62,316.96,27147.32,27065.7,0.0,65.05,40.42
1788424410.461,585.92,ndvi_acquire_stac,1,3419.2,3419.2,51.8,31.6,9969.2,55584.8,0.0,0.33,1.62,317.04,27193.33,27125.06,0.0,65.05,40.42
1788424410.963,586.42,ndvi_acquire_stac,1,3419.2,3419.2,41.9,25.7,9949.8,55604.1,0.0,0.33,1.62,317.49,27242.91,27165.74,0.0,65.05,40.42
1788424411.47,586.93,ndvi_acquire_stac,1,3419.2,3419.2,41.4,26.3,10006.8,55547.2,0.0,0.33,1.62,317.61,27287.34,27210.01,0.0,65.05,40.42
1788424411.972,587.43,ndvi_acquire_stac,1,3419.2,3419.2,43.8,23.9,10090.0,55463.9,0.0,0.33,1.62,317.81,27334.47,27261.05,0.0,65.05,40.42
1788424412.474,587.93,ndvi_acquire_stac,1,3419.2,3419.2,39.9,32.9,10098.5,55455.5,0.0,0.33,1.62,317.81,27379.93,27311.9,0.0,65.05,40.42
1788424412.975,588.43,ndvi_acquire_stac,1,3419.2,3419.2,37.9,35.0,10188.2,55365.7,0.0,0.33,1.62,318.03,27426.03,27350.51,0.0,65.05,40.42
1788424413.477,588.93,ndvi_acquire_stac,1,3419.2,3419.2,47.8,37.1,10213.4,55340.6,0.0,0.33,1.62,318.05,27472.51,27403.4,0.0,65.05,40.42
1788424413.982,589.44,ndvi_acquire_stac,1,3419.2,3419.2,61.5,37.8,10191.3,55362.7,0.0,0.33,1.62,318.19,27513.62,27453.87,0.0,65.05,40.42
1788424414.493,589.95,ndvi_acquire_stac,1,3419.2,3419.2,39.1,37.2,10184.7,55369.3,0.0,0.33,1.62,318.21,27557.35,27491.2,0.0,65.05,40.42
1788424414.995,590.45,ndvi_acquire_stac,1,3419.2,3419.2,57.8,40.3,10180.0,55374.0,0.0,0.33,1.62,318.54,27602.07,27539.68,0.0,65.05,40.42
1788424415.501,590.96,ndvi_acquire_stac,1,3419.1,3419.1,37.5,38.4,10177.3,55376.7,0.0,0.33,1.62,318.54,27644.09,27577.18,0.0,65.05,40.42
1788424416.006,591.46,ndvi_acquire_stac,1,3418.9,3418.9,49.5,37.9,10092.7,55461.3,0.0,0.33,1.62,318.57,27675.61,27626.09,0.0,65.05,40.42
1788424416.512,591.97,ndvi_acquire_stac,1,3418.9,3418.9,35.6,38.4,10094.5,55459.4,0.0,0.33,1.62,318.65,27710.75,27663.55,0.0,65.05,40.42
1788424417.014,592.47,ndvi_acquire_stac,1,3418.9,3418.9,27.9,37.4,10088.7,55465.2,0.0,0.33,1.62,318.82,27741.49,27691.33,0.0,65.05,40.42
1788424417.516,592.97,ndvi_acquire_stac,1,3420.0,3420.0,33.9,35.9,10088.6,55465.3,0.0,0.33,1.62,318.82,27778.01,27725.35,0.0,65.05,40.42
1788424418.017,593.47,ndvi_acquire_stac,1,3423.1,3423.1,33.9,35.1,9939.7,55614.2,0.0,0.33,1.62,319.18,27807.35,27759.31,0.0,65.05,40.42
1788424418.518,593.97,ndvi_acquire_stac,1,3426.4,3426.4,31.9,34.6,10049.0,55505.0,0.0,0.33,1.62,319.25,27835.95,27794.34,0.0,65.05,40.42
1788424419.019,594.48,ndvi_acquire_stac,1,3427.2,3427.2,27.9,38.4,10003.8,55550.1,0.0,0.33,1.62,319.53,27862.86,27820.91,0.0,65.05,40.42
1788424419.521,594.98,ndvi_acquire_stac,1,3427.1,3427.1,18.0,34.9,9924.2,55629.8,0.0,0.33,1.62,320.62,27886.89,27838.06,0.0,65.05,40.42
1788424420.036,595.49,ndvi_acquire_stac,1,3426.7,3426.7,97.1,40.5,10109.4,55444.6,0.0,0.33,1.62,321.34,27903.68,27856.61,0.0,65.05,40.42
1788424420.584,596.04,ndvi_acquire_stac,1,3426.7,3426.7,129.4,48.0,10244.7,55309.2,0.0,0.34,1.62,321.57,27917.63,27901.3,0.0,65.05,40.42
1788424421.321,596.78,ndvi_acquire_stac,1,3443.1,3443.1,89.6,40.4,10295.3,55258.7,0.0,0.34,1.62,322.2,27937.82,27901.4,0.0,65.05,40.42
1788424421.843,597.3,ndvi_acquire_stac,1,3443.1,3443.1,103.4,42.6,10190.0,55363.9,0.0,0.34,1.62,322.2,27953.47,27918.41,0.0,65.05,40.42
1788424422.345,597.8,ndvi_acquire_stac,1,3487.5,3487.5,53.8,38.1,10299.1,55254.9,0.0,0.34,1.62,322.27,27966.6,27947.11,0.0,65.05,40.42
1788424422.849,598.31,ndvi_acquire_stac,1,3447.1,3447.1,17.9,33.9,9996.9,55557.1,0.0,0.34,1.62,322.69,27980.81,27959.95,0.0,65.05,40.42
1788424423.353,598.81,ndvi_acquire_stac,1,3447.1,3447.1,11.9,33.9,10068.1,55485.8,0.0,0.34,1.62,322.69,27990.83,27971.59,0.0,65.05,40.42
1788424423.854,599.31,ndvi_acquire_stac,1,3447.1,3447.1,2.0,32.7,10087.5,55466.5,0.0,0.34,1.62,323.13,28003.77,27971.61,0.0,65.05,40.42
1788424424.356,599.81,ndvi_acquire_stac,1,3447.1,3447.1,12.0,29.4,10174.4,55379.6,0.0,0.34,1.62,323.13,28018.52,27985.27,0.0,65.05,40.42
1788424424.86,600.32,ndvi_acquire_stac,1,3450.7,3450.7,23.8,34.0,10213.6,55340.4,0.0,0.34,1.62,323.49,28038.19,28013.99,0.0,65.05,40.42
1788424425.538,600.99,ndvi_acquire_stac,1,3452.9,3452.9,66.3,38.8,10363.0,55190.9,0.0,0.34,1.62,323.74,28060.22,28019.1,0.0,65.05,40.42
1788424426.061,601.52,ndvi_acquire_stac,1,3455.6,3455.6,122.5,48.9,10467.1,55086.9,0.0,0.34,1.62,323.74,28074.15,28052.11,0.0,65.05,40.42
1788424426.58,602.04,ndvi_acquire_stac,1,3435.3,3435.3,115.5,45.2,10373.7,55180.2,0.0,0.34,1.62,324.15,28089.21,28060.99,0.0,65.05,40.42
1788424427.124,602.58,ndvi_acquire_stac,1,3435.3,3435.3,119.5,44.4,10454.6,55099.4,0.0,0.34,1.62,324.17,28098.93,28074.5,0.0,65.05,40.42
1788424427.676,603.13,ndvi_acquire_stac,1,3435.3,3435.3,148.5,49.3,10471.0,55082.9,0.0,0.34,1.62,324.45,28114.66,28086.09,0.0,65.05,40.42
1788424428.223,603.68,ndvi_acquire_stac,1,3495.9,3495.9,151.9,49.1,10624.7,54929.2,0.0,0.34,1.62,324.57,28127.93,28096.88,0.0,65.05,40.42
1788424428.746,604.2,ndvi_acquire_stac,1,3564.7,3564.7,118.5,43.7,10550.6,55003.4,0.0,0.34,1.62,324.75,28140.11,28120.12,0.0,65.05,40.42
1788424429.248,604.7,ndvi_acquire_stac,1,3563.8,3563.8,35.9,34.4,10499.0,55054.9,0.0,0.34,1.62,324.75,28147.39,28131.17,0.0,65.05,40.42
1788424429.749,605.21,ndvi_acquire_stac,1,3563.8,3563.8,10.0,31.6,10555.6,54998.4,0.0,0.34,1.62,325.14,28157.4,28139.67,0.0,65.05,40.42
1788424430.251,605.71,ndvi_acquire_stac,1,3563.9,3563.9,16.0,33.5,10510.2,55043.7,0.0,0.34,1.62,325.14,28166.52,28155.86,0.0,65.05,40.42
1788424430.816,606.27,ndvi_acquire_stac,1,3574.3,3574.3,100.9,41.5,10485.6,55068.3,0.0,0.34,1.62,325.62,28174.83,28155.87,0.0,65.05,40.42
1788424431.386,606.84,ndvi_acquire_stac,1,3563.9,3563.9,168.2,45.3,10586.7,54967.3,0.0,0.34,1.62,326.05,28190.34,28172.84,0.0,65.05,40.42
1788424432.157,607.61,ndvi_acquire_stac,1,3574.4,3574.4,71.4,41.2,10389.6,55164.4,0.0,0.34,1.62,326.05,28202.19,28172.91,0.0,65.05,40.42
1788424432.659,608.12,ndvi_acquire_stac,1,3585.0,3585.0,19.9,32.4,10431.5,55122.4,0.0,0.34,1.62,326.53,28219.43,28189.88,0.0,65.05,40.42
1788424433.161,608.62,ndvi_acquire_stac,1,3585.1,3585.1,15.9,32.2,10430.6,55123.4,0.0,0.34,1.62,326.53,28240.24,28206.83,0.0,65.05,40.42
1788424433.663,609.12,ndvi_acquire_stac,1,3585.2,3585.2,23.9,33.4,10357.0,55196.9,0.0,0.34,1.62,326.74,28262.28,28232.28,0.0,65.05,40.42
1788424434.164,609.62,ndvi_acquire_stac,1,3585.2,3585.2,12.0,32.1,10385.3,55168.6,0.0,0.34,1.62,327.62,28278.71,28240.8,0.0,65.05,40.42
1788424434.665,610.12,ndvi_acquire_stac,1,3585.2,3585.2,31.9,34.4,10368.8,55185.1,0.0,0.34,1.62,327.91,28299.26,28283.25,0.0,65.05,40.42
1788424435.167,610.62,ndvi_acquire_stac,1,3585.2,3585.2,8.0,31.8,10392.3,55161.6,0.0,0.34,1.62,327.97,28321.74,28283.31,0.0,65.05,40.42
1788424435.668,611.12,ndvi_acquire_stac,1,3585.3,3585.3,23.9,32.7,10388.9,55165.0,0.0,0.34,1.62,328.22,28346.93,28311.96,0.0,65.05,40.42
1788424436.172,611.63,ndvi_acquire_stac,1,3585.3,3585.3,17.8,33.3,10393.8,55160.2,0.0,0.34,1.62,328.24,28373.33,28334.3,0.0,65.05,40.42
1788424436.674,612.13,ndvi_acquire_stac,1,3585.3,3585.3,31.9,35.6,10429.8,55124.2,0.0,0.34,1.62,328.45,28397.68,28368.3,0.0,65.05,40.42
1788424437.176,612.63,ndvi_acquire_stac,1,3585.3,3585.3,21.9,31.8,10563.8,54990.1,0.0,0.34,1.62,328.45,28423.54,28385.37,0.0,65.05,40.42
1788424437.677,613.13,ndvi_acquire_stac,1,3585.3,3585.3,29.9,35.4,10663.0,54890.9,0.0,0.34,1.62,328.6,28452.6,28419.4,0.0,65.05,40.42
1788424438.179,613.63,ndvi_acquire_stac,1,3585.3,3585.3,21.9,24.1,10578.2,54975.7,0.0,0.34,1.62,328.63,28476.92,28444.9,0.0,65.05,40.42
1788424438.68,614.14,ndvi_acquire_stac,1,3585.3,3585.3,27.9,25.0,10477.5,55076.5,0.0,0.34,1.62,328.79,28507.27,28478.91,0.0,65.05,40.42
1788424439.181,614.64,ndvi_acquire_stac,1,3585.3,3585.3,23.9,30.0,10497.8,55056.2,0.0,0.34,1.62,328.79,28535.01,28504.43,0.0,65.05,40.42
1788424439.683,615.14,ndvi_acquire_stac,1,3585.3,3585.3,16.0,33.8,10439.5,55114.5,0.0,0.34,1.62,329.27,28564.35,28519.88,0.0,65.05,40.42
1788424440.186,615.64,ndvi_acquire_stac,1,3585.3,3585.3,29.8,32.2,10494.5,55059.5,0.0,0.34,1.62,330.13,28590.33,28547.0,0.0,65.05,40.42
1788424440.687,616.14,ndvi_acquire_stac,1,3585.3,3585.3,23.9,36.5,10686.1,54867.8,0.0,0.34,1.62,330.5,28609.57,28572.54,0.0,65.05,40.42
1788424441.189,616.65,ndvi_acquire_stac,1,3585.3,3585.3,17.9,32.3,10376.8,55177.2,0.0,0.34,1.62,330.63,28637.0,28589.58,0.0,65.05,40.42
1788424441.691,617.15,ndvi_acquire_stac,1,3585.3,3585.3,31.9,35.1,10306.2,55247.7,0.0,0.34,1.62,330.8,28657.27,28632.02,0.0,65.05,40.42
1788424442.192,617.65,ndvi_acquire_stac,1,3585.3,3585.3,17.9,28.9,10043.1,55510.8,0.0,0.34,1.62,330.8,28681.8,28649.06,0.0,65.05,40.42
1788424442.693,618.15,ndvi_acquire_stac,1,3585.3,3585.3,12.0,33.9,10241.8,55312.1,0.0,0.34,1.62,331.02,28703.38,28657.6,0.0,65.05,40.42
1788424443.195,618.65,ndvi_acquire_stac,1,3585.3,3585.3,33.9,37.0,10347.9,55206.0,0.0,0.34,1.62,331.02,28728.82,28700.06,0.0,65.05,40.42
1788424443.696,619.15,ndvi_acquire_stac,1,3585.3,3585.3,19.9,32.1,10125.2,55428.8,0.0,0.34,1.62,331.23,28751.8,28721.94,0.0,65.05,40.42
1788424444.2,619.66,ndvi_acquire_stac,1,3585.3,3585.3,11.9,34.6,10293.8,55260.1,0.0,0.34,1.62,331.23,28773.86,28734.1,0.0,65.05,40.42
1788424444.701,620.16,ndvi_acquire_stac,1,3585.3,3585.3,29.9,35.1,10114.2,55439.7,0.0,0.34,1.62,331.98,28798.9,28768.08,0.0,65.05,40.42
1788424445.203,620.66,ndvi_acquire_stac,1,3585.3,3585.3,21.9,35.5,10317.3,55236.7,0.0,0.34,1.62,332.02,28822.63,28793.59,0.0,65.05,40.42
1788424445.704,621.16,ndvi_acquire_stac,1,3585.3,3585.3,14.0,31.3,10263.2,55290.7,0.0,0.34,1.62,332.29,28847.25,28802.13,0.0,65.05,40.42
1788424446.205,621.66,ndvi_acquire_stac,1,3585.3,3585.3,23.9,33.8,10472.8,55081.1,0.0,0.34,1.62,332.29,28869.15,28836.11,0.0,65.05,40.42
1788424446.707,622.16,ndvi_acquire_stac,1,3585.3,3585.3,23.9,33.9,10598.7,54955.3,0.0,0.34,1.62,332.43,28890.34,28861.65,0.0,65.05,40.42
1788424447.208,622.66,ndvi_acquire_stac,1,3585.3,3585.3,16.0,33.8,10544.7,55008.9,0.0,0.34,1.62,332.44,28913.08,28878.69,0.0,65.05,40.42
1788424447.71,623.17,ndvi_acquire_stac,1,3585.3,3585.3,16.0,32.5,10618.0,54936.0,0.0,0.34,1.62,332.88,28934.25,28895.72,0.0,65.05,40.42
1788424448.211,623.67,ndvi_acquire_stac,1,3585.3,3585.3,19.9,31.8,10528.1,55025.8,0.0,0.34,1.62,333.08,28956.9,28921.18,0.0,65.05,40.42
1788424448.713,624.17,ndvi_acquire_stac,1,3585.3,3585.3,29.9,36.1,10623.5,54930.4,0.0,0.34,1.62,333.31,28980.8,28955.18,0.0,65.05,40.42
1788424449.214,624.67,ndvi_acquire_stac,1,3585.3,3585.3,16.0,33.7,10241.7,55312.2,0.0,0.34,1.62,333.31,29003.95,28972.23,0.0,65.05,40.42
1788424449.716,625.17,ndvi_acquire_stac,1,3585.3,3585.3,10.0,34.2,10425.4,55128.5,0.0,0.34,1.62,333.59,29027.08,28980.78,0.0,65.05,40.42
1788424450.217,625.67,ndvi_acquire_stac,1,3585.3,3585.3,35.9,33.1,10500.7,55053.2,0.0,0.34,1.62,333.59,29048.56,29023.24,0.0,65.05,40.42
1788424450.718,626.17,ndvi_acquire_stac,1,3585.3,3585.3,10.0,34.6,10584.3,54969.6,0.0,0.34,1.62,333.73,29070.3,29031.78,0.0,65.05,40.42
1788424451.22,626.68,ndvi_acquire_stac,1,3585.3,3585.3,23.9,35.1,10760.1,54793.8,0.0,0.35,1.62,333.78,29094.62,29057.28,0.0,65.05,40.42
1788424451.721,627.18,ndvi_acquire_stac,1,3585.3,3585.3,19.9,33.5,10536.1,55017.8,0.0,0.35,1.62,334.14,29115.11,29082.79,0.0,65.05,40.42
1788424452.223,627.68,ndvi_acquire_stac,1,3585.3,3585.3,21.9,35.8,10602.1,54951.8,0.0,0.35,1.62,334.14,29138.31,29108.3,0.0,65.05,40.42
1788424452.724,628.18,ndvi_acquire_stac,1,3585.3,3585.3,14.0,32.9,10752.8,54801.1,0.0,0.35,1.62,334.32,29160.21,29125.3,0.0,65.05,40.42
1788424453.225,628.68,ndvi_acquire_stac,1,3585.3,3585.3,23.9,31.8,10640.3,54913.6,0.0,0.35,1.62,334.54,29184.47,29150.82,0.0,65.05,40.42
1788424453.726,629.18,ndvi_acquire_stac,1,3585.3,3585.3,21.9,35.4,10748.3,54805.6,0.0,0.35,1.62,334.86,29205.63,29176.32,0.0,65.05,40.42
1788424454.228,629.68,ndvi_acquire_stac,1,3585.3,3585.3,19.9,28.8,10224.6,55329.4,0.0,0.35,1.62,334.86,29226.33,29201.8,0.0,65.05,40.42
1788424454.729,630.19,ndvi_acquire_stac,1,3585.3,3585.3,10.0,31.5,10356.7,55197.3,0.0,0.35,1.62,335.18,29250.09,29210.34,0.0,65.05,40.42
1788424455.232,630.69,ndvi_acquire_stac,1,3585.3,3585.3,21.9,35.0,10391.5,55162.5,0.0,0.35,1.62,335.18,29269.69,29235.79,0.0,65.05,40.42
1788424455.733,631.19,ndvi_acquire_stac,1,3585.3,3585.3,19.9,32.6,10452.5,55101.4,0.0,0.35,1.62,335.44,29292.03,29261.27,0.0,65.05,40.42
1788424456.235,631.69,ndvi_acquire_stac,1,3585.3,3585.3,17.9,33.3,10245.2,55308.8,0.0,0.35,1.62,335.46,29311.8,29278.29,0.0,65.05,40.42
1788424456.737,632.19,ndvi_acquire_stac,1,3585.3,3585.3,10.0,28.2,10063.6,55490.3,0.0,0.35,1.62,335.63,29333.87,29286.81,0.0,65.05,40.42
1788424457.238,632.69,ndvi_acquire_stac,1,3585.3,3585.3,35.9,34.5,10189.3,55364.7,0.0,0.35,1.62,335.63,29354.37,29329.29,0.0,65.05,40.42
1788424457.74,633.2,ndvi_acquire_stac,1,3585.3,3585.3,21.9,37.0,10278.8,55275.1,0.0,0.35,1.62,335.81,29378.9,29354.8,0.0,65.05,40.42
1788424458.241,633.7,ndvi_acquire_stac,1,3585.3,3585.3,18.0,30.5,10482.4,55071.6,0.0,0.35,1.62,335.83,29401.76,29371.81,0.0,65.05,40.42
1788424458.742,634.2,ndvi_acquire_stac,1,3585.3,3585.3,17.9,36.5,10606.8,54947.1,0.0,0.35,1.62,336.01,29426.4,29387.84,0.0,65.05,40.42
1788424459.249,634.71,ndvi_acquire_stac,1,3585.3,3585.3,33.5,36.5,10580.4,54973.5,0.0,0.35,1.62,336.02,29448.35,29422.81,0.0,65.05,40.42
1788424459.752,635.21,ndvi_acquire_stac,1,3585.3,3585.3,15.9,33.7,10582.6,54971.3,0.0,0.35,1.62,336.21,29472.55,29439.83,0.0,65.05,40.42
1788424460.253,635.71,ndvi_acquire_stac,1,3585.3,3585.3,21.9,31.4,10563.0,54990.9,0.0,0.35,1.62,336.24,29494.46,29465.33,0.0,65.05,40.42
1788424460.755,636.21,ndvi_acquire_stac,1,3585.3,3585.3,29.9,37.0,10454.9,55099.0,0.0,0.35,1.62,338.55,29521.21,29499.33,0.0,65.05,40.42
1788424461.256,636.71,ndvi_acquire_stac,1,3585.3,3585.3,18.0,32.7,10630.3,54923.6,0.0,0.35,1.62,338.55,29543.92,29516.38,0.0,65.05,40.42
1788424461.758,637.21,ndvi_acquire_stac,1,3585.3,3585.3,25.9,34.3,10535.3,55018.7,0.0,0.35,1.62,338.87,29565.0,29541.88,0.0,65.05,40.42
1788424462.259,637.72,ndvi_acquire_stac,1,3585.3,3585.3,12.0,33.6,10607.9,54946.0,0.0,0.35,1.62,338.87,29588.82,29550.44,0.0,65.05,40.42
1788424462.76,638.22,ndvi_acquire_stac,1,3585.3,3585.3,27.9,34.0,10494.9,55059.0,0.0,0.35,1.62,339.28,29611.14,29584.42,0.0,65.05,40.42
1788424463.262,638.72,ndvi_acquire_stac,1,3585.3,3585.3,31.9,38.3,10649.9,54904.1,0.0,0.35,1.62,339.28,29635.56,29618.46,0.0,65.05,40.42
1788424463.763,639.22,ndvi_acquire_stac,1,3585.3,3585.3,12.0,38.1,10415.3,55138.7,0.0,0.35,1.62,339.48,29657.36,29629.35,0.0,65.05,40.42
1788424464.264,639.72,ndvi_acquire_stac,1,3585.3,3585.3,25.9,29.5,10533.1,55020.9,0.0,0.35,1.62,339.48,29676.98,29654.83,0.0,65.05,40.42
1788424464.765,640.22,ndvi_acquire_stac,1,3585.3,3585.3,19.9,35.7,10558.7,54995.3,0.0,0.35,1.62,339.9,29696.39,29680.31,0.0,65.05,40.42
1788424465.267,640.72,ndvi_acquire_stac,1,3585.3,3585.3,14.0,29.7,10421.4,55132.6,0.0,0.35,1.62,339.92,29715.82,29689.59,0.0,65.05,40.42
1788424465.769,641.23,ndvi_acquire_stac,1,3584.8,3584.8,91.7,43.7,10484.1,55069.8,0.0,0.35,1.62,340.16,29734.13,29701.33,0.0,65.05,40.42
1788424466.3,641.76,ndvi_acquire_stac,1,3658.4,3658.4,71.6,40.0,10272.3,55281.6,0.0,0.36,1.62,340.22,29751.36,29732.13,0.0,65.05,40.42
1788424466.804,642.26,ndvi_acquire_stac,1,3576.8,3576.8,77.3,39.9,10309.5,55244.5,0.0,0.36,1.62,340.29,29770.07,29757.62,0.0,65.05,40.42
1788424467.305,642.76,ndvi_acquire_stac,1,3587.6,3587.6,45.9,33.2,10421.2,55132.7,0.0,0.36,1.62,340.29,29787.36,29757.66,0.0,65.05,40.42
1788424467.807,643.26,ndvi_acquire_stac,1,3587.6,3587.6,10.0,35.2,10392.9,55161.1,0.0,0.36,1.62,340.46,29804.02,29758.46,0.0,65.05,40.42
1788424468.311,643.77,ndvi_acquire_stac,1,3587.6,3587.6,47.6,37.0,10377.1,55176.9,0.0,0.36,1.62,340.58,29821.4,29808.64,0.0,65.05,40.42
1788424468.813,644.27,ndvi_acquire_stac,1,3587.7,3587.7,6.0,33.9,10300.4,55253.6,0.0,0.36,1.62,340.76,29840.07,29808.69,0.0,65.05,40.42
1788424469.314,644.77,ndvi_acquire_stac,1,3587.7,3587.7,17.9,34.9,10393.9,55160.1,0.0,0.36,1.62,340.81,29855.94,29828.05,0.0,65.05,40.42
1788424469.815,645.27,ndvi_acquire_stac,1,3587.6,3587.6,14.0,33.4,10491.1,55062.9,0.0,0.36,1.62,341.42,29870.67,29845.04,0.0,65.05,40.42
1788424470.317,645.77,ndvi_acquire_stac,1,3587.6,3587.6,16.0,31.1,10615.2,54938.8,0.0,0.36,1.62,341.42,29887.82,29862.05,0.0,65.05,40.42
1788424470.818,646.27,ndvi_acquire_stac,1,3587.6,3587.6,17.9,31.3,10580.0,54974.0,0.0,0.36,1.62,341.59,29908.24,29879.08,0.0,65.05,40.42
1788424471.32,646.78,ndvi_acquire_stac,1,3587.6,3587.6,16.0,32.2,10379.9,55174.0,0.0,0.36,1.62,341.59,29932.27,29894.54,0.0,65.05,40.42
1788424471.821,647.28,ndvi_acquire_stac,1,3587.7,3587.7,27.9,35.0,10363.6,55190.4,0.0,0.36,1.62,341.64,29949.11,29928.48,0.0,65.05,40.42
1788424472.322,647.78,ndvi_acquire_stac,1,3587.7,3587.7,8.0,32.9,10296.8,55257.1,0.0,0.36,1.62,341.64,29968.81,29937.01,0.0,65.05,40.42
1788424472.823,648.28,ndvi_acquire_stac,1,3587.7,3587.7,16.0,32.8,10288.4,55265.5,0.0,0.36,1.62,341.64,29989.82,29954.02,0.0,65.05,40.42
1788424473.325,648.78,ndvi_acquire_stac,1,3587.7,3587.7,33.9,35.7,10274.4,55279.5,0.0,0.36,1.62,341.64,30010.22,29989.04,0.0,65.05,40.42
1788424473.828,649.28,ndvi_acquire_stac,1,3587.7,3587.7,15.9,33.4,10213.6,55340.4,0.0,0.36,1.62,341.85,30027.98,30009.75,0.0,65.05,40.42
1788424474.329,649.79,ndvi_acquire_stac,1,3587.4,3587.4,75.8,40.9,10374.7,55179.3,0.0,0.36,1.62,341.86,30038.8,30018.22,0.0,65.05,40.42
1788424474.846,650.3,ndvi_acquire_stac,1,3587.4,3587.4,98.8,42.0,10271.5,55282.4,0.0,0.36,1.62,342.18,30053.5,30035.96,0.0,65.05,40.42
1788424475.35,650.81,ndvi_acquire_stac,1,3597.9,3597.9,61.5,38.9,10492.5,55061.4,0.0,0.36,1.62,342.2,30066.34,30045.17,0.0,65.05,40.42
1788424475.851,651.31,ndvi_acquire_stac,1,3607.2,3607.2,81.8,40.7,10355.3,55198.6,0.0,0.36,1.62,342.23,30070.12,30053.64,0.0,65.05,40.42
1788424476.352,651.81,ndvi_acquire_stac,1,3601.3,3601.3,77.8,38.0,10550.5,55003.5,0.0,0.36,1.62,342.23,30080.72,30062.15,0.0,65.05,40.42
1788424476.86,652.32,ndvi_acquire_stac,1,3609.7,3609.7,72.9,40.4,10602.2,54951.7,0.0,0.36,1.62,344.08,30089.01,30070.66,0.0,65.05,40.42
1788424477.361,652.82,ndvi_acquire_stac,1,3620.3,3620.3,10.0,28.4,10672.5,54881.4,0.0,0.36,1.62,344.13,30098.35,30079.16,0.0,65.05,40.42
1788424477.862,653.32,ndvi_acquire_stac,1,3620.3,3620.3,12.0,30.9,10553.9,55000.0,0.0,0.36,1.62,344.34,30106.78,30087.66,0.0,65.05,40.42
1788424478.364,653.82,ndvi_acquire_stac,1,3620.3,3620.3,2.0,33.6,10567.6,54986.3,0.0,0.36,1.62,344.43,30115.48,30087.68,0.0,65.05,40.42
1788424479.066,654.52,ndvi_acquire_stac,1,3620.2,3620.2,52.7,39.7,10560.0,54994.0,0.0,0.36,1.62,345.38,30132.35,30105.35,0.0,65.05,40.42
1788424479.578,655.03,ndvi_acquire_stac,1,3580.7,3580.7,93.8,41.9,10501.5,55052.4,0.0,0.36,1.62,345.38,30148.61,30122.35,0.0,65.05,40.42
1788424480.082,655.54,ndvi_acquire_stac,1,3591.3,3591.3,77.3,40.3,10588.8,54965.1,0.0,0.36,1.62,345.38,30166.18,30130.91,0.0,65.05,40.42
1788424480.584,656.04,ndvi_acquire_stac,1,3601.8,3601.8,17.9,34.1,10525.2,55028.8,0.0,0.36,1.62,345.4,30183.06,30152.16,0.0,65.05,40.42
1788424481.087,656.54,ndvi_acquire_stac,1,3602.0,3602.0,29.8,34.9,10434.0,55120.0,0.0,0.36,1.62,345.95,30207.01,30181.85,0.0,65.05,40.42
1788424481.589,657.05,ndvi_acquire_stac,1,3602.0,3602.0,8.0,30.3,10491.6,55062.3,0.0,0.36,1.62,346.1,30227.43,30190.36,0.0,65.05,40.42
1788424482.09,657.55,ndvi_acquire_stac,1,3602.0,3602.0,23.9,35.0,10456.7,55097.3,0.0,0.36,1.62,346.1,30249.42,30215.85,0.0,65.05,40.42
1788424482.592,658.05,ndvi_acquire_stac,1,3602.1,3602.1,14.0,32.7,10536.7,55017.2,0.0,0.36,1.62,346.23,30269.62,30232.88,0.0,65.05,40.42
1788424483.093,658.55,ndvi_acquire_stac,1,3602.1,3602.1,16.0,31.6,10426.9,55127.1,0.0,0.36,1.62,346.23,30292.66,30249.89,0.0,65.05,40.42
1788424483.594,659.05,ndvi_acquire_stac,1,3602.1,3602.1,18.0,34.0,10451.9,55102.1,0.0,0.36,1.62,346.23,30316.81,30266.91,0.0,65.05,40.42
1788424484.096,659.55,ndvi_acquire_stac,1,3602.1,3602.1,31.9,33.7,10408.7,55145.2,0.0,0.36,1.62,346.63,30337.96,30309.38,0.0,65.05,40.42
1788424484.597,660.05,ndvi_acquire_stac,1,3602.6,3602.6,14.0,34.8,10441.3,55112.6,0.0,0.36,1.62,346.94,30365.44,30319.7,0.0,65.05,40.42
1788424485.102,660.56,ndvi_acquire_stac,1,3605.9,3605.9,15.8,35.2,10493.1,55060.8,0.0,0.36,1.62,347.06,30389.55,30334.95,0.0,65.05,40.42
1788424485.604,661.06,ndvi_acquire_stac,1,3607.4,3607.4,45.8,38.4,10321.9,55232.0,0.0,0.36,1.62,347.21,30411.71,30385.91,0.0,65.05,40.42
1788424486.106,661.56,ndvi_acquire_stac,1,3607.4,3607.4,6.0,33.3,10320.1,55233.9,0.0,0.36,1.62,347.23,30432.79,30385.97,0.0,65.05,40.42
1788424486.607,662.06,ndvi_acquire_stac,1,3607.4,3607.4,16.0,31.8,10351.3,55202.6,0.0,0.36,1.62,347.28,30459.28,30402.96,0.0,65.05,40.42
1788424487.108,662.56,ndvi_acquire_stac,1,3607.4,3607.4,45.9,37.1,10404.0,55149.9,0.0,0.36,1.62,347.28,30482.04,30453.9,0.0,65.05,40.42
1788424487.61,663.07,ndvi_acquire_stac,1,3607.4,3607.4,6.0,31.1,10514.3,55039.6,0.0,0.36,1.62,347.51,30500.29,30453.94,0.0,65.05,40.42
1788424488.112,663.57,ndvi_acquire_stac,1,3607.4,3607.4,15.9,32.9,10579.7,54974.2,0.0,0.36,1.62,347.78,30526.13,30470.98,0.0,65.05,40.42
1788424488.613,664.07,ndvi_acquire_stac,1,3607.4,3607.4,55.9,38.0,10506.1,55047.9,0.0,0.36,1.62,347.91,30550.5,30513.46,0.0,65.05,40.42
1788424489.115,664.57,ndvi_acquire_stac,1,3607.4,3607.4,17.9,34.2,10520.3,55033.6,0.0,0.36,1.62,347.91,30574.67,30528.4,0.0,65.05,40.42
1788424489.629,665.09,ndvi_acquire_stac,1,3607.4,3607.4,29.2,37.0,10514.4,55039.6,0.0,0.36,1.62,348.18,30599.29,30555.97,0.0,65.05,40.42
1788424490.131,665.59,ndvi_acquire_stac,1,3607.4,3607.4,27.9,37.9,10516.0,55038.0,0.0,0.36,1.62,348.18,30623.27,30581.48,0.0,65.05,40.42
1788424490.632,666.09,ndvi_acquire_stac,1,3607.4,3607.4,21.9,36.3,10509.4,55044.5,0.0,0.36,1.62,348.35,30648.66,30606.97,0.0,65.05,40.42
1788424491.134,666.59,ndvi_acquire_stac,1,3607.4,3607.4,29.9,37.7,10446.1,55107.8,0.0,0.36,1.62,348.46,30673.86,30633.94,0.0,65.05,40.42
1788424491.646,667.1,ndvi_acquire_stac,1,3607.4,3607.4,31.3,37.4,10414.3,55139.6,0.0,0.36,1.62,348.56,30698.94,30666.46,0.0,65.05,40.42
1788424492.148,667.6,ndvi_acquire_stac,1,3607.4,3607.4,15.9,35.9,10416.6,55137.3,0.0,0.36,1.62,348.56,30721.27,30683.45,0.0,65.05,40.42
1788424492.65,668.11,ndvi_acquire_stac,1,3607.4,3607.4,23.9,36.5,10416.4,55137.5,0.0,0.36,1.62,348.81,30748.12,30705.78,0.0,65.05,40.42
1788424493.153,668.61,ndvi_acquire_stac,1,3607.4,3607.4,27.8,37.2,10416.6,55137.3,0.0,0.36,1.62,348.88,30772.33,30742.91,0.0,65.05,40.42
1788424493.655,669.11,ndvi_acquire_stac,1,3607.4,3607.4,10.0,35.2,10286.4,55267.5,0.0,0.36,1.62,349.16,30797.05,30751.48,0.0,65.05,40.42
1788424494.156,669.61,ndvi_acquire_stac,1,3607.4,3607.4,31.9,28.9,10180.0,55374.0,0.0,0.36,1.62,350.06,30819.92,30785.48,0.0,65.05,40.42
1788424494.657,670.11,ndvi_acquire_stac,1,3607.4,3607.4,18.0,35.3,10377.6,55176.3,0.0,0.36,1.62,350.44,30846.81,30802.5,0.0,65.05,40.42
1788424495.159,670.61,ndvi_acquire_stac,1,3607.4,3607.4,33.9,34.9,10301.0,55253.0,0.0,0.36,1.62,350.45,30870.68,30844.97,0.0,65.05,40.42
1788424495.66,671.12,ndvi_acquire_stac,1,3607.4,3607.4,14.0,33.4,10386.2,55167.7,0.0,0.36,1.62,350.51,30895.53,30861.99,0.0,65.05,40.42
1788424496.161,671.62,ndvi_acquire_stac,1,3607.4,3607.4,19.9,35.4,10393.5,55160.4,0.0,0.36,1.62,350.56,30921.04,30884.12,0.0,65.05,40.42
1788424496.666,672.12,ndvi_acquire_stac,1,3607.4,3607.4,23.8,34.6,10524.4,55029.6,0.0,0.37,1.62,350.7,30943.46,30912.96,0.0,65.05,40.42
1788424497.167,672.62,ndvi_acquire_stac,1,3607.4,3607.4,16.0,32.5,10579.0,54975.0,0.0,0.37,1.62,350.73,30967.56,30929.98,0.0,65.05,40.42
1788424497.668,673.12,ndvi_acquire_stac,1,3607.4,3607.4,16.0,34.8,10534.2,55019.7,0.0,0.37,1.75,350.9,30986.17,30946.99,0.0,65.05,40.42
1788424498.17,673.63,ndvi_acquire_stac,1,3607.4,3607.4,21.9,32.2,10473.2,55080.7,0.0,0.37,1.75,350.9,31007.39,30970.4,0.0,65.05,40.42
1788424498.673,674.13,ndvi_acquire_stac,1,3607.4,3607.4,15.9,31.8,10449.5,55104.5,0.0,0.37,1.75,351.06,31028.41,30989.5,0.0,65.05,40.42
1788424499.175,674.63,ndvi_acquire_stac,1,3607.4,3607.4,14.0,30.6,10464.7,55089.3,0.0,0.37,1.75,351.06,31046.89,31006.48,0.0,65.05,40.42
1788424499.676,675.13,ndvi_acquire_stac,1,3607.4,3607.4,25.9,34.8,10436.0,55117.9,0.0,0.37,1.75,351.22,31069.86,31040.43,0.0,65.05,40.42
1788424500.177,675.63,ndvi_acquire_stac,1,3607.4,3607.4,16.0,31.4,10455.0,55098.9,0.0,0.37,1.75,351.31,31090.91,31057.44,0.0,65.05,40.42
1788424500.679,676.14,ndvi_acquire_stac,1,3607.4,3607.4,15.9,38.0,10538.9,55015.1,0.0,0.37,1.75,351.49,31113.88,31074.48,0.0,65.05,40.42
1788424501.18,676.64,ndvi_acquire_stac,1,3607.4,3607.4,23.9,29.3,10384.5,55169.5,0.0,0.37,1.75,351.51,31138.2,31099.98,0.0,65.05,40.42
1788424501.681,677.14,ndvi_acquire_stac,1,3607.4,3607.4,19.9,35.3,10502.6,55051.3,0.0,0.37,1.75,351.77,31160.68,31125.47,0.0,65.05,40.42
1788424502.183,677.64,ndvi_acquire_stac,1,3607.4,3607.4,21.9,32.1,10412.5,55141.5,0.0,0.37,1.75,351.77,31183.59,31150.96,0.0,65.05,40.42
1788424502.684,678.14,ndvi_acquire_stac,1,3607.4,3607.4,15.9,20.2,10467.7,55086.2,0.0,0.37,1.75,352.0,31206.86,31167.98,0.0,65.05,40.42
1788424503.186,678.64,ndvi_acquire_stac,1,3607.4,3607.4,23.9,26.6,10467.6,55086.4,0.0,0.37,1.75,353.21,31232.26,31193.48,0.0,65.05,40.42
1788424503.687,679.14,ndvi_acquire_stac,1,3607.4,3607.4,17.9,34.9,10524.8,55029.2,0.0,0.37,1.75,353.54,31253.85,31212.62,0.0,65.05,40.42
1788424504.19,679.65,ndvi_acquire_stac,1,3607.4,3607.4,35.8,35.8,10555.5,54998.5,0.0,0.37,1.75,353.54,31275.08,31253.35,0.0,65.05,40.42
1788424504.691,680.15,ndvi_acquire_stac,1,3607.4,3607.4,10.0,38.1,10571.5,54982.5,0.0,0.37,1.75,353.91,31300.06,31261.88,0.0,65.05,40.42
1788424505.192,680.65,ndvi_acquire_stac,1,3607.4,3607.4,25.9,42.5,10270.6,55283.3,0.0,0.37,1.75,354.29,31321.72,31278.91,0.0,65.05,40.42
1788424505.694,681.15,ndvi_acquire_stac,1,3607.4,3607.4,27.9,34.8,10150.5,55403.4,0.0,0.37,1.75,354.57,31344.94,31312.89,0.0,65.05,40.42
1788424506.196,681.65,ndvi_acquire_stac,1,3607.4,3607.4,15.9,33.3,10147.0,55407.0,0.0,0.37,1.75,354.57,31363.35,31329.89,0.0,65.05,40.42
1788424506.697,682.15,ndvi_acquire_stac,1,3607.4,3607.4,21.9,38.0,10057.6,55496.4,0.0,0.37,1.75,354.96,31384.82,31355.36,0.0,65.05,40.42
1788424507.199,682.66,ndvi_acquire_stac,1,3607.4,3607.4,11.9,29.3,10212.2,55341.7,0.0,0.37,1.75,354.96,31407.81,31363.89,0.0,65.05,40.42
1788424507.7,683.16,ndvi_acquire_stac,1,3607.4,3607.4,25.9,34.9,10397.3,55156.6,0.0,0.37,1.75,355.17,31427.42,31389.45,0.0,65.05,40.42
1788424508.202,683.66,ndvi_acquire_stac,1,3607.4,3607.4,19.9,36.2,10207.8,55346.2,0.0,0.37,1.75,355.4,31448.2,31414.92,0.0,65.05,40.42
1788424508.703,684.16,ndvi_acquire_stac,1,3607.4,3607.4,21.9,37.8,10239.9,55314.1,0.0,0.37,1.75,355.8,31471.08,31440.51,0.0,65.05,40.42
1788424509.204,684.66,ndvi_acquire_stac,1,3607.4,3607.4,18.0,31.7,10223.8,55330.1,0.0,0.37,1.75,355.85,31493.69,31457.5,0.0,65.05,40.42
1788424509.706,685.16,ndvi_acquire_stac,1,3607.4,3607.4,21.9,38.9,10389.2,55164.8,0.0,0.37,1.75,356.29,31515.22,31482.83,0.0,65.05,40.42
1788424510.209,685.67,ndvi_acquire_stac,1,3607.4,3607.4,21.9,29.9,10252.8,55301.1,0.0,0.37,1.75,356.29,31539.86,31508.39,0.0,65.05,40.42
1788424510.711,686.17,ndvi_acquire_stac,1,3607.4,3607.4,19.9,34.1,10260.6,55293.3,0.0,0.37,1.75,356.71,31562.07,31525.43,0.0,65.05,40.42
1788424511.212,686.67,ndvi_acquire_stac,1,3607.4,3607.4,23.9,32.9,10216.0,55337.9,0.0,0.37,1.75,356.71,31585.58,31550.92,0.0,65.05,40.42
1788424511.715,687.17,ndvi_acquire_stac,1,3607.4,3607.4,15.9,33.3,10331.7,55222.3,0.0,0.37,1.75,356.87,31605.57,31567.89,0.0,65.05,40.42
1788424512.216,687.67,ndvi_acquire_stac,1,3607.4,3607.4,21.9,33.9,10314.8,55239.1,0.0,0.37,1.75,356.87,31628.8,31593.36,0.0,65.05,40.42
1788424512.717,688.17,ndvi_acquire_stac,1,3607.4,3607.4,21.9,30.4,10270.3,55283.7,0.0,0.37,1.75,357.04,31652.99,31618.83,0.0,65.05,40.42
1788424513.219,688.68,ndvi_acquire_stac,1,3607.4,3607.4,23.9,34.6,10340.2,55213.8,0.0,0.37,1.75,357.04,31674.62,31644.28,0.0,65.05,40.42
1788424513.72,689.18,ndvi_acquire_stac,1,3607.4,3607.4,16.0,27.1,10375.2,55178.7,0.0,0.37,1.75,357.21,31695.37,31661.25,0.0,65.05,40.42
1788424514.221,689.68,ndvi_acquire_stac,1,3607.4,3607.4,23.9,34.7,10403.1,55150.9,0.0,0.37,1.75,357.36,31716.62,31686.72,0.0,65.05,40.42
1788424514.723,690.18,ndvi_acquire_stac,1,3607.4,3607.4,23.9,36.6,10249.4,55304.5,0.0,0.37,1.75,357.72,31738.33,31712.12,0.0,65.05,40.42
1788424515.225,690.68,ndvi_acquire_stac,1,3607.4,3607.4,10.0,30.8,10352.9,55201.1,0.0,0.37,1.75,357.72,31759.97,31720.76,0.0,65.05,40.42
1788424515.726,691.18,ndvi_acquire_stac,1,3607.4,3607.4,23.9,33.5,10541.4,55012.5,0.0,0.37,1.75,357.81,31779.21,31753.88,0.0,65.05,40.42
1788424516.227,691.68,ndvi_acquire_stac,1,3607.3,3607.3,16.0,32.0,10618.4,54935.5,0.0,0.37,1.75,357.81,31797.25,31770.9,0.0,65.05,40.42
1788424516.729,692.19,ndvi_acquire_stac,1,3607.3,3607.3,25.9,36.0,10752.2,54801.7,0.0,0.37,1.75,358.04,31816.78,31803.98,0.0,65.05,40.42
1788424517.23,692.69,ndvi_acquire_stac,1,3607.0,3607.0,89.8,39.2,10790.4,54763.5,0.0,0.37,1.75,358.04,31827.94,31804.03,0.0,65.05,40.42
1788424517.738,693.19,ndvi_acquire_stac,1,3622.7,3622.7,74.9,40.8,10555.9,54998.1,0.0,0.37,1.75,358.23,31845.6,31827.17,0.0,65.05,40.42
1788424518.25,693.71,ndvi_acquire_stac,1,3631.2,3631.2,58.6,37.0,10437.6,55116.3,0.0,0.37,1.75,358.23,31861.07,31838.0,0.0,65.05,40.42
1788424518.751,694.21,ndvi_acquire_stac,1,3652.2,3652.2,19.9,35.2,10457.8,55096.1,0.0,0.37,1.75,358.65,31875.65,31856.47,0.0,65.05,40.42
1788424519.255,694.71,ndvi_acquire_stac,1,3652.2,3652.2,15.9,32.2,10516.0,55038.0,0.0,0.37,1.75,358.67,31889.86,31863.53,0.0,65.05,40.42
1788424519.756,695.21,ndvi_acquire_stac,1,3652.3,3652.3,21.9,35.8,10661.7,54892.2,0.0,0.37,1.75,358.95,31906.09,31889.02,0.0,65.05,40.42
1788424520.258,695.71,ndvi_acquire_stac,1,3652.3,3652.3,8.0,33.3,10586.0,54968.0,0.0,0.37,1.75,358.95,31920.45,31897.51,0.0,65.05,40.42
1788424520.759,696.22,ndvi_acquire_stac,1,3652.3,3652.3,12.0,33.3,10477.4,55076.5,0.0,0.37,1.75,359.1,31932.75,31906.5,0.0,65.05,40.42
1788424521.278,696.73,ndvi_acquire_stac,1,3652.1,3652.1,77.1,40.8,10250.5,55303.5,0.0,0.37,1.75,359.1,31942.51,31929.79,0.0,65.05,40.42
1788424521.791,697.25,ndvi_acquire_stac,1,3629.8,3629.8,77.9,39.6,10233.9,55320.0,0.0,0.37,1.75,359.35,31953.95,31929.86,0.0,65.05,40.42
1788424522.3,697.76,ndvi_acquire_stac,1,3644.4,3644.4,49.1,36.8,10332.7,55221.3,0.0,0.37,1.75,359.42,31969.01,31938.38,0.0,65.05,40.42
1788424522.802,698.26,ndvi_acquire_stac,1,3644.5,3644.5,19.9,32.2,10163.7,55390.3,0.0,0.37,1.75,359.53,31980.67,31955.37,0.0,65.05,40.42
1788424523.303,698.76,ndvi_acquire_stac,1,3644.7,3644.7,10.0,32.6,10137.9,55416.1,0.0,0.37,1.75,359.63,31996.44,31963.9,0.0,65.05,40.42
1788424523.804,699.26,ndvi_acquire_stac,1,3644.7,3644.7,10.0,33.7,10273.7,55280.3,0.0,0.37,1.75,360.04,32010.57,31975.54,0.0,65.05,40.42
1788424524.441,699.9,ndvi_acquire_stac,1,3644.5,3644.5,77.0,40.0,10256.6,55297.3,0.0,0.37,1.75,360.04,32026.12,32004.07,0.0,65.05,40.42
1788424525.01,700.47,ndvi_acquire_stac,1,3646.6,3646.6,68.5,41.5,10380.2,55173.7,0.0,0.37,1.75,360.38,32039.42,32004.14,0.0,65.05,40.42
1788424525.512,700.97,ndvi_acquire_stac,1,3656.2,3656.2,55.8,37.9,10304.4,55249.5,0.0,0.37,1.75,360.38,32057.45,32032.23,0.0,65.05,40.42
1788424526.013,701.47,ndvi_acquire_stac,1,3656.1,3656.1,93.7,43.4,10361.0,55192.9,0.0,0.37,1.75,360.56,32068.69,32040.85,0.0,65.05,40.42
1788424526.515,701.97,ndvi_acquire_stac,1,3656.2,3656.2,85.7,39.0,10263.8,55290.1,0.0,0.38,1.75,360.59,32087.94,32055.78,0.0,65.05,40.42
1788424527.021,702.48,ndvi_acquire_stac,1,3675.0,3675.0,41.5,34.0,10315.2,55238.8,0.0,0.38,1.75,360.78,32103.24,32074.88,0.0,65.05,40.42
1788424527.522,702.98,ndvi_acquire_stac,1,3685.6,3685.6,17.9,35.0,10430.4,55123.6,0.0,0.38,1.75,360.78,32117.5,32092.04,0.0,65.05,40.42
1788424528.024,703.48,ndvi_acquire_stac,1,3685.6,3685.6,11.9,27.2,10153.4,55400.6,0.0,0.38,1.75,360.96,32135.8,32100.56,0.0,65.05,40.42
1788424528.526,703.98,ndvi_acquire_stac,1,3685.7,3685.7,10.0,30.1,10194.3,55359.7,0.0,0.38,1.75,360.96,32155.69,32109.08,0.0,65.05,40.42
1788424529.027,704.48,ndvi_acquire_stac,1,3685.7,3685.7,21.9,33.4,10296.5,55257.5,0.0,0.38,1.75,361.37,32177.27,32134.52,0.0,65.05,40.42
1788424529.528,704.98,ndvi_acquire_stac,1,3685.8,3685.8,21.9,33.9,10324.2,55229.7,0.0,0.38,1.75,361.37,32196.67,32159.97,0.0,65.05,40.42
1788424530.03,705.49,ndvi_acquire_stac,1,3685.8,3685.8,18.0,34.1,10440.9,55113.0,0.0,0.38,1.75,361.86,32225.35,32176.98,0.0,65.05,40.42
1788424530.531,705.99,ndvi_acquire_stac,1,3685.8,3685.8,20.0,25.7,10360.0,55193.6,0.0,0.38,1.75,361.89,32250.86,32202.41,0.0,65.05,40.42
1788424531.032,706.49,ndvi_acquire_stac,1,3685.9,3685.9,29.9,32.9,10450.1,55103.8,0.0,0.38,1.75,362.05,32279.29,32236.43,0.0,65.05,40.42
1788424531.534,706.99,ndvi_acquire_stac,1,3685.9,3685.9,23.9,34.5,10478.5,55075.4,0.0,0.38,1.75,362.05,32305.36,32261.89,0.0,65.05,40.42
1788424532.035,707.49,ndvi_acquire_stac,1,3685.9,3685.9,19.9,34.1,10588.1,54965.8,0.0,0.38,1.75,362.14,32331.18,32284.91,0.0,65.05,40.42
1788424532.538,707.99,ndvi_acquire_stac,1,3685.9,3685.9,21.9,34.0,10613.5,54940.5,0.0,0.38,1.75,362.2,32359.49,32313.66,0.0,65.05,40.42
1788424533.041,708.5,ndvi_acquire_stac,1,3685.9,3685.9,23.8,32.0,10603.1,54950.9,0.0,0.38,1.75,362.41,32386.88,32339.15,0.0,65.05,40.42
1788424533.542,709.0,ndvi_acquire_stac,1,3685.9,3685.9,21.9,34.1,10673.2,54880.7,0.0,0.38,1.75,362.42,32412.57,32364.54,0.0,65.05,40.42
1788424534.044,709.5,ndvi_acquire_stac,1,3685.9,3685.9,27.9,36.3,10528.4,55025.6,0.0,0.38,1.75,363.19,32442.81,32398.53,0.0,65.05,40.42
1788424534.546,710.0,ndvi_acquire_stac,1,3685.9,3685.9,21.9,34.4,10591.1,54962.8,0.0,0.38,1.75,363.2,32465.75,32424.02,0.0,65.05,40.42
1788424535.047,710.5,ndvi_acquire_stac,1,3685.9,3685.9,29.9,33.8,10575.7,54978.3,0.0,0.38,1.75,363.32,32492.83,32451.76,0.0,65.05,40.42
1788424535.555,711.01,ndvi_acquire_stac,1,3685.9,3685.9,23.7,33.1,10488.7,55065.2,0.0,0.38,1.75,364.36,32520.87,32482.42,0.0,65.05,40.42
1788424536.059,711.52,ndvi_acquire_stac,1,3685.9,3685.9,19.8,32.9,10623.6,54930.4,0.0,0.38,1.75,364.54,32548.27,32500.48,0.0,65.05,40.42
1788424536.56,712.02,ndvi_acquire_stac,1,3685.9,3685.9,27.9,38.2,10484.9,55069.1,0.0,0.38,1.75,364.6,32574.52,32525.95,0.0,65.05,40.42
1788424537.062,712.52,ndvi_acquire_stac,1,3685.9,3685.9,25.9,32.6,10420.4,55133.5,0.0,0.38,1.75,364.76,32601.84,32559.96,0.0,65.05,40.42
1788424537.563,713.02,ndvi_acquire_stac,1,3685.9,3685.9,31.9,36.8,10525.2,55028.8,0.0,0.38,1.75,364.85,32629.33,32593.97,0.0,65.05,40.42
1788424538.065,713.52,ndvi_acquire_stac,1,3685.9,3685.9,19.9,33.3,10504.1,55049.8,0.0,0.38,1.75,365.16,32653.67,32612.44,0.0,65.05,40.42
1788424538.568,714.02,ndvi_acquire_stac,1,3685.9,3685.9,25.8,35.0,10467.8,55086.1,0.0,0.38,1.75,365.24,32678.77,32646.41,0.0,65.05,40.42
1788424539.085,714.54,ndvi_acquire_stac,1,3685.7,3685.7,67.7,36.5,10602.8,54951.2,0.0,0.38,1.75,368.03,32703.38,32657.32,0.0,65.05,40.42
1788424539.648,715.1,ndvi_acquire_stac,1,3745.0,3745.0,76.4,41.5,10530.0,55023.6,0.0,0.38,1.75,368.57,32723.96,32682.83,0.0,65.05,40.42
1788424540.151,715.61,ndvi_acquire_stac,1,3754.6,3754.6,89.5,40.6,10668.3,54885.6,0.0,0.38,1.75,368.95,32745.12,32708.29,0.0,65.05,40.42
1788424540.653,716.11,ndvi_acquire_stac,1,3699.3,3699.3,43.9,37.1,10629.9,54924.1,0.0,0.38,1.75,369.18,32767.16,32733.79,0.0,65.05,40.42
1788424541.154,716.61,ndvi_acquire_stac,1,3699.3,3699.3,17.9,33.1,10378.1,55175.9,0.0,0.38,1.75,369.36,32788.32,32750.81,0.0,65.05,40.42
1788424541.656,717.11,ndvi_acquire_stac,1,3699.3,3699.3,18.0,33.7,10465.9,55088.0,0.0,0.39,1.75,369.61,32809.17,32768.72,0.0,65.05,40.42
1788424542.16,717.62,ndvi_acquire_stac,1,3699.3,3699.3,19.8,32.5,10424.8,55129.2,0.0,0.39,1.75,369.83,32827.8,32793.29,0.0,65.05,40.42
1788424542.661,718.12,ndvi_acquire_stac,1,3699.3,3699.3,14.0,31.4,10326.5,55227.5,0.0,0.39,1.75,370.16,32849.85,32810.32,0.0,65.05,40.42
1788424543.162,718.62,ndvi_acquire_stac,1,3699.3,3699.3,23.9,34.8,10451.2,55102.7,0.0,0.39,1.75,370.29,32872.92,32838.12,0.0,65.05,40.42
1788424543.663,719.12,ndvi_acquire_stac,1,3699.3,3699.3,12.0,30.8,10397.2,55156.7,0.0,0.39,1.75,370.76,32893.92,32849.3,0.0,65.05,40.42
1788424544.165,719.62,ndvi_acquire_stac,1,3699.3,3699.3,27.9,34.7,10303.5,55250.5,0.0,0.39,1.75,370.77,32913.2,32876.21,0.0,65.05,40.42
1788424544.666,720.12,ndvi_acquire_stac,1,3699.2,3699.2,91.7,44.5,10356.1,55197.8,0.0,0.39,1.75,371.42,32930.55,32884.46,0.0,65.05,40.42
1788424545.197,720.65,ndvi_acquire_stac,1,3699.2,3699.2,109.2,42.9,10580.3,54973.6,0.0,0.39,1.75,371.42,32951.27,32910.22,0.0,65.05,40.42
1788424545.703,721.16,ndvi_acquire_stac,1,3709.8,3709.8,59.3,39.6,10663.3,54890.6,0.0,0.39,1.75,371.94,32971.62,32927.19,0.0,65.05,40.42
1788424546.204,721.66,ndvi_acquire_stac,1,3709.8,3709.8,31.9,33.3,10701.2,54852.8,0.0,0.39,1.75,371.94,32989.85,32961.39,0.0,65.05,40.42
1788424546.705,722.16,ndvi_acquire_stac,1,3709.8,3709.8,10.0,32.9,10614.0,54939.9,0.0,0.39,1.88,372.38,33008.81,32969.93,0.0,65.05,40.42
1788424547.206,722.66,ndvi_acquire_stac,1,3709.8,3709.8,17.9,31.7,10741.7,54812.3,0.0,0.39,1.88,372.39,33029.1,32986.94,0.0,65.05,40.42
1788424547.708,723.16,ndvi_acquire_stac,1,3709.8,3709.8,23.9,34.3,10770.7,54783.2,0.0,0.39,1.88,372.83,33046.29,33012.44,0.0,65.05,40.42
1788424548.209,723.67,ndvi_acquire_stac,1,3709.8,3709.8,12.0,28.5,10592.2,54961.7,0.0,0.39,1.89,372.83,33067.29,33021.0,0.0,65.05,40.42
1788424548.711,724.17,ndvi_acquire_stac,1,3709.8,3709.8,12.0,32.5,10646.1,54907.9,0.0,0.39,1.89,373.01,33092.13,33038.0,0.0,65.05,40.42
1788424549.212,724.67,ndvi_acquire_stac,1,3709.9,3709.9,25.9,33.5,10710.8,54843.1,0.0,0.39,1.89,373.01,33114.24,33071.92,0.0,65.05,40.42
1788424549.713,725.17,ndvi_acquire_stac,1,3709.9,3709.9,21.9,24.4,10560.4,54993.6,0.0,0.39,1.89,373.24,33139.37,33097.41,0.0,65.05,40.42
1788424550.215,725.67,ndvi_acquire_stac,1,3709.9,3709.9,18.0,23.4,10563.9,54990.1,0.0,0.39,1.89,373.24,33165.89,33114.44,0.0,65.05,40.42
1788424550.717,726.17,ndvi_acquire_stac,1,3709.9,3709.9,29.9,35.9,10541.1,55012.8,0.0,0.39,1.89,373.52,33189.0,33148.39,0.0,65.05,40.42
1788424551.218,726.67,ndvi_acquire_stac,1,3709.9,3709.9,16.0,33.1,10663.5,54890.4,0.0,0.39,1.89,373.56,33211.18,33165.37,0.0,65.05,40.42
1788424551.719,727.18,ndvi_acquire_stac,1,3709.9,3709.9,19.9,33.1,10485.8,55068.2,0.0,0.39,1.89,373.8,33236.05,33190.88,0.0,65.05,40.42
1788424552.221,727.68,ndvi_acquire_stac,1,3709.9,3709.9,21.9,33.3,10372.5,55181.4,0.0,0.39,1.89,373.8,33260.47,33216.36,0.0,65.05,40.42
1788424552.723,728.18,ndvi_acquire_stac,1,3709.9,3709.9,27.9,35.8,10450.9,55103.0,0.0,0.39,1.89,374.12,33285.45,33250.28,0.0,65.05,40.42
1788424553.224,728.68,ndvi_acquire_stac,1,3709.9,3709.9,16.0,32.7,10388.2,55165.8,0.0,0.39,1.89,374.12,33312.61,33265.28,0.0,65.05,40.42
1788424553.726,729.18,ndvi_acquire_stac,1,3709.9,3709.9,21.9,31.4,10368.1,55185.8,0.0,0.39,1.89,374.27,33338.6,33292.85,0.0,65.05,40.42
1788424554.228,729.68,ndvi_acquire_stac,1,3709.9,3709.9,25.9,34.9,10284.5,55269.5,0.0,0.39,1.89,375.15,33362.44,33326.73,0.0,65.05,40.42
1788424554.729,730.19,ndvi_acquire_stac,1,3709.9,3709.9,27.9,36.2,10406.3,55147.6,0.0,0.39,1.89,375.33,33390.72,33352.2,0.0,65.05,40.42
1788424555.231,730.69,ndvi_acquire_stac,1,3709.9,3709.9,12.0,32.4,10475.7,55078.2,0.0,0.39,1.89,375.33,33418.3,33360.76,0.0,65.05,40.42
1788424555.733,731.19,ndvi_acquire_stac,1,3709.9,3709.9,47.8,34.2,10557.4,54996.5,0.0,0.39,1.89,375.68,33446.02,33411.66,0.0,65.05,40.42
1788424556.234,731.69,ndvi_acquire_stac,1,3709.9,3709.9,16.0,34.3,10462.4,55091.6,0.0,0.39,1.89,375.69,33472.21,33428.69,0.0,65.05,40.42
1788424556.735,732.19,ndvi_acquire_stac,1,3709.9,3709.9,14.0,36.6,10465.5,55088.5,0.0,0.39,1.89,375.96,33502.06,33441.25,0.0,65.05,40.42
1788424557.239,732.7,ndvi_acquire_stac,1,3709.9,3709.9,39.7,35.0,10472.0,55081.9,0.0,0.39,1.89,375.96,33525.44,33488.16,0.0,65.05,40.42
1788424557.742,733.2,ndvi_acquire_stac,1,3709.9,3709.9,15.9,33.7,10312.9,55241.0,0.0,0.39,1.89,376.11,33549.73,33505.11,0.0,65.05,40.42
1788424558.243,733.7,ndvi_acquire_stac,1,3709.9,3709.9,20.0,32.6,10356.4,55197.6,0.0,0.39,1.89,376.12,33569.18,33526.1,0.0,65.05,40.42
1788424558.745,734.2,ndvi_acquire_stac,1,3709.9,3709.9,19.9,33.7,10306.7,55247.2,0.0,0.39,1.89,376.17,33590.33,33551.52,0.0,65.05,40.42
1788424559.274,734.73,ndvi_acquire_stac,1,3709.7,3709.7,87.0,39.8,10366.8,55187.1,0.0,0.39,1.89,376.17,33610.81,33568.19,0.0,65.05,40.42
1788424559.856,735.31,ndvi_acquire_stac,1,3777.7,3777.7,65.3,37.3,10280.9,55273.1,0.0,0.39,1.89,378.28,33632.57,33589.1,0.0,65.05,40.42
1788424560.357,735.81,ndvi_acquire_stac,1,3805.4,3805.4,79.8,30.2,10274.5,55279.5,0.0,0.39,1.89,378.28,33652.15,33606.14,0.0,65.05,40.42
1788424560.859,736.31,ndvi_acquire_stac,1,3792.6,3792.6,41.9,36.9,10463.5,55090.5,0.0,0.39,1.89,378.72,33669.58,33631.63,0.0,65.05,40.42
1788424561.36,736.82,ndvi_acquire_stac,1,3792.6,3792.6,14.0,34.0,10519.0,55035.0,0.0,0.39,1.89,378.73,33684.97,33640.18,0.0,65.05,40.42
1788424561.861,737.32,ndvi_acquire_stac,1,3792.7,3792.7,16.0,32.7,10518.4,55035.5,0.0,0.39,1.89,378.88,33701.87,33657.2,0.0,65.05,40.42
1788424562.363,737.82,ndvi_acquire_stac,1,3792.7,3792.7,25.9,34.6,10525.1,55028.8,0.0,0.39,1.89,378.88,33720.42,33687.9,0.0,65.05,40.42
1788424562.877,738.33,ndvi_acquire_stac,1,3792.5,3792.5,64.2,38.5,10513.1,55040.8,0.0,0.39,1.89,379.04,33732.73,33696.7,0.0,65.05,40.42
1788424563.388,738.84,ndvi_acquire_stac,1,3856.0,3856.0,64.5,39.9,10589.7,54964.3,0.0,0.39,1.89,379.04,33748.81,33705.56,0.0,65.05,40.42
1788424563.89,739.35,ndvi_acquire_stac,1,3826.2,3826.2,105.7,45.1,10559.6,54994.4,0.0,0.39,1.89,379.48,33763.83,33736.63,0.0,65.05,40.42
1788424564.57,740.03,ndvi_acquire_stac,1,3834.7,3834.7,67.7,40.6,10612.0,54941.9,0.0,0.39,1.89,379.48,33788.4,33736.7,0.0,65.05,40.42
1788424565.152,740.61,ndvi_acquire_stac,1,3784.4,3784.4,94.4,44.1,10469.5,55084.4,0.0,0.39,1.89,379.84,33808.8,33775.05,0.0,65.05,40.42
1788424565.676,741.13,ndvi_acquire_stac,1,3800.8,3800.8,78.3,40.8,10531.6,55022.3,0.0,0.39,1.89,380.17,33830.89,33796.16,0.0,65.05,40.42
1788424566.177,741.63,ndvi_acquire_stac,1,3800.9,3800.9,12.0,33.1,10531.9,55022.1,0.0,0.39,1.89,380.18,33847.05,33800.27,0.0,65.05,40.42
1788424566.678,742.13,ndvi_acquire_stac,1,3800.9,3800.9,23.9,35.9,10361.5,55192.4,0.0,0.39,1.89,380.35,33858.1,33825.74,0.0,65.05,40.42
1788424567.179,742.64,ndvi_acquire_stac,1,3800.9,3800.9,12.0,22.9,10330.5,55223.5,0.0,0.39,1.89,380.35,33869.34,33834.24,0.0,65.05,40.42
1788424567.837,743.29,ndvi_acquire_stac,1,3800.8,3800.8,53.3,25.3,10303.0,55250.9,0.0,0.39,1.89,380.59,33886.59,33842.87,0.0,65.05,40.42
1788424568.402,743.86,ndvi_acquire_stac,1,3807.1,3807.1,88.4,42.9,10498.4,55055.6,0.0,0.39,1.89,380.67,33902.23,33856.51,0.0,65.05,40.42
1788424569.073,744.53,ndvi_acquire_stac,1,3843.7,3843.7,89.5,39.7,10480.1,55073.9,0.0,0.39,1.89,381.18,33925.33,33875.95,0.0,65.05,40.42
1788424569.64,745.1,ndvi_acquire_stac,1,3837.4,3837.4,96.9,44.6,10377.5,55176.8,0.0,0.39,1.89,381.38,33944.01,33892.96,0.0,65.05,40.42
1788424570.144,745.6,ndvi_acquire_stac,1,3845.8,3845.8,59.5,36.6,10406.1,55147.8,0.0,0.39,1.89,381.51,33961.66,33918.41,0.0,65.05,40.42
1788424570.645,746.1,ndvi_acquire_stac,1,3845.9,3845.9,8.0,32.8,10543.5,55010.4,0.0,0.39,1.89,381.96,33976.5,33918.46,0.0,65.05,40.42
1788424571.147,746.6,ndvi_acquire_stac,1,3846.0,3846.0,29.9,34.5,10315.0,55238.9,0.0,0.39,1.89,381.96,33994.02,33952.62,0.0,65.05,40.42
1788424571.829,747.29,ndvi_acquire_stac,1,3845.9,3845.9,52.8,35.5,10463.7,55090.2,0.0,0.39,1.89,382.21,34017.67,33964.68,0.0,65.05,40.42
1788424572.414,747.87,ndvi_acquire_stac,1,3845.9,3845.9,68.4,41.9,10640.0,54913.9,0.0,0.39,1.89,382.21,34034.45,33974.32,0.0,65.05,40.42
1788424572.932,748.39,ndvi_acquire_stac,1,3875.6,3875.6,84.8,40.8,10589.8,54964.1,0.0,0.4,1.89,382.65,34053.13,33998.72,0.0,65.05,40.42
1788424573.434,748.89,ndvi_acquire_stac,1,3864.8,3864.8,19.9,35.4,10742.2,54811.8,0.0,0.4,1.89,382.65,34070.34,34007.22,0.0,65.05,40.42
1788424573.935,749.39,ndvi_acquire_stac,1,3864.9,3864.9,25.9,32.9,10758.6,54795.4,0.0,0.4,1.89,383.14,34092.15,34029.25,0.0,65.05,40.42
1788424574.438,749.89,ndvi_acquire_stac,1,3864.9,3864.9,27.9,33.8,10709.1,54844.8,0.0,0.4,1.89,383.14,34113.02,34058.15,0.0,65.05,40.42
1788424574.939,750.4,ndvi_acquire_stac,1,3864.9,3864.9,12.0,33.2,10537.8,55016.1,0.0,0.4,1.89,383.37,34126.82,34075.08,0.0,65.05,40.42
1788424575.441,750.9,ndvi_acquire_stac,1,3864.9,3864.9,15.9,30.6,10580.8,54973.2,0.0,0.4,1.89,383.39,34144.55,34092.01,0.0,65.05,40.42
1788424575.942,751.4,ndvi_acquire_stac,1,3864.9,3864.9,16.0,33.6,10724.4,54829.5,0.0,0.4,1.89,383.65,34169.06,34108.02,0.0,65.05,40.42
1788424576.444,751.9,ndvi_acquire_stac,1,3864.9,3864.9,25.9,30.9,10673.1,54880.9,0.0,0.4,1.89,383.65,34193.4,34134.39,0.0,65.05,40.42
1788424576.945,752.4,ndvi_acquire_stac,1,3865.0,3865.0,14.0,33.6,10687.6,54866.3,0.0,0.4,1.89,383.85,34215.4,34142.9,0.0,65.05,40.42
1788424577.447,752.9,ndvi_acquire_stac,1,3865.0,3865.0,41.9,37.3,10638.3,54915.6,0.0,0.4,1.89,383.95,34239.52,34185.29,0.0,65.05,40.42
1788424577.949,753.41,ndvi_acquire_stac,1,3865.0,3865.0,4.0,33.4,10774.4,54779.5,0.0,0.4,1.89,384.14,34265.84,34185.36,0.0,65.05,40.42
1788424578.45,753.91,ndvi_acquire_stac,1,3865.0,3865.0,41.9,28.5,10494.2,55059.7,0.0,0.4,1.89,384.14,34288.37,34235.14,0.0,65.05,40.42
1788424578.954,754.41,ndvi_acquire_stac,1,3865.0,3865.0,15.9,23.7,10477.7,55076.2,0.0,0.4,1.89,384.35,34310.64,34253.15,0.0,65.05,40.42
1788424579.455,754.91,ndvi_acquire_stac,1,3865.0,3865.0,14.0,31.2,10694.0,54860.0,0.0,0.4,1.89,384.35,34335.79,34261.69,0.0,65.05,40.42
1788424579.957,755.41,ndvi_acquire_stac,1,3865.0,3865.0,33.9,33.8,10593.5,54960.5,0.0,0.4,1.89,384.52,34360.21,34304.12,0.0,65.05,40.42
1788424580.459,755.91,ndvi_acquire_stac,1,3865.0,3865.0,14.0,33.4,10793.9,54760.0,0.0,0.4,1.89,384.62,34378.97,34321.07,0.0,65.05,40.42
1788424580.96,756.42,ndvi_acquire_stac,1,3865.0,3865.0,12.0,32.9,10650.4,54903.5,0.0,0.4,1.89,385.99,34400.44,34329.58,0.0,65.05,40.42
1788424581.461,756.92,ndvi_acquire_stac,1,3865.0,3865.0,23.9,31.9,10685.3,54868.6,0.0,0.4,1.89,386.31,34423.68,34363.42,0.0,65.05,40.42
1788424581.962,757.42,ndvi_acquire_stac,1,3865.0,3865.0,16.0,30.2,10457.4,55096.6,0.0,0.4,1.89,386.51,34445.23,34380.42,0.0,65.05,40.42
1788424582.464,757.92,ndvi_acquire_stac,1,3865.0,3865.0,17.9,37.4,10544.1,55009.8,0.0,0.4,1.89,386.51,34465.0,34403.72,0.0,65.05,40.42
1788424582.967,758.42,ndvi_acquire_stac,1,3865.0,3865.0,23.9,33.7,10415.0,55138.9,0.0,0.4,1.89,386.78,34488.07,34431.34,0.0,65.05,40.42
1788424583.468,758.92,ndvi_acquire_stac,1,3865.0,3865.0,14.0,32.1,10461.4,55092.6,0.0,0.4,1.89,386.87,34509.9,34448.28,0.0,65.05,40.42
1788424583.97,759.43,ndvi_acquire_stac,1,3865.0,3865.0,18.0,33.4,10460.1,55093.9,0.0,0.4,1.89,387.03,34533.98,34467.92,0.0,65.05,40.42
1788424584.473,759.93,ndvi_acquire_stac,1,3865.0,3865.0,15.9,34.2,10460.0,55093.9,0.0,0.4,1.89,387.03,34553.32,34490.79,0.0,65.05,40.42
1788424584.974,760.43,ndvi_acquire_stac,1,3865.0,3865.0,18.0,33.3,10573.6,54980.3,0.0,0.4,1.89,387.53,34576.04,34507.8,0.0,65.05,40.42
1788424585.475,760.93,ndvi_acquire_stac,1,3865.0,3865.0,33.9,37.4,10631.8,54922.2,0.0,0.4,1.89,387.61,34597.05,34541.72,0.0,65.05,40.42
1788424585.977,761.43,ndvi_acquire_stac,1,3865.0,3865.0,16.0,31.5,10464.1,55089.8,0.0,0.4,1.89,388.13,34621.89,34559.88,0.0,65.05,40.42
1788424586.479,761.94,ndvi_acquire_stac,1,3865.0,3865.0,15.9,32.8,10623.4,54930.6,0.0,0.4,1.89,388.18,34640.7,34575.79,0.0,65.05,40.42
1788424586.981,762.44,ndvi_acquire_stac,1,3865.0,3865.0,29.9,32.8,10704.1,54849.8,0.0,0.4,1.89,388.4,34665.32,34609.7,0.0,65.05,40.42
1788424587.482,762.94,ndvi_acquire_stac,1,3865.0,3865.0,16.0,29.3,10672.5,54881.4,0.0,0.4,1.89,388.4,34690.9,34626.65,0.0,65.05,40.42
1788424587.984,763.44,ndvi_acquire_stac,1,3865.0,3865.0,21.9,34.0,10666.0,54887.9,0.0,0.4,1.89,388.62,34715.91,34652.13,0.0,65.05,40.42
1788424588.485,763.94,ndvi_acquire_stac,1,3865.0,3865.0,27.9,34.0,10489.2,55064.7,0.0,0.4,1.89,388.64,34734.75,34681.24,0.0,65.05,40.42
1788424588.989,764.44,ndvi_acquire_stac,1,3865.0,3865.0,31.8,35.5,10667.9,54886.0,0.0,0.41,1.89,388.82,34760.35,34711.56,0.0,65.05,40.42
1788424589.49,764.95,ndvi_acquire_stac,1,3865.0,3865.0,8.0,30.9,10723.4,54830.5,0.0,0.41,1.89,388.82,34786.27,34712.75,0.0,65.05,40.42
1788424589.996,765.45,ndvi_acquire_stac,1,3865.0,3865.0,33.6,30.9,10372.3,55181.7,0.0,0.41,1.89,389.12,34809.87,34756.09,0.0,65.05,40.42
1788424590.544,766.0,ndvi_acquire_stac,1,3864.8,3864.8,76.6,40.3,10600.9,54953.0,0.0,0.41,1.89,389.12,34829.92,34777.33,0.0,65.05,40.42
1788424591.149,766.6,ndvi_acquire_stac,1,3864.8,3864.8,76.1,39.7,10609.4,54944.5,0.0,0.41,1.89,389.79,34849.36,34791.74,0.0,65.05,40.42
1788424591.665,767.12,ndvi_acquire_stac,1,3875.2,3875.2,71.7,38.6,10793.6,54760.4,0.0,0.41,1.89,390.02,34868.0,34810.03,0.0,65.05,40.42
1788424592.166,767.62,ndvi_acquire_stac,1,3875.3,3875.3,89.8,41.1,10840.1,54713.8,0.0,0.41,1.89,390.05,34879.75,34826.52,0.0,65.05,40.42
1788424592.681,768.14,ndvi_acquire_stac,1,3875.3,3875.3,108.8,42.6,10840.9,54713.0,0.0,0.41,1.89,391.77,34893.61,34845.83,0.0,65.05,40.42
1788424593.183,768.64,ndvi_acquire_stac,1,3886.0,3886.0,37.8,38.2,10890.3,54663.6,0.0,0.41,1.89,391.77,34910.71,34854.38,0.0,65.05,40.42
1788424593.685,769.14,ndvi_acquire_stac,1,3886.0,3886.0,27.9,26.7,10778.7,54775.2,0.0,0.41,1.89,391.95,34924.66,34879.85,0.0,65.05,40.42
1788424594.186,769.64,ndvi_acquire_stac,1,3886.1,3886.1,6.0,33.5,10948.9,54605.0,0.0,0.41,1.89,391.95,34942.79,34879.91,0.0,65.05,40.42
1788424594.687,770.14,ndvi_acquire_stac,1,3886.1,3886.1,23.9,34.4,10870.4,54683.6,0.0,0.41,1.89,392.19,34972.77,34907.76,0.0,65.05,40.42
1788424595.189,770.65,ndvi_acquire_stac,1,3886.3,3886.3,27.9,34.5,10776.2,54777.7,0.0,0.41,1.89,392.39,35003.81,34930.84,0.0,65.05,40.42
1788424595.698,771.15,ndvi_acquire_stac,1,3886.3,3886.3,39.3,38.0,10574.5,54979.5,0.0,0.41,1.89,392.69,35042.83,34969.7,0.0,65.05,40.42
1788424596.199,771.66,ndvi_acquire_stac,1,3886.4,3886.4,25.9,35.1,10370.2,55183.8,0.0,0.41,1.89,392.71,35085.15,34995.22,0.0,65.05,40.42
1788424596.701,772.16,ndvi_acquire_stac,1,3889.3,3889.3,49.8,38.7,10449.0,55104.9,0.0,0.41,1.89,392.92,35127.76,35039.82,0.0,65.05,40.42
1788424597.204,772.66,ndvi_acquire_stac,1,3892.2,3892.2,37.7,37.4,10377.4,55176.5,0.0,0.41,1.89,392.93,35165.9,35080.11,0.0,65.05,40.42
1788424597.707,773.16,ndvi_acquire_stac,1,3892.2,3892.2,41.8,37.9,10446.5,55107.4,0.0,0.41,1.89,393.17,35211.17,35131.02,0.0,65.05,40.42
1788424598.208,773.66,ndvi_acquire_stac,1,3892.2,3892.2,35.9,34.2,10472.2,55081.7,0.0,0.41,1.89,393.38,35250.85,35165.03,0.0,65.05,40.42
1788424598.71,774.17,ndvi_acquire_stac,1,3892.2,3892.2,41.9,34.6,10428.5,55125.5,0.0,0.41,1.89,393.56,35289.86,35215.98,0.0,65.05,40.42
1788424599.211,774.67,ndvi_acquire_stac,1,3892.2,3892.2,29.9,36.2,10420.1,55133.8,0.0,0.41,1.89,393.56,35325.62,35249.97,0.0,65.05,40.42
1788424599.713,775.17,ndvi_acquire_stac,1,3892.2,3892.2,19.9,34.8,10512.3,55041.6,0.0,0.41,1.89,393.73,35362.47,35267.02,0.0,65.05,40.42
1788424600.214,775.67,ndvi_acquire_stac,1,3892.2,3892.2,65.8,41.1,10414.7,55139.2,0.0,0.41,1.89,393.87,35398.51,35334.96,0.0,65.05,40.42
1788424600.715,776.17,ndvi_acquire_stac,1,3892.2,3892.2,25.9,34.8,10272.7,55281.3,0.0,0.41,1.89,394.26,35436.8,35352.04,0.0,65.05,40.42
1788424601.217,776.67,ndvi_acquire_stac,1,3892.2,3892.2,37.9,35.1,10427.4,55126.6,0.0,0.41,1.89,394.26,35473.24,35394.3,0.0,65.05,40.42
1788424601.718,777.17,ndvi_acquire_stac,1,3892.2,3892.2,35.9,33.9,10358.8,55195.1,0.0,0.41,1.89,397.1,35512.86,35436.98,0.0,65.05,40.42
1788424602.22,777.68,ndvi_acquire_stac,1,3892.2,3892.2,25.9,33.0,10378.7,55175.2,0.0,0.41,1.89,397.1,35545.68,35463.9,0.0,65.05,40.42
1788424602.721,778.18,ndvi_acquire_stac,1,3892.0,3892.0,97.7,42.1,10523.2,55030.8,0.0,0.41,1.89,397.3,35575.43,35478.43,0.0,65.05,40.42
1788424603.254,778.71,ndvi_acquire_stac,1,3892.1,3892.1,140.8,47.7,10478.0,55075.9,0.0,0.41,1.89,397.32,35604.37,35548.77,0.0,65.05,40.42
1788424603.755,779.21,ndvi_acquire_stac,1,3906.4,3906.4,73.8,39.7,10665.9,54888.1,0.0,0.41,1.89,397.6,35636.07,35557.29,0.0,65.05,40.42
1788424604.257,779.71,ndvi_acquire_stac,1,3919.3,3919.3,51.8,36.0,10662.2,54891.7,0.0,0.41,1.89,397.6,35667.25,35577.39,0.0,65.05,40.42
1788424604.762,780.22,ndvi_acquire_stac,1,3938.2,3938.2,75.2,38.2,10666.8,54887.1,0.0,0.41,1.89,397.98,35697.08,35642.15,0.0,65.05,40.42
1788424605.264,780.72,ndvi_acquire_stac,1,3938.2,3938.2,8.0,33.0,10694.8,54859.1,0.0,0.41,1.89,397.99,35724.5,35642.24,0.0,65.05,40.42
1788424605.765,781.22,ndvi_acquire_stac,1,3938.3,3938.3,23.9,31.4,10700.0,54853.9,0.0,0.41,1.89,398.37,35753.4,35663.52,0.0,65.05,40.42
1788424606.268,781.72,ndvi_acquire_stac,1,3938.3,3938.3,27.8,31.7,10559.1,54994.8,0.0,0.41,1.89,398.37,35781.95,35701.59,0.0,65.05,40.42
1788424606.77,782.23,ndvi_acquire_stac,1,3938.3,3938.3,29.9,34.3,10612.7,54941.2,0.0,0.41,1.89,398.44,35809.43,35735.55,0.0,65.05,40.42
1788424607.272,782.73,ndvi_acquire_stac,1,3938.3,3938.3,25.9,33.3,10382.2,55171.7,0.0,0.41,1.89,398.44,35841.99,35768.94,0.0,65.05,40.42
1788424607.776,783.23,ndvi_acquire_stac,1,3938.3,3938.3,17.8,35.1,10531.4,55022.5,0.0,0.41,1.89,398.63,35879.95,35786.39,0.0,65.05,40.42
1788424608.278,783.73,ndvi_acquire_stac,1,3938.4,3938.4,47.8,33.6,10449.8,55104.2,0.0,0.41,1.89,398.63,35918.86,35836.1,0.0,65.05,40.42
1788424608.78,784.24,ndvi_acquire_stac,1,3938.4,3938.4,39.8,37.0,10590.4,54963.6,0.0,0.41,1.89,399.14,35954.51,35887.02,0.0,65.05,40.42
1788424609.282,784.74,ndvi_acquire_stac,1,3938.4,3938.4,19.9,34.4,10620.7,54933.3,0.0,0.41,1.89,400.06,35993.56,35903.05,0.0,65.05,40.42
1788424609.786,785.24,ndvi_acquire_stac,1,3938.4,3938.4,43.7,37.9,10683.7,54870.2,0.0,0.41,1.89,400.24,36031.21,35954.96,0.0,65.05,40.42
1788424610.287,785.74,ndvi_acquire_stac,1,3938.4,3938.4,29.9,31.5,10488.1,55065.9,0.0,0.41,1.89,400.24,36067.82,35980.93,0.0,65.05,40.42
1788424610.792,786.25,ndvi_acquire_stac,1,3938.4,3938.4,37.6,36.5,10625.0,54929.0,0.0,0.41,1.89,400.6,36107.17,36022.93,0.0,65.05,40.42
1788424611.294,786.75,ndvi_acquire_stac,1,3938.4,3938.4,35.9,36.0,10714.9,54839.0,0.0,0.41,1.89,400.69,36141.42,36055.75,0.0,65.05,40.42
1788424611.795,787.25,ndvi_acquire_stac,1,3938.4,3938.4,45.9,33.9,10575.0,54979.0,0.0,0.41,1.89,400.91,36173.05,36106.13,0.0,65.05,40.42
1788424612.298,787.75,ndvi_acquire_stac,1,3938.3,3938.3,21.9,35.8,10663.4,54890.5,0.0,0.41,1.89,400.91,36204.3,36124.22,0.0,65.05,40.42
1788424612.799,788.26,ndvi_acquire_stac,1,3938.3,3938.3,39.9,35.3,10384.6,55169.4,0.0,0.41,1.89,401.39,36235.24,36166.69,0.0,65.05,40.42
1788424613.301,788.76,ndvi_acquire_stac,1,3938.3,3938.3,14.0,35.4,10472.6,55081.3,0.0,0.41,1.89,401.39,36261.06,36183.68,0.0,65.05,40.42
1788424613.803,789.26,ndvi_acquire_stac,1,3938.3,3938.3,31.9,33.4,10465.0,55088.9,0.0,0.41,1.89,401.55,36287.22,36211.15,0.0,65.05,40.42
1788424614.31,789.77,ndvi_acquire_stac,1,3938.1,3938.1,39.4,35.8,10595.4,54958.6,0.0,0.41,1.89,401.6,36314.51,36251.71,0.0,65.05,40.42
1788424614.812,790.27,ndvi_acquire_stac,1,3938.1,3938.1,23.9,34.4,10477.5,55076.4,0.0,0.41,1.89,401.73,36335.2,36277.18,0.0,65.05,40.42
1788424615.313,790.77,ndvi_acquire_stac,1,3938.1,3938.1,10.0,33.0,10659.8,54894.1,0.0,0.41,1.89,401.73,36358.63,36285.71,0.0,65.05,40.42
1788424615.816,791.27,ndvi_acquire_stac,1,3938.1,3938.1,21.9,33.9,10510.8,55043.1,0.0,0.41,1.89,402.03,36379.16,36310.67,0.0,65.05,40.42
1788424616.317,791.77,ndvi_acquire_stac,1,3938.1,3938.1,23.9,33.3,10346.2,55207.8,0.0,0.41,1.89,402.03,36399.33,36344.54,0.0,65.05,40.42
1788424616.819,792.28,ndvi_acquire_stac,1,3938.1,3938.1,10.0,31.4,10476.4,55077.5,0.0,0.41,1.89,403.34,36418.61,36353.05,0.0,65.05,40.42
1788424617.32,792.78,ndvi_acquire_stac,1,3938.1,3938.1,39.9,31.3,10663.9,54890.0,0.0,0.41,1.89,403.34,36438.98,36394.27,0.0,65.05,40.42
1788424617.822,793.28,ndvi_acquire_stac,1,3938.1,3938.1,8.0,33.7,10706.0,54847.9,0.0,0.41,1.89,403.34,36459.15,36398.02,0.0,65.05,40.42
1788424618.323,793.78,ndvi_acquire_stac,1,3937.9,3937.9,115.7,41.2,10896.3,54657.7,0.0,0.41,1.89,403.34,36473.77,36422.54,0.0,65.05,40.42
1788424618.835,794.29,ndvi_acquire_stac,1,3941.3,3941.3,93.9,41.8,10802.5,54751.4,0.0,0.41,1.89,403.61,36496.12,36440.46,0.0,65.05,40.42
1788424619.336,794.79,ndvi_acquire_stac,1,3962.2,3962.2,35.9,36.3,10984.2,54569.8,0.0,0.42,1.89,403.68,36516.62,36448.96,0.0,65.05,40.42
1788424619.838,795.29,ndvi_acquire_stac,1,3970.7,3970.7,21.9,34.1,10933.1,54620.9,0.0,0.42,1.89,403.98,36534.36,36474.41,0.0,65.05,40.42
1788424620.339,795.8,ndvi_acquire_stac,1,3970.7,3970.7,18.0,33.3,10754.9,54799.1,0.0,0.42,1.89,404.07,36551.79,36491.37,0.0,65.05,40.42
1788424620.84,796.3,ndvi_acquire_stac,1,3970.7,3970.7,16.0,32.8,10774.9,54779.1,0.0,0.42,1.89,404.25,36572.71,36508.35,0.0,65.05,40.42
1788424621.342,796.8,ndvi_acquire_stac,1,3970.7,3970.7,16.0,31.8,10727.7,54826.2,0.0,0.42,1.89,404.25,36592.3,36525.29,0.0,65.05,40.42
1788424621.843,797.3,ndvi_acquire_stac,1,3970.7,3970.7,25.9,35.3,10793.4,54760.5,0.0,0.42,1.89,405.52,36611.42,36559.21,0.0,65.05,40.42
1788424622.345,797.8,ndvi_acquire_stac,1,3970.7,3970.7,6.0,29.1,10692.4,54861.5,0.0,0.42,1.89,405.52,36633.08,36559.27,0.0,65.05,40.42
1788424622.846,798.3,ndvi_acquire_stac,1,3970.7,3970.7,35.9,35.6,10821.8,54732.2,0.0,0.42,1.89,405.74,36659.36,36601.66,0.0,65.05,40.42
1788424623.348,798.8,ndvi_acquire_stac,1,3970.8,3970.8,17.9,33.6,10806.1,54747.8,0.0,0.42,1.89,405.75,36685.45,36618.66,0.0,65.05,40.42
1788424623.85,799.31,ndvi_acquire_stac,1,3970.8,3970.8,16.0,33.6,10784.7,54769.2,0.0,0.42,1.89,406.14,36714.51,36635.72,0.0,65.05,40.42
1788424624.351,799.81,ndvi_acquire_stac,1,3970.8,3970.8,39.9,36.7,10739.0,54815.3,0.0,0.42,1.89,406.14,36740.15,36678.14,0.0,65.05,40.42
1788424624.853,800.31,ndvi_acquire_stac,1,3970.8,3970.8,25.9,34.3,10582.7,54971.2,0.0,0.42,1.89,406.56,36765.96,36703.67,0.0,65.05,40.42
1788424625.354,800.81,ndvi_acquire_stac,1,3970.8,3970.8,15.9,34.0,10721.2,54832.8,0.0,0.42,1.89,406.56,36796.71,36720.7,0.0,65.05,40.42
1788424625.856,801.31,ndvi_acquire_stac,1,3970.8,3970.8,29.9,34.0,10704.3,54849.7,0.0,0.42,1.89,407.13,36822.55,36763.05,0.0,65.05,40.42
1788424626.358,801.81,ndvi_acquire_stac,1,3970.8,3970.8,31.9,35.3,10816.7,54737.2,0.0,0.42,1.89,407.13,36847.69,36788.55,0.0,65.05,40.42
1788424626.859,802.32,ndvi_acquire_stac,1,3970.8,3970.8,12.0,32.0,10798.4,54755.5,0.0,0.42,1.89,407.46,36878.42,36797.08,0.0,65.05,40.42
1788424627.361,802.82,ndvi_acquire_stac,1,3970.8,3970.8,51.8,39.0,10937.4,54616.6,0.0,0.42,1.89,407.46,36906.83,36848.0,0.0,65.05,40.42
1788424627.862,803.32,ndvi_acquire_stac,1,3970.8,3970.8,17.9,31.6,10874.3,54679.6,0.0,0.42,1.89,407.81,36929.72,36865.0,0.0,65.05,40.42
1788424628.364,803.82,ndvi_acquire_stac,1,3970.8,3970.8,17.9,36.6,10935.4,54618.6,0.0,0.42,1.89,407.9,36955.4,36878.66,0.0,65.05,40.42
1788424628.868,804.32,ndvi_acquire_stac,1,3970.8,3970.8,33.7,34.6,11022.9,54531.0,0.0,0.42,1.89,408.32,36976.52,36915.94,0.0,65.05,40.42
1788424629.369,804.83,ndvi_acquire_stac,1,3970.8,3970.8,18.0,31.0,10913.8,54640.2,0.0,0.42,1.89,408.32,37001.17,36933.0,0.0,65.05,40.42
1788424629.871,805.33,ndvi_acquire_stac,1,3970.8,3970.8,27.9,36.9,10987.1,54566.8,0.0,0.42,1.89,408.53,37029.66,36958.52,0.0,65.05,40.42
1788424630.372,805.83,ndvi_acquire_stac,1,3970.8,3970.8,33.9,32.8,10906.1,54647.9,0.0,0.42,1.89,408.54,37050.48,36984.01,0.0,65.05,40.42
1788424630.874,806.33,ndvi_acquire_stac,1,3970.8,3970.8,27.9,34.1,10933.3,54620.7,0.0,0.42,1.89,408.9,37077.35,37017.95,0.0,65.05,40.42
1788424631.376,806.83,ndvi_acquire_stac,1,3970.8,3970.8,21.9,32.1,10875.5,54678.5,0.0,0.42,1.89,408.9,37103.19,37041.13,0.0,65.05,40.42
1788424631.878,807.33,ndvi_acquire_stac,1,3970.7,3970.7,17.9,30.6,10824.6,54729.3,0.0,0.42,1.89,409.07,37122.15,37058.14,0.0,65.05,40.42
1788424632.38,807.84,ndvi_acquire_stac,1,3970.7,3970.7,29.9,34.4,10713.6,54840.3,0.0,0.42,1.89,409.07,37136.87,37092.07,0.0,65.05,40.42
1788424632.881,808.34,ndvi_acquire_stac,1,3970.7,3970.7,14.0,33.7,10862.6,54691.3,0.0,0.42,1.89,409.74,37157.56,37100.6,0.0,65.05,40.42
1788424633.383,808.84,ndvi_acquire_stac,1,3970.7,3970.7,23.9,35.2,10769.1,54784.8,0.0,0.42,1.89,409.74,37178.4,37126.03,0.0,65.05,40.42
1788424633.884,809.34,ndvi_acquire_stac,1,3970.7,3970.7,23.9,33.6,10668.3,54885.6,0.0,0.42,1.89,410.17,37198.8,37151.5,0.0,65.05,40.42
1788424634.58,810.04,ndvi_acquire_stac,1,3970.4,3970.4,63.2,38.0,10525.9,55028.0,0.0,0.42,1.89,410.43,37220.28,37162.57,0.0,65.05,40.42
1788424635.1,810.56,ndvi_acquire_stac,1,3970.4,3970.4,121.0,44.8,10646.1,54907.8,0.0,0.42,1.9,410.7,37240.58,37188.1,0.0,65.05,40.42
1788424635.697,811.15,ndvi_acquire_stac,1,4009.9,4009.9,98.8,41.6,10708.9,54845.0,0.0,0.42,1.9,411.05,37261.58,37205.09,0.0,65.05,40.42
1788424636.243,811.7,ndvi_acquire_stac,1,4009.9,4009.9,89.9,42.8,10550.4,55003.5,0.0,0.42,1.9,411.06,37281.38,37222.12,0.0,65.05,40.42
1788424636.744,812.2,ndvi_acquire_stac,1,4020.4,4020.4,65.8,37.4,10636.3,54917.7,0.0,0.42,1.9,411.44,37297.71,37247.59,0.0,65.05,40.42
1788424637.246,812.7,ndvi_acquire_stac,1,4020.4,4020.4,10.0,32.0,10814.7,54739.3,0.0,0.42,1.9,411.44,37315.11,37247.65,0.0,65.05,40.42
1788424637.747,813.2,ndvi_acquire_stac,1,4020.5,4020.5,21.9,33.4,10833.8,54720.1,0.0,0.42,1.9,411.57,37331.4,37273.08,0.0,65.05,40.42
1788424638.288,813.74,ndvi_acquire_stac,1,4020.3,4020.3,77.7,36.2,10525.2,55028.7,0.0,0.42,1.9,411.57,37346.54,37275.66,0.0,65.05,40.42
1788424638.836,814.29,ndvi_acquire_stac,1,4020.3,4020.3,120.2,42.6,10555.0,54998.9,0.0,0.42,1.9,412.19,37360.33,37309.61,0.0,65.05,40.42
1788424639.39,814.85,ndvi_acquire_stac,1,4039.5,4039.5,115.6,44.3,10734.1,54819.8,0.0,0.42,1.9,412.19,37379.54,37309.65,0.0,65.05,40.42
1788424639.933,815.39,ndvi_acquire_stac,1,4053.6,4053.6,86.6,43.1,10762.5,54791.5,0.0,0.42,1.9,412.27,37402.42,37326.59,0.0,65.05,40.42
1788424640.435,815.89,ndvi_acquire_stac,1,4077.7,4077.7,59.8,39.2,10792.8,54761.2,0.0,0.42,1.9,412.27,37417.47,37354.74,0.0,65.05,40.42
1788424640.936,816.39,ndvi_acquire_stac,1,4077.7,4077.7,12.0,33.5,10780.7,54773.2,0.0,0.42,1.9,412.57,37437.29,37360.13,0.0,65.05,40.42
1788424641.437,816.89,ndvi_acquire_stac,1,4077.8,4077.8,35.9,37.7,10776.1,54777.8,0.0,0.42,1.9,412.57,37450.1,37394.01,0.0,65.05,40.42
1788424641.938,817.39,ndvi_acquire_stac,1,4077.8,4077.8,8.0,34.1,10773.1,54780.8,0.0,0.42,1.9,412.79,37467.51,37402.5,0.0,65.05,40.42
1788424642.44,817.9,ndvi_acquire_stac,1,4077.8,4077.8,4.0,34.5,10775.7,54778.3,0.0,0.42,1.9,412.8,37483.49,37403.63,0.0,65.05,40.42
1788424642.944,818.4,ndvi_acquire_stac,1,4077.8,4077.8,29.7,36.6,10771.2,54782.7,0.0,0.42,1.9,413.07,37500.95,37444.82,0.0,65.05,40.42
1788424643.445,818.9,ndvi_acquire_stac,1,4077.8,4077.8,12.0,33.9,10773.7,54780.2,0.0,0.42,1.9,413.07,37523.61,37453.33,0.0,65.05,40.42
1788424643.947,819.4,ndvi_acquire_stac,1,4077.8,4077.8,12.0,34.8,10776.0,54777.9,0.0,0.42,1.9,415.31,37544.96,37470.22,0.0,65.05,40.42
1788424644.448,819.9,ndvi_acquire_stac,1,4077.9,4077.9,27.9,37.1,10764.3,54789.5,0.0,0.42,1.9,415.31,37568.64,37504.13,0.0,65.05,40.42
1788424644.949,820.41,ndvi_acquire_stac,1,4077.9,4077.9,8.0,33.9,10590.8,54963.2,0.0,0.42,1.9,415.85,37590.73,37512.61,0.0,65.05,40.42
1788424645.45,820.91,ndvi_acquire_stac,1,4077.9,4077.9,10.0,24.9,10551.9,55002.0,0.0,0.42,1.9,415.85,37614.51,37521.14,0.0,65.05,40.42
1788424645.952,821.41,ndvi_acquire_stac,1,4077.9,4077.9,69.8,40.1,10738.6,54815.3,0.0,0.42,1.9,416.39,37638.04,37572.0,0.0,65.05,40.42
1788424646.453,821.91,ndvi_acquire_stac,1,4077.9,4077.9,10.0,30.9,10569.5,54984.4,0.0,0.42,1.9,416.39,37654.43,37580.49,0.0,65.05,40.42
1788424646.955,822.41,ndvi_acquire_stac,1,4077.9,4077.9,16.0,32.8,10753.4,54800.5,0.0,0.42,1.9,416.7,37680.61,37597.49,0.0,65.05,40.42
1788424647.456,822.91,ndvi_acquire_stac,1,4077.9,4077.9,35.9,33.7,10903.8,54650.1,0.0,0.42,1.9,416.71,37701.45,37631.4,0.0,65.05,40.42
1788424647.957,823.41,ndvi_acquire_stac,1,4077.9,4077.9,23.9,36.2,11008.7,54545.2,0.0,0.42,1.9,417.88,37721.15,37656.83,0.0,65.05,40.42
1788424648.459,823.92,ndvi_acquire_stac,1,4077.8,4077.8,37.9,35.3,10948.5,54605.4,0.0,0.43,1.9,417.97,37740.36,37658.28,0.0,65.05,40.42
1788424649.004,824.46,ndvi_acquire_stac,1,4050.0,4050.0,135.8,43.4,10942.4,54611.5,0.0,0.43,1.9,418.56,37769.11,37692.22,0.0,65.05,40.42
1788424649.696,825.15,ndvi_acquire_stac,1,4050.0,4050.0,43.3,38.9,10877.1,54676.8,0.0,0.43,1.9,418.82,37789.47,37709.25,0.0,65.05,40.42
1788424650.198,825.65,ndvi_acquire_stac,1,4098.2,4098.2,53.8,32.9,10667.9,54886.0,0.0,0.43,1.9,418.88,37807.37,37743.14,0.0,65.05,40.42
1788424650.699,826.16,ndvi_acquire_stac,1,4108.7,4108.7,6.0,22.0,10771.6,54782.2,0.0,0.43,1.9,419.21,37825.36,37743.18,0.0,65.05,40.42
1788424651.201,826.66,ndvi_acquire_stac,1,4127.6,4127.6,29.9,21.6,10625.1,54928.8,0.0,0.43,1.9,420.77,37842.37,37774.78,0.0,65.05,40.42
1788424651.703,827.16,ndvi_acquire_stac,1,4865.0,4865.0,111.5,46.2,11629.0,53925.0,0.0,0.43,1.9,420.77,37861.8,37794.0,0.0,65.05,40.42
1788424661.421,836.88,ndvi_acquire_stac,1,4104.7,4104.7,102.2,41.0,11342.3,54211.7,0.0,125.62,1.9,426.72,37897.65,37802.51,0.0,65.11,40.36
1788424661.935,837.39,ndvi_acquire_stac,1,4104.7,4104.7,60.3,26.4,11082.1,54471.8,0.0,125.62,1.9,427.13,37910.27,37836.47,0.0,65.11,40.36
1788424662.437,837.89,ndvi_acquire_stac,1,4104.7,4104.7,14.0,23.3,11114.4,54439.5,0.0,125.62,1.9,427.13,37928.0,37853.43,0.0,65.11,40.36
1788424662.939,838.4,ndvi_acquire_stac,1,4104.7,4104.7,15.9,26.7,10955.8,54598.1,0.0,125.62,1.9,427.38,37947.33,37870.45,0.0,65.11,40.36
1788424663.441,838.9,ndvi_acquire_stac,1,4104.7,4104.7,25.9,34.5,11016.9,54537.1,0.0,125.62,1.9,427.38,37964.93,37895.94,60.0,65.11,40.36
1788424663.942,839.4,ndvi_acquire_stac,1,4104.7,4104.7,8.0,29.6,11065.4,54488.6,0.0,125.62,1.9,427.66,37983.36,37904.48,60.0,65.11,40.36
1788424664.444,839.9,ndvi_acquire_stac,1,4104.7,4104.7,21.9,33.6,11034.6,54519.4,0.0,125.62,1.9,427.7,37999.11,37929.96,60.0,65.11,40.36
1788424664.945,840.4,ndvi_acquire_stac,1,4104.7,4104.7,20.0,32.4,11056.1,54497.8,0.0,125.62,1.9,430.53,38016.44,37953.5,60.0,65.11,40.36
1788424665.447,840.9,ndvi_acquire_stac,1,4104.7,4104.7,8.0,33.9,11201.1,54352.8,0.0,125.62,1.9,430.53,38029.8,37959.51,60.0,65.11,40.36
1788424665.952,841.41,ndvi_acquire_stac,1,4104.7,4104.7,11.9,34.5,11188.6,54365.3,0.0,125.62,1.9,430.94,38044.38,37975.77,60.0,65.11,40.36
1788424666.453,841.91,ndvi_acquire_stac,1,4104.6,4104.6,15.9,33.2,11117.9,54436.0,0.0,125.62,1.9,430.94,38057.7,37994.14,60.0,65.11,40.36
1788424666.955,842.41,ndvi_acquire_stac,1,4104.6,4104.6,17.9,33.6,11226.5,54327.5,0.0,125.62,1.9,431.07,38069.89,38011.1,60.0,65.11,40.36
1788424667.456,842.91,ndvi_acquire_stac,1,4104.6,4104.6,2.0,29.4,11168.0,54386.0,0.0,125.62,1.9,431.07,38082.21,38011.13,60.0,65.11,40.36
1788424667.958,843.41,ndvi_acquire_stac,1,4104.4,4104.4,49.8,37.7,11236.6,54317.3,0.0,125.62,1.9,431.31,38090.35,38037.5,60.0,65.11,40.36
1788424668.499,843.96,ndvi_acquire_stac,1,4142.9,4142.9,73.9,38.5,11282.7,54271.2,0.0,125.62,1.9,431.31,38100.1,38037.55,60.0,65.11,40.36
1788424669.024,844.48,ndvi_acquire_stac,1,4170.8,4170.8,95.3,38.7,11203.4,54350.5,0.0,125.62,1.9,431.39,38104.31,38054.75,60.0,65.11,40.36
1788424669.526,844.98,ndvi_acquire_stac,1,4198.7,4198.7,105.7,42.8,11387.9,54166.1,0.0,125.62,1.9,431.39,38105.12,38055.74,60.0,65.11,40.36
1788424670.145,845.6,ndvi_acquire_stac,1,4224.5,4224.5,133.9,45.6,11517.1,54036.8,0.0,125.62,1.9,431.68,38107.78,38055.79,60.0,65.11,40.36
1788424670.746,846.2,ndvi_acquire_stac,1,4236.2,4236.2,49.9,44.2,11421.3,54132.6,0.0,125.62,1.9,431.83,38109.02,38055.82,60.0,65.11,40.36
1788424671.248,846.7,ndvi_acquire_stac,1,4255.2,4255.2,8.0,32.0,11319.2,54234.8,0.0,125.62,1.9,431.83,38109.78,38055.84,60.0,65.11,40.36
1788424671.749,847.21,ndvi_acquire_stac,1,5068.6,5068.6,53.9,36.3,11974.5,53579.5,0.0,125.62,1.9,432.13,38112.46,38055.86,60.0,65.11,40.36
1788424681.508,856.96,ndvi_acquire_stac,1,4215.9,4215.9,101.5,42.4,11571.6,53982.3,0.0,250.52,1.9,436.67,38130.46,38055.91,60.0,65.17,40.3
1788424682.018,857.47,ndvi_acquire_stac,1,4216.0,4216.0,19.6,28.7,11466.7,54087.2,0.0,250.52,1.9,436.97,38135.57,38075.69,60.0,65.17,40.3
1788424682.52,857.98,ndvi_acquire_stac,1,4216.0,4216.0,4.0,28.0,11303.7,54250.3,0.0,250.52,1.9,436.97,38151.14,38075.73,60.0,65.17,40.3
1788424683.021,858.48,ndvi_acquire_stac,1,4216.1,4216.1,21.9,28.1,11278.9,54275.1,0.0,250.52,1.9,437.19,38170.88,38103.99,119.7,65.17,40.3
1788424683.523,858.98,ndvi_acquire_stac,1,4216.1,4216.1,10.0,32.6,11399.1,54154.8,0.0,250.52,1.9,437.19,38185.24,38112.51,119.7,65.17,40.3
1788424684.024,859.48,ndvi_acquire_stac,1,4216.3,4216.3,14.0,28.8,11334.3,54219.7,0.0,250.52,1.9,437.39,38195.5,38129.49,119.7,65.17,40.3
1788424684.525,859.98,ndvi_acquire_stac,1,4216.3,4216.3,14.0,33.5,11492.7,54061.2,0.0,250.52,1.9,497.35,38211.26,38146.5,119.7,65.17,40.3
1788424685.027,860.48,ndvi_acquire_stac,1,4216.3,4216.3,10.0,29.2,11226.4,54327.5,0.0,250.52,1.9,497.56,38225.82,38155.01,119.7,65.17,40.3
1788424685.528,860.98,ndvi_acquire_stac,1,4216.3,4216.3,12.0,36.1,11414.3,54139.7,0.0,250.52,1.9,499.63,38240.9,38172.0,119.7,65.17,40.3
1788424686.029,861.49,ndvi_acquire_stac,1,4216.3,4216.3,14.0,28.8,11210.0,54344.0,0.0,250.52,1.9,500.36,38253.61,38189.0,119.7,65.17,40.3
1788424686.531,861.99,ndvi_acquire_stac,1,4216.3,4216.3,14.0,33.8,11385.1,54168.9,0.0,250.52,1.9,500.59,38269.31,38206.0,119.7,65.17,40.3
1788424687.032,862.49,ndvi_acquire_stac,1,4216.3,4216.3,10.0,28.5,11409.5,54144.5,0.0,250.52,1.9,500.67,38284.95,38214.46,119.7,65.17,40.3
1788424687.542,863.0,ndvi_acquire_stac,1,4216.3,4216.3,19.6,33.0,11544.7,54009.2,0.0,250.52,1.9,500.67,38300.2,38237.39,119.7,65.17,40.3
1788424688.045,863.5,ndvi_acquire_stac,1,4216.3,4216.3,6.0,31.8,11377.3,54176.7,0.0,250.52,1.9,500.88,38313.38,38242.94,119.7,65.17,40.3
1788424688.55,864.01,ndvi_acquire_stac,1,4216.3,4216.3,17.8,34.0,11509.9,54044.0,0.0,250.52,1.9,500.97,38328.77,38265.5,119.7,65.17,40.3
1788424689.051,864.51,ndvi_acquire_stac,1,4216.3,4216.3,10.0,31.9,11184.8,54369.1,0.0,250.52,1.9,501.17,38343.52,38274.01,119.7,65.17,40.3
1788424689.552,865.01,ndvi_acquire_stac,1,4216.3,4216.3,8.0,31.7,11322.3,54231.7,0.0,250.52,1.9,501.21,38355.72,38282.53,119.7,65.17,40.3
1788424690.054,865.51,ndvi_acquire_stac,1,4216.3,4216.3,15.9,22.7,11250.3,54303.6,0.0,250.52,1.9,501.46,38369.59,38299.53,119.7,65.17,40.3
1788424690.555,866.01,ndvi_acquire_stac,1,4216.3,4216.3,12.0,26.2,11180.1,54373.9,0.0,250.52,1.9,501.46,38384.03,38316.53,119.7,65.17,40.3
1788424691.056,866.51,ndvi_acquire_stac,1,4216.3,4216.3,10.0,22.6,11109.9,54444.1,0.0,250.52,1.9,502.14,38397.81,38325.04,119.7,65.17,40.3
1788424691.558,867.01,ndvi_acquire_stac,1,4216.3,4216.3,8.0,34.3,11273.3,54280.6,0.0,250.52,1.9,502.33,38411.1,38333.54,119.7,65.17,40.3
1788424692.059,867.52,ndvi_acquire_stac,1,4216.3,4216.3,18.0,26.3,11018.2,54535.7,0.0,250.52,1.9,502.69,38423.89,38359.02,119.7,65.17,40.3
1788424692.561,868.02,ndvi_acquire_stac,1,4216.3,4216.3,8.0,31.1,11060.0,54494.0,0.0,250.52,1.9,502.69,38436.48,38367.53,119.7,65.17,40.3
1788424693.062,868.52,ndvi_acquire_stac,1,4216.3,4216.3,8.0,30.6,11120.1,54433.9,0.0,250.52,1.9,503.13,38451.48,38376.04,119.7,65.17,40.3
1788424693.564,869.02,ndvi_acquire_stac,1,4216.3,4216.3,23.9,35.3,11157.6,54396.3,0.0,250.52,1.9,503.25,38463.01,38401.51,119.7,65.17,40.3
1788424694.066,869.52,ndvi_acquire_stac,1,4216.3,4216.3,8.0,32.3,11098.5,54455.4,0.0,250.52,1.9,503.66,38474.74,38410.01,119.7,65.17,40.3
1788424694.567,870.02,ndvi_acquire_stac,1,4216.3,4216.3,8.0,30.8,11115.5,54438.4,0.0,250.52,1.9,503.68,38485.42,38418.52,119.7,65.17,40.3
1788424695.068,870.52,ndvi_acquire_stac,1,4216.3,4216.3,12.0,31.0,11217.3,54336.7,0.0,250.52,1.9,503.76,38495.37,38428.46,119.7,65.17,40.3
1788424695.569,871.03,ndvi_acquire_stac,1,4216.3,4216.3,8.0,33.3,11391.8,54162.2,0.0,250.52,1.9,504.16,38502.68,38436.97,119.7,65.17,40.3
1788424696.071,871.53,ndvi_acquire_stac,1,4216.1,4216.1,41.9,33.4,11376.2,54177.7,0.0,250.52,1.9,504.5,38509.63,38448.6,119.7,65.17,40.3
1788424696.617,872.07,ndvi_acquire_stac,1,4216.2,4216.2,91.5,40.8,11266.6,54287.4,0.0,250.52,1.9,504.61,38514.4,38455.95,119.7,65.17,40.3
1788424697.191,872.65,ndvi_acquire_stac,1,4224.6,4224.6,50.5,38.1,11396.2,54157.7,0.0,250.53,1.9,504.85,38517.99,38464.46,119.7,65.17,40.3
1788424697.692,873.15,ndvi_acquire_stac,1,4224.6,4224.6,4.0,32.0,11207.3,54346.7,0.0,250.53,1.9,504.85,38521.09,38464.47,119.7,65.17,40.3
1788424698.195,873.65,ndvi_acquire_stac,1,4224.6,4224.6,53.8,37.4,11278.5,54275.5,0.0,250.53,1.9,505.0,38524.55,38464.51,119.7,65.17,40.3
1788424698.696,874.15,ndvi_acquire_stac,1,4224.6,4224.6,81.8,38.4,11137.9,54416.0,0.0,250.53,1.9,505.0,38528.46,38464.53,119.7,65.17,40.3
1788424699.197,874.65,ndvi_acquire_stac,1,4235.1,4235.1,35.9,38.8,11246.1,54307.8,0.0,250.53,1.9,506.31,38532.48,38473.02,119.7,65.17,40.3
1788424699.699,875.16,ndvi_acquire_stac,1,4235.0,4235.0,43.9,33.7,11376.6,54177.4,0.0,250.53,1.9,506.45,38533.11,38474.51,119.7,65.17,40.3
1788424700.202,875.66,ndvi_acquire_stac,1,4266.0,4266.0,103.3,43.9,11461.3,54092.6,0.0,250.53,1.9,506.68,38533.52,38474.53,119.7,65.17,40.3
1788424700.705,876.16,ndvi_acquire_stac,1,4276.5,4276.5,23.9,32.4,11366.4,54187.6,0.0,250.53,1.9,506.68,38534.39,38474.54,119.7,65.17,40.3
1788424701.206,876.66,ndvi_acquire_stac,1,4276.5,4276.5,37.9,35.8,11329.4,54224.5,0.0,250.53,1.9,509.81,38535.43,38474.57,119.7,65.17,40.3
1788424701.782,877.24,ndvi_acquire_stac,1,4276.5,4276.5,72.9,39.2,11512.1,54041.8,0.0,250.53,1.9,510.13,38541.49,38474.6,119.7,65.17,40.3
1788424702.291,877.75,ndvi_acquire_stac,1,4287.0,4287.0,49.1,27.0,11381.0,54173.0,0.0,250.53,1.9,510.14,38551.35,38474.64,119.7,65.17,40.3
1788424702.792,878.25,ndvi_acquire_stac,1,4287.2,4287.2,18.0,21.3,11445.9,54108.0,0.0,250.53,1.9,510.28,38560.22,38485.84,119.7,65.17,40.3
1788424703.294,878.75,ndvi_acquire_stac,1,4287.2,4287.2,8.0,31.4,11251.4,54302.5,0.0,250.53,1.9,510.28,38565.79,38494.34,119.7,65.17,40.3
1788424703.795,879.25,ndvi_acquire_stac,1,4287.2,4287.2,8.0,29.6,11107.5,54446.5,0.0,250.53,1.9,510.63,38573.26,38502.85,119.7,65.17,40.3
1788424704.297,879.75,ndvi_acquire_stac,1,4287.2,4287.2,8.0,31.4,11350.1,54203.9,0.0,250.53,1.9,510.63,38582.51,38511.36,119.7,65.17,40.3
1788424704.799,880.26,ndvi_acquire_stac,1,4287.2,4287.2,2.0,30.0,11280.4,54273.6,0.0,250.53,1.9,570.72,38592.84,38511.38,119.7,65.17,40.3
1788424705.301,880.76,ndvi_acquire_stac,1,4287.3,4287.3,19.9,32.2,11249.2,54304.8,0.0,250.53,1.9,570.82,38604.54,38531.06,119.7,65.17,40.3
1788424705.802,881.26,ndvi_acquire_stac,1,4287.3,4287.3,10.0,33.4,11226.3,54327.6,0.0,250.53,1.9,571.47,38621.42,38539.59,119.7,65.17,40.3
1788424706.305,881.76,ndvi_acquire_stac,1,4287.3,4287.3,9.9,32.4,11222.3,54331.6,0.0,250.53,1.9,571.47,38635.35,38556.54,119.7,65.17,40.3
1788424706.807,882.26,ndvi_acquire_stac,1,4287.3,4287.3,8.0,34.8,11301.2,54252.7,0.0,250.53,1.9,571.73,38648.0,38565.04,119.7,65.17,40.3
1788424707.308,882.76,ndvi_acquire_stac,1,4287.3,4287.3,16.0,29.1,11041.0,54512.9,0.0,250.53,1.9,571.75,38663.09,38582.03,119.7,65.17,40.3
1788424707.809,883.27,ndvi_acquire_stac,1,4287.3,4287.3,6.0,32.9,11275.4,54278.5,0.0,250.53,1.9,572.06,38675.28,38590.51,119.7,65.17,40.3
1788424708.311,883.77,ndvi_acquire_stac,1,4287.3,4287.3,17.9,33.4,11130.2,54423.7,0.0,250.53,1.9,572.07,38688.75,38615.99,119.7,65.17,40.3
1788424708.812,884.27,ndvi_acquire_stac,1,4287.3,4287.3,8.0,32.3,11219.1,54334.8,0.0,250.53,1.9,572.26,38699.95,38624.52,119.7,65.17,40.3
1788424709.313,884.77,ndvi_acquire_stac,1,4287.3,4287.3,14.0,34.7,11168.5,54385.4,0.0,250.53,1.9,572.26,38714.9,38641.0,119.7,65.17,40.3
1788424709.817,885.27,ndvi_acquire_stac,1,4287.3,4287.3,9.9,32.5,11257.7,54296.3,0.0,250.53,1.9,572.41,38727.1,38650.02,119.7,65.17,40.3
1788424710.319,885.78,ndvi_acquire_stac,1,4287.3,4287.3,8.0,20.9,11088.6,54465.4,0.0,250.53,1.9,572.46,38740.28,38658.53,119.7,65.17,40.3
1788424710.82,886.28,ndvi_acquire_stac,1,4287.3,4287.3,12.0,33.8,11275.5,54278.5,0.0,250.53,1.9,572.76,38752.05,38675.5,119.7,65.17,40.3
1788424711.321,886.78,ndvi_acquire_stac,1,4287.3,4287.3,2.0,26.1,11238.0,54316.0,0.0,250.53,1.9,572.76,38763.43,38675.52,119.7,65.17,40.3
1788424711.823,887.28,ndvi_acquire_stac,1,4287.3,4287.3,17.9,28.1,11185.0,54368.9,0.0,250.53,1.9,573.03,38775.13,38700.99,119.7,65.17,40.3
1788424712.324,887.78,ndvi_acquire_stac,1,4287.3,4287.3,6.0,32.6,11358.3,54195.6,0.0,250.53,1.9,573.03,38785.72,38709.5,119.7,65.17,40.3
1788424712.826,888.28,ndvi_acquire_stac,1,4287.3,4287.3,8.0,31.3,11391.7,54162.3,0.0,250.53,1.9,573.23,38798.54,38714.66,119.7,65.17,40.3
1788424713.33,888.79,ndvi_acquire_stac,1,4287.3,4287.3,15.9,30.5,11407.9,54146.1,0.0,250.53,1.9,573.24,38809.85,38735.02,119.7,65.17,40.3
1788424713.831,889.29,ndvi_acquire_stac,1,4287.3,4287.3,8.0,32.9,11403.0,54151.0,0.0,250.53,1.9,573.33,38819.6,38743.54,119.7,65.17,40.3
1788424714.333,889.79,ndvi_acquire_stac,1,4287.3,4287.3,8.0,33.4,11395.5,54158.4,0.0,250.53,1.9,573.36,38832.67,38752.05,119.7,65.17,40.3
1788424714.834,890.29,ndvi_acquire_stac,1,4287.3,4287.3,14.0,32.2,11383.3,54170.6,0.0,250.53,1.9,573.78,38843.77,38769.04,119.7,65.17,40.3
1788424715.335,890.79,ndvi_acquire_stac,1,4287.3,4287.3,6.0,33.6,11382.2,54171.7,0.0,250.54,1.9,573.78,38853.39,38777.55,119.7,65.17,40.3
1788424715.837,891.29,ndvi_acquire_stac,1,4287.3,4287.3,16.0,34.8,11320.6,54233.4,0.0,250.54,1.9,574.07,38868.07,38794.51,119.7,65.17,40.3
1788424716.338,891.79,ndvi_acquire_stac,1,4287.3,4287.3,8.0,31.0,11320.4,54233.6,0.0,250.54,1.9,574.07,38880.44,38803.01,119.7,65.17,40.3
1788424716.84,892.3,ndvi_acquire_stac,1,4287.3,4287.3,8.0,32.9,11311.5,54242.4,0.0,250.54,1.9,574.33,38892.44,38811.52,119.7,65.17,40.3
1788424717.341,892.8,ndvi_acquire_stac,1,4287.3,4287.3,14.0,35.0,11318.2,54235.7,0.0,250.54,1.9,574.35,38904.84,38828.52,119.7,65.17,40.3
1788424717.842,893.3,ndvi_acquire_stac,1,4287.3,4287.3,8.0,34.4,11297.8,54256.1,0.0,250.54,1.9,574.56,38915.89,38837.04,119.7,65.17,40.3
1788424718.344,893.8,ndvi_acquire_stac,1,4287.3,4287.3,12.0,30.3,11029.5,54524.4,0.0,250.54,1.9,574.65,38926.33,38851.73,119.7,65.17,40.3
1788424718.849,894.31,ndvi_acquire_stac,1,4287.3,4287.3,11.9,32.8,11136.0,54418.0,0.0,250.54,1.9,574.82,38935.15,38866.6,119.7,65.17,40.3
1788424719.353,894.81,ndvi_acquire_stac,1,4287.3,4287.3,4.0,29.2,10927.0,54626.9,0.0,250.54,1.9,574.84,38943.55,38869.8,119.7,65.17,40.3
1788424719.854,895.31,ndvi_acquire_stac,1,4287.3,4287.3,4.0,31.6,11126.3,54427.7,0.0,250.54,1.9,575.01,38952.97,38869.84,119.7,65.17,40.3
1788424720.356,895.81,ndvi_acquire_stac,1,4287.1,4287.1,37.8,35.8,11102.5,54451.5,0.0,250.54,1.9,575.01,38959.05,38888.68,119.7,65.17,40.3
1788424721.005,896.46,ndvi_acquire_stac,1,4287.1,4287.1,80.1,39.4,11147.8,54406.1,0.0,250.54,1.9,575.39,38969.13,38895.02,119.7,65.17,40.3
1788424721.571,897.03,ndvi_acquire_stac,1,4297.6,4297.6,44.2,36.3,11114.8,54439.2,0.0,250.54,1.9,575.39,38975.96,38903.55,119.7,65.17,40.3
1788424722.072,897.53,ndvi_acquire_stac,1,4297.6,4297.6,16.0,34.8,11254.0,54299.9,0.0,250.54,1.9,577.52,38980.59,38910.82,119.7,65.17,40.3
1788424722.573,898.03,ndvi_acquire_stac,1,4297.6,4297.6,6.0,30.4,11148.1,54405.9,0.0,250.54,1.9,577.52,38983.16,38919.0,119.7,65.17,40.3
1788424723.167,898.62,ndvi_acquire_stac,1,4297.5,4297.5,94.4,39.8,11120.3,54433.6,0.0,250.54,1.9,577.8,38984.18,38919.02,119.7,65.17,40.3
1788424723.729,899.19,ndvi_acquire_stac,1,4268.8,4268.8,40.9,36.2,11163.6,54390.4,0.0,250.54,1.9,577.86,38985.36,38919.06,119.7,65.17,40.3
1788424724.23,899.69,ndvi_acquire_stac,1,4268.8,4268.8,4.0,30.6,10964.7,54589.2,0.0,250.54,1.9,578.02,38988.01,38919.08,119.7,65.17,40.3
1788424724.732,900.19,ndvi_acquire_stac,1,4268.9,4268.9,8.0,32.2,11003.8,54550.1,0.0,250.54,1.9,578.04,38995.01,38922.4,119.7,65.17,40.3
1788424725.233,900.69,ndvi_acquire_stac,1,4268.9,4268.9,0.0,32.1,11107.0,54447.0,0.0,250.54,1.9,578.44,39005.29,38922.42,119.7,65.17,40.3
1788424725.734,901.19,ndvi_acquire_stac,1,4268.9,4268.9,14.0,28.6,11033.8,54520.2,0.0,250.54,1.9,578.52,39014.6,38939.39,119.7,65.17,40.3
1788424726.235,901.69,ndvi_acquire_stac,1,4268.9,4268.9,4.0,30.6,11098.6,54455.4,0.0,250.54,1.9,578.78,39032.3,38939.43,119.7,65.17,40.3
1788424726.737,902.19,ndvi_acquire_stac,1,4269.0,4269.0,29.9,33.0,10979.1,54574.8,0.0,250.54,1.9,578.78,39047.38,38976.7,119.7,65.17,40.3
1788424727.239,902.7,ndvi_acquire_stac,1,4269.0,4269.0,4.0,30.0,10895.2,54658.8,0.0,250.54,1.9,579.2,39063.26,38976.73,119.7,65.17,40.3
1788424727.741,903.2,ndvi_acquire_stac,1,4269.0,4269.0,12.0,32.5,11029.1,54524.8,0.0,250.54,1.9,579.2,39074.69,38993.72,119.7,65.17,40.3
1788424728.242,903.7,ndvi_acquire_stac,1,4269.0,4269.0,14.0,30.8,11146.1,54407.8,0.0,250.54,1.9,579.35,39087.4,39010.71,119.7,65.17,40.3
1788424728.743,904.2,ndvi_acquire_stac,1,4269.0,4269.0,2.0,31.4,11141.7,54412.2,0.0,250.54,1.9,579.38,39098.74,39010.74,119.7,65.17,40.3
1788424729.245,904.7,ndvi_acquire_stac,1,4269.0,4269.0,17.9,33.1,10946.3,54607.6,0.0,250.54,1.9,579.81,39110.04,39036.21,119.7,65.17,40.3
1788424729.746,905.2,ndvi_acquire_stac,1,4269.0,4269.0,10.0,30.8,11025.7,54528.3,0.0,250.54,1.9,579.94,39123.7,39044.72,119.7,65.17,40.3
1788424730.248,905.7,ndvi_acquire_stac,1,4269.0,4269.0,8.0,33.3,11074.7,54479.3,0.0,250.54,1.9,579.97,39134.17,39053.23,119.7,65.17,40.3
1788424730.751,906.21,ndvi_acquire_stac,1,4269.0,4269.0,13.9,33.4,11192.2,54361.7,0.0,250.54,1.9,580.23,39146.65,39070.23,119.7,65.17,40.3
1788424731.252,906.71,ndvi_acquire_stac,1,4269.0,4269.0,10.0,33.9,11029.0,54525.0,0.0,250.54,1.9,580.49,39160.68,39078.75,119.7,65.17,40.3
1788424731.754,907.21,ndvi_acquire_stac,1,4269.0,4269.0,8.0,34.0,10924.8,54629.1,0.0,250.54,1.9,580.76,39172.21,39087.26,119.7,65.17,40.3
1788424732.255,907.71,ndvi_acquire_stac,1,4269.0,4269.0,21.9,32.5,10931.9,54622.1,0.0,250.54,1.9,580.81,39183.72,39112.76,119.7,65.17,40.3
1788424732.757,908.21,ndvi_acquire_stac,1,4269.0,4269.0,2.0,30.9,10836.0,54717.9,0.0,250.54,1.9,580.93,39197.83,39112.81,119.7,65.17,40.3
1788424733.258,908.71,ndvi_acquire_stac,1,4269.0,4269.0,20.0,32.8,10968.5,54585.5,0.0,250.54,1.9,580.93,39213.42,39138.27,119.7,65.17,40.3
1788424733.759,909.22,ndvi_acquire_stac,1,4269.0,4269.0,8.0,30.1,10926.1,54627.8,0.0,250.54,1.9,581.1,39229.03,39146.79,119.7,65.17,40.3
1788424734.26,909.72,ndvi_acquire_stac,1,4269.0,4269.0,16.0,33.9,11103.9,54450.0,0.0,250.54,1.9,581.99,39241.56,39163.79,119.7,65.17,40.3
1788424734.762,910.22,ndvi_acquire_stac,1,4269.0,4269.0,8.0,29.4,10924.2,54629.7,0.0,250.54,1.9,582.23,39254.65,39172.31,119.7,65.17,40.3
1788424735.263,910.72,ndvi_acquire_stac,1,4269.0,4269.0,16.0,22.4,10957.7,54596.2,0.0,250.54,1.9,582.5,39267.72,39189.33,119.7,65.17,40.3
1788424735.764,911.22,ndvi_acquire_stac,1,4269.0,4269.0,14.0,28.9,11055.2,54498.8,0.0,250.54,1.9,582.93,39282.45,39206.33,119.7,65.17,40.3
1788424736.265,911.72,ndvi_acquire_stac,1,4269.0,4269.0,10.0,31.7,11029.8,54524.2,0.0,250.55,1.9,582.93,39295.33,39214.86,119.7,65.17,40.3
1788424736.767,912.22,ndvi_acquire_stac,1,4269.0,4269.0,8.0,22.2,10897.0,54657.0,0.0,250.55,1.9,583.18,39309.06,39223.39,119.7,65.17,40.3
1788424737.268,912.72,ndvi_acquire_stac,1,4269.0,4269.0,19.9,30.1,10937.2,54616.8,0.0,250.55,1.9,583.23,39322.86,39248.87,119.7,65.17,40.3
1788424737.769,913.23,ndvi_acquire_stac,1,4269.0,4269.0,10.0,31.0,11113.3,54440.7,0.0,250.55,1.9,583.4,39337.75,39257.39,119.7,65.17,40.3
1788424738.27,913.73,ndvi_acquire_stac,1,4269.0,4269.0,8.0,30.6,11032.9,54521.0,0.0,250.55,1.9,583.56,39350.96,39265.91,119.7,65.17,40.3
1788424738.772,914.23,ndvi_acquire_stac,1,4269.0,4269.0,14.0,29.3,10979.7,54574.2,0.0,250.55,1.9,583.56,39358.88,39284.54,119.7,65.17,40.3
1788424739.273,914.73,ndvi_acquire_stac,1,4268.9,4268.9,8.0,31.9,11175.2,54378.8,0.0,250.55,1.9,583.98,39364.86,39294.71,119.7,65.17,40.3
1788424739.774,915.23,ndvi_acquire_stac,1,4268.9,4268.9,8.0,30.7,11016.8,54537.1,0.0,250.55,1.9,584.2,39371.09,39303.2,119.7,65.17,40.3
1788424740.278,915.73,ndvi_acquire_stac,1,4268.8,4268.8,23.8,33.2,11144.1,54409.9,0.0,250.55,1.9,584.26,39376.6,39310.59,119.7,65.17,40.3
1788424740.954,916.41,ndvi_acquire_stac,1,4268.8,4268.8,76.9,36.3,11207.5,54346.4,0.0,250.55,1.9,584.77,39380.62,39310.63,119.7,65.17,40.3
1788424741.512,916.97,ndvi_acquire_stac,1,4268.6,4268.6,89.6,42.0,11291.2,54262.7,0.0,250.55,1.9,584.79,39382.33,39318.03,119.7,65.17,40.3
1788424742.033,917.49,ndvi_acquire_stac,1,4289.6,4289.6,94.0,41.2,11186.2,54367.8,0.0,250.56,1.9,585.22,39383.33,39318.05,119.7,65.17,40.3
1788424742.544,918.0,ndvi_acquire_stac,1,4303.0,4303.0,64.6,37.5,11163.1,54390.9,0.0,250.56,1.9,585.22,39384.35,39318.08,119.7,65.17,40.3
1788424743.045,918.5,ndvi_acquire_stac,1,4311.6,4311.6,8.0,32.6,11319.7,54234.3,0.0,250.56,1.9,585.37,39384.53,39318.1,119.7,65.17,40.3
1788424743.547,919.0,ndvi_acquire_stac,1,4311.6,4311.6,4.0,30.3,11305.9,54248.1,0.0,250.56,1.9,585.38,39384.99,39318.11,119.7,65.17,40.3
1788424744.048,919.5,ndvi_acquire_stac,1,4311.6,4311.6,0.0,33.1,11479.0,54075.0,0.0,250.56,1.9,585.56,39386.38,39318.12,119.7,65.17,40.3
1788424744.549,920.01,ndvi_acquire_stac,1,4311.6,4311.6,2.0,30.6,11589.5,53964.5,0.0,250.56,1.9,585.56,39389.95,39318.13,119.7,65.17,40.3
1788424745.05,920.51,ndvi_acquire_stac,1,4311.6,4311.6,2.0,29.1,11675.6,53878.3,0.0,250.56,1.9,585.61,39399.15,39318.16,119.7,65.17,40.3
1788424745.552,921.01,ndvi_acquire_stac,1,4311.7,4311.7,8.0,30.9,11658.7,53895.2,0.0,250.56,1.9,585.61,39410.03,39323.58,119.7,65.17,40.3
1788424746.054,921.51,ndvi_acquire_stac,1,4311.7,4311.7,17.9,32.6,11700.9,53853.0,0.0,250.56,1.9,585.97,39423.32,39340.59,119.7,65.17,40.3
1788424746.555,922.01,ndvi_acquire_stac,1,4311.8,4311.8,16.0,31.8,11746.2,53807.8,0.0,250.56,1.9,585.99,39440.93,39357.61,119.7,65.17,40.3
1788424747.057,922.51,ndvi_acquire_stac,1,4311.8,4311.8,14.0,21.8,11558.5,53995.5,0.0,250.56,1.9,586.42,39456.05,39374.63,119.7,65.17,40.3
1788424747.558,923.01,ndvi_acquire_stac,1,4311.8,4311.8,12.0,27.6,11536.2,54017.7,0.0,250.56,1.9,586.44,39466.78,39383.14,119.7,65.17,40.3
1788424748.06,923.52,ndvi_acquire_stac,1,4311.8,4311.8,16.0,30.9,11375.5,54178.4,0.0,250.56,1.9,586.71,39483.95,39400.14,119.7,65.17,40.3
1788424748.561,924.02,ndvi_acquire_stac,1,4311.8,4311.8,8.0,32.1,11431.6,54122.3,0.0,250.56,1.9,586.8,39497.27,39408.65,119.7,65.17,40.3
1788424749.063,924.52,ndvi_acquire_stac,1,4311.8,4311.8,14.0,32.1,11165.6,54388.3,0.0,250.56,1.9,587.09,39508.23,39425.64,119.7,65.17,40.3
1788424749.565,925.02,ndvi_acquire_stac,1,4311.8,4311.8,6.0,34.0,11321.7,54232.6,0.0,250.56,1.9,587.09,39521.84,39434.23,119.7,65.17,40.3
1788424750.066,925.52,ndvi_acquire_stac,1,4311.8,4311.8,18.0,31.1,11145.8,54408.1,0.0,250.56,1.9,587.42,39531.93,39451.29,119.7,65.17,40.3
1788424750.567,926.02,ndvi_acquire_stac,1,4311.8,4311.8,17.9,35.1,11180.4,54373.6,0.0,250.56,1.9,587.42,39544.85,39468.28,119.7,65.17,40.3
1788424751.069,926.53,ndvi_acquire_stac,1,4311.8,4311.8,12.0,31.3,10990.2,54563.7,0.0,250.56,1.9,587.67,39558.32,39485.23,119.7,65.17,40.3
1788424751.57,927.03,ndvi_acquire_stac,1,4311.8,4311.8,2.0,30.1,11129.6,54424.4,0.0,250.56,1.9,587.71,39572.26,39485.25,119.7,65.17,40.3
1788424752.072,927.53,ndvi_acquire_stac,1,4311.8,4311.8,25.9,34.5,10989.4,54564.5,0.0,250.56,1.9,587.87,39584.18,39510.43,119.7,65.17,40.3
1788424752.583,928.04,ndvi_acquire_stac,1,4311.8,4311.8,7.8,30.4,11021.0,54532.9,0.0,250.56,1.9,587.88,39598.21,39519.21,119.7,65.17,40.3
1788424753.084,928.54,ndvi_acquire_stac,1,4311.8,4311.8,8.0,34.0,11118.7,54435.2,0.0,250.56,1.9,588.46,39612.55,39527.72,119.7,65.17,40.3
1788424753.585,929.04,ndvi_acquire_stac,1,4311.8,4311.8,25.9,32.1,11131.5,54422.5,0.0,250.56,1.9,588.46,39626.64,39553.19,119.7,65.17,40.3
1788424754.086,929.54,ndvi_acquire_stac,1,4311.8,4311.8,4.0,28.5,11003.6,54550.3,0.0,250.56,1.9,588.88,39639.38,39553.22,119.7,65.17,40.3
1788424754.588,930.04,ndvi_acquire_stac,1,4311.8,4311.8,17.9,29.1,10890.8,54663.2,0.0,250.56,1.9,588.91,39655.05,39578.71,119.7,65.17,40.3
1788424755.089,930.55,ndvi_acquire_stac,1,4311.8,4311.8,10.0,30.6,11040.2,54513.7,0.0,250.56,1.9,589.11,39667.43,39587.23,119.7,65.17,40.3
1788424755.591,931.05,ndvi_acquire_stac,1,4311.8,4311.8,14.0,31.6,11026.7,54527.3,0.0,250.56,1.9,589.11,39681.72,39604.24,119.7,65.17,40.3
1788424756.092,931.55,ndvi_acquire_stac,1,4311.8,4311.8,10.0,31.7,10985.7,54568.2,0.0,250.56,1.9,589.43,39693.65,39612.75,119.7,65.17,40.3
1788424756.594,932.05,ndvi_acquire_stac,1,4311.8,4311.8,14.0,34.4,11009.4,54544.5,0.0,250.56,1.9,589.48,39703.72,39629.74,119.7,65.17,40.3
1788424757.095,932.55,ndvi_acquire_stac,1,4311.8,4311.8,6.0,31.2,10991.8,54562.2,0.0,250.57,1.9,589.51,39716.55,39638.26,119.7,65.17,40.3
1788424757.596,933.05,ndvi_acquire_stac,1,4311.8,4311.8,4.0,31.3,10935.2,54618.7,0.0,250.57,1.9,589.53,39726.05,39638.28,119.7,65.17,40.3
1788424758.098,933.55,ndvi_acquire_stac,1,4311.8,4311.8,14.0,33.6,11059.1,54494.9,0.0,250.57,1.9,593.73,39735.38,39655.25,119.7,65.17,40.3
1788424758.599,934.06,ndvi_acquire_stac,1,4311.8,4311.8,10.0,33.3,10967.8,54586.1,0.0,250.57,1.9,593.74,39745.66,39663.77,119.7,65.17,40.3
1788424759.103,934.56,ndvi_acquire_stac,1,4311.8,4311.8,6.0,32.1,10971.4,54582.5,0.0,250.57,1.9,594.04,39755.82,39672.23,119.7,65.17,40.3
1788424759.604,935.06,ndvi_acquire_stac,1,4311.8,4311.8,14.0,33.7,11115.5,54438.5,0.0,250.57,1.9,594.17,39767.33,39689.19,119.7,65.17,40.3
1788424760.106,935.56,ndvi_acquire_stac,1,4311.8,4311.8,14.0,33.0,11141.2,54412.8,0.0,250.57,1.9,594.21,39777.63,39701.35,119.7,65.17,40.3
1788424760.607,936.06,ndvi_acquire_stac,1,4311.8,4311.8,8.0,33.4,11137.5,54416.4,0.0,250.57,1.9,594.31,39785.02,39709.84,119.7,65.17,40.3
1788424761.109,936.57,ndvi_acquire_stac,1,4311.7,4311.7,10.0,29.4,11026.3,54527.6,0.0,250.57,1.9,594.48,39792.39,39721.92,119.7,65.17,40.3
1788424761.61,937.07,ndvi_acquire_stac,1,4311.7,4311.7,8.0,29.0,11092.1,54461.8,0.0,250.57,1.9,594.48,39797.74,39730.4,119.7,65.17,40.3
1788424762.111,937.57,ndvi_acquire_stac,1,4311.7,4311.7,2.0,29.7,11019.6,54534.3,0.0,250.57,1.9,594.67,39804.28,39730.42,119.7,65.17,40.3
1788424762.612,938.07,ndvi_acquire_stac,1,4311.6,4311.6,39.9,34.5,11194.3,54359.6,0.0,250.57,1.9,594.67,39808.03,39737.59,119.7,65.17,40.3
1788424763.151,938.61,ndvi_acquire_stac,1,4311.6,4311.6,77.9,39.0,11387.0,54167.0,0.0,250.57,1.9,595.08,39811.24,39737.61,119.7,65.17,40.3
1788424763.66,939.12,ndvi_acquire_stac,1,4322.0,4322.0,53.1,35.5,11340.3,54213.7,0.0,250.58,1.9,595.09,39816.01,39746.11,119.7,65.17,40.3
1788424764.161,939.62,ndvi_acquire_stac,1,5225.8,5225.8,71.8,38.3,12295.9,53258.0,0.0,250.58,1.9,595.26,39819.07,39746.11,119.7,65.17,40.3
1788424775.936,951.39,ndvi_acquire_stac,1,4271.6,4271.6,100.8,42.6,12019.3,53534.7,0.0,404.7,1.9,611.48,39819.65,39753.24,119.7,65.26,40.21
1788424776.529,951.99,ndvi_acquire_stac,1,4271.6,4271.6,96.0,40.3,11928.7,53625.2,0.0,404.7,1.9,611.64,39820.96,39753.27,119.7,65.26,40.21
1788424777.094,952.55,ndvi_acquire_stac,1,4282.1,4282.1,44.3,34.9,11811.5,53742.5,0.0,404.7,1.9,611.98,39822.23,39753.3,119.7,65.26,40.21
1788424777.595,953.05,ndvi_acquire_stac,1,5019.4,5019.4,87.8,40.5,12502.1,53051.9,0.0,404.7,1.9,611.98,39822.23,39753.3,119.7,65.26,40.21
1788424791.138,966.59,ndvi_stage,1,3986.4,3986.4,100.6,42.4,11027.5,54526.4,0.0,580.11,1.9,617.24,39822.25,39753.31,119.7,65.37,40.1
1788424791.729,967.19,ndvi_stage,6,3266.0,2662.4,400.9,81.1,9813.5,55740.4,0.0,580.11,1.9,617.24,39822.25,39753.32,119.7,65.37,40.1
1788424792.23,967.69,ndvi_stage,6,3480.5,2662.4,494.6,88.3,9755.8,55798.1,0.0,580.11,1.9,617.62,39822.25,39753.32,119.7,65.37,40.1
1788424792.732,968.19,ndvi_stage,6,4643.6,2662.4,396.5,75.4,10827.7,54726.3,0.0,580.11,1.9,617.67,39822.25,39753.32,119.7,65.37,40.1
1788424793.234,968.69,ndvi_stage,6,5166.4,2662.4,406.3,76.6,11561.8,53992.1,0.0,580.11,1.9,617.9,39822.25,39753.32,119.7,65.37,40.1
1788424793.736,969.19,ndvi_stage,6,5200.4,2662.4,398.4,77.3,11706.6,53847.4,0.0,580.11,1.9,618.3,39822.25,39753.32,318.7,65.37,40.1
1788424794.239,969.7,ndvi_stage,6,5200.4,2662.4,398.2,76.3,11710.4,53843.5,0.0,580.11,1.9,618.47,39822.25,39753.32,318.7,65.37,40.1
1788424794.741,970.2,ndvi_stage,6,5156.3,2662.4,396.3,76.2,11746.1,53807.8,0.0,580.13,1.9,618.52,39822.25,39753.32,318.7,65.37,40.1
1788424795.243,970.7,ndvi_stage,6,5201.3,2662.4,406.3,77.7,11835.9,53718.1,0.0,580.13,1.9,618.66,39822.25,39753.32,318.7,65.37,40.1
1788424795.745,971.2,ndvi_stage,6,5228.9,2662.4,398.2,75.1,11809.1,53744.8,0.0,580.13,1.9,618.78,39822.25,39753.32,318.7,65.37,40.1
1788424796.247,971.7,ndvi_stage,6,5239.6,2662.4,398.3,76.7,11757.2,53796.7,0.0,580.13,1.9,619.04,39822.25,39753.32,318.7,65.37,40.1
1788424796.75,972.21,ndvi_stage,6,5219.1,2662.4,400.3,77.7,11840.5,53713.4,0.0,580.13,1.9,619.04,39822.25,39753.32,318.7,65.37,40.1
1788424797.253,972.71,ndvi_stage,6,5165.3,2662.4,404.8,76.0,11886.0,53667.9,0.0,580.13,1.9,619.04,39822.25,39753.32,318.7,65.37,40.1
1788424797.756,973.21,ndvi_stage,6,5160.7,2662.4,396.1,78.3,11854.2,53699.7,0.0,580.13,1.9,619.04,39822.25,39753.32,318.7,65.37,40.1
1788424798.258,973.71,ndvi_stage,6,5161.4,2662.4,396.4,78.9,11929.9,53624.0,0.0,580.13,1.9,619.05,39822.25,39753.32,318.7,65.37,40.1
1788424798.76,974.22,ndvi_stage,6,5206.3,2662.4,386.3,75.4,11845.5,53708.7,0.0,580.13,1.9,620.13,39822.25,39753.32,318.8,65.37,40.1
1788424799.262,974.72,ndvi_stage,6,5171.4,2662.4,406.2,76.4,11863.0,53690.9,0.0,580.13,1.9,620.2,39822.25,39753.33,318.8,65.37,40.1
1788424799.766,975.22,ndvi_stage,6,5174.1,2662.4,377.5,75.4,11775.0,53778.9,0.0,580.13,1.9,620.2,39822.26,39753.33,318.8,65.37,40.1
1788424800.268,975.72,ndvi_stage,6,5185.5,2662.4,398.2,76.4,11803.7,53750.2,0.0,580.13,1.9,620.2,39822.26,39753.33,318.8,65.37,40.1
1788424800.77,976.23,ndvi_stage,6,5254.8,2662.4,388.4,64.6,11610.4,53943.6,0.0,580.13,1.9,620.28,39822.26,39753.33,318.8,65.37,40.1
1788424801.272,976.73,ndvi_stage,6,5161.5,2662.4,398.2,77.1,11691.4,53862.5,0.0,580.13,1.9,620.49,39822.26,39753.33,318.8,65.37,40.1
1788424801.774,977.23,ndvi_stage,6,5206.4,2662.4,408.2,76.7,11822.3,53731.6,0.0,580.13,1.9,620.55,39822.26,39753.33,318.8,65.37,40.1
1788424802.276,977.73,ndvi_stage,6,5161.6,2662.4,398.3,74.7,11572.0,53981.9,0.0,580.13,1.9,620.56,39822.26,39753.33,318.8,65.37,40.1
1788424802.778,978.23,ndvi_stage,6,5222.0,2662.4,398.5,76.5,11744.9,53809.1,0.0,580.13,1.9,620.56,39822.26,39753.33,318.8,65.37,40.1
1788424803.28,978.74,ndvi_stage,6,5222.0,2662.4,396.3,77.2,11766.7,53787.3,0.0,580.13,1.9,620.56,39822.26,39753.33,318.8,65.37,40.1
1788424803.782,979.24,ndvi_stage,6,5222.0,2662.4,398.4,76.7,11458.1,54095.9,0.0,580.13,1.9,696.93,39822.26,39753.33,318.8,65.37,40.1
1788424804.285,979.74,ndvi_stage,6,5242.9,2662.4,406.1,77.7,11676.9,53877.0,0.0,580.13,1.9,696.96,39822.26,39753.33,318.8,65.37,40.1
1788424804.787,980.24,ndvi_stage,6,5206.5,2662.4,396.2,77.0,11707.9,53846.0,0.0,580.13,1.9,697.01,39822.26,39753.33,318.8,65.37,40.1
1788424805.289,980.75,ndvi_stage,6,5206.9,2662.4,396.4,76.9,11621.0,53932.9,0.0,580.13,1.9,697.01,39822.26,39753.33,318.8,65.37,40.1
1788424805.792,981.25,ndvi_stage,6,5186.7,2662.4,397.7,77.3,11653.1,53900.8,0.0,580.13,1.9,697.13,39822.26,39753.33,318.8,65.37,40.1
1788424806.294,981.75,ndvi_stage,6,5240.1,2662.4,406.2,76.1,11558.0,53995.9,0.0,580.13,1.9,697.16,39822.26,39753.33,318.8,65.37,40.1
1788424806.796,982.25,ndvi_stage,6,5176.2,2662.4,400.3,76.6,11619.1,53934.8,0.0,580.13,1.9,697.28,39822.26,39753.33,318.8,65.37,40.1
1788424807.299,982.76,ndvi_stage,6,5232.7,2662.4,400.3,75.7,11618.1,53935.8,0.0,580.13,1.9,697.28,39822.26,39753.33,318.8,65.37,40.1
1788424807.801,983.26,ndvi_stage,6,5233.0,2662.4,398.3,79.5,11679.1,53874.9,0.0,580.13,1.9,697.47,39822.26,39753.34,318.8,65.37,40.1
1788424808.303,983.76,ndvi_stage,6,5228.6,2662.4,404.1,77.6,11698.8,53855.1,0.0,580.13,1.9,697.58,39822.26,39753.34,318.8,65.37,40.1
1788424808.805,984.26,ndvi_stage,6,5261.6,2662.4,398.4,78.2,11785.5,53768.4,0.0,580.13,1.9,810.13,39822.26,39753.34,318.8,65.37,40.1
1788424809.308,984.76,ndvi_stage,6,5283.6,2662.4,398.1,77.4,11855.8,53698.1,0.0,580.14,1.9,810.13,39822.26,39753.34,318.8,65.37,40.1
1788424809.81,985.27,ndvi_stage,6,5294.6,2662.4,398.1,76.5,11688.5,53865.4,0.0,580.14,1.9,810.13,39822.27,39753.34,318.8,65.37,40.1
1788424810.312,985.77,ndvi_stage,6,5305.6,2662.4,398.2,75.2,11690.1,53863.8,0.0,580.14,1.9,810.13,39822.27,39753.34,318.8,65.37,40.1
1788424810.814,986.27,ndvi_stage,6,5327.7,2662.4,408.3,75.9,11729.0,53824.9,0.0,580.14,1.9,810.13,39822.27,39753.34,318.8,65.37,40.1
1788424811.316,986.77,ndvi_stage,6,5327.7,2662.4,398.4,75.9,11793.6,53760.3,0.0,580.14,1.9,810.13,39822.27,39753.34,318.8,65.37,40.1
1788424811.818,987.27,ndvi_stage,6,5338.7,2662.4,398.7,76.5,11675.8,53878.1,0.0,580.14,1.9,810.41,39822.27,39753.34,318.8,65.37,40.1
1788424812.32,987.78,ndvi_stage,6,5343.6,2662.4,394.6,75.2,11714.1,53839.8,0.0,580.14,1.9,810.46,39822.27,39753.34,318.8,65.37,40.1
1788424812.822,988.28,ndvi_stage,6,5372.4,2663.9,398.3,74.8,11898.9,53655.0,0.0,580.14,1.9,810.53,39822.27,39753.34,318.8,65.37,40.1
1788424813.324,988.78,ndvi_stage,6,5427.8,2663.9,404.5,77.8,11979.5,53574.4,0.0,580.14,1.9,810.54,39822.27,39753.34,318.8,65.37,40.1
1788424813.826,989.28,ndvi_stage,6,5404.9,2663.9,398.4,75.4,12033.4,53520.5,0.0,580.14,1.9,810.54,39822.27,39753.34,318.8,65.37,40.1
1788424814.327,989.78,ndvi_stage,6,5439.6,2663.9,400.7,71.4,12012.6,53541.3,0.0,580.14,1.9,810.57,39822.27,39753.34,318.8,65.37,40.1
1788424814.829,990.29,ndvi_stage,6,5394.6,2663.9,398.5,70.2,12132.4,53421.6,0.0,580.14,1.9,810.57,39822.27,39753.35,318.8,65.37,40.1
1788424815.331,990.79,ndvi_stage,6,5503.3,2663.9,400.3,76.9,12173.1,53380.8,0.0,580.14,1.9,810.57,39822.27,39753.35,318.8,65.37,40.1
1788424815.833,991.29,ndvi_stage,6,5476.8,2663.9,404.4,78.8,12219.2,53334.7,0.0,580.14,1.9,810.57,39822.27,39753.35,318.8,65.37,40.1
1788424816.335,991.79,ndvi_stage,6,5476.8,2663.9,398.3,73.7,12220.6,53333.3,0.0,580.14,1.9,810.57,39822.27,39753.35,318.8,65.37,40.1
1788424816.839,992.3,ndvi_stage,6,5502.6,2663.9,399.3,77.9,12256.9,53297.0,0.0,580.14,1.9,810.57,39822.27,39753.35,318.8,65.37,40.1
1788424817.341,992.8,ndvi_stage,6,5549.8,2663.9,396.4,76.7,12304.3,53249.6,0.0,580.14,1.9,810.57,39822.27,39753.35,318.8,65.37,40.1
1788424817.843,993.3,ndvi_stage,6,5533.9,2663.9,404.2,79.6,12202.9,53351.0,0.0,580.14,1.9,810.59,39822.27,39753.35,318.8,65.37,40.1
1788424818.345,993.8,ndvi_stage,6,5528.2,2663.9,398.2,76.0,12172.8,53381.1,0.0,580.14,1.9,810.59,39822.27,39753.35,318.8,65.37,40.1
1788424818.847,994.3,ndvi_stage,6,5593.8,2663.9,400.3,76.2,12230.7,53323.2,0.0,580.14,1.9,810.59,39822.27,39753.35,318.8,65.37,40.1
1788424819.35,994.81,ndvi_stage,6,5609.8,2663.9,398.3,78.2,12264.5,53289.4,0.0,580.14,1.9,811.57,39822.27,39753.35,318.8,65.37,40.1
1788424819.852,995.31,ndvi_stage,6,5625.7,2663.9,398.4,75.3,12119.2,53434.7,0.0,580.14,1.9,811.84,39822.27,39753.35,318.8,65.37,40.1
1788424820.353,995.81,ndvi_stage,6,5655.5,2663.9,404.7,77.0,12301.5,53252.5,0.0,580.14,1.9,811.84,39822.27,39753.35,318.8,65.37,40.1
1788424820.855,996.31,ndvi_stage,6,5680.6,2663.9,400.3,76.6,12330.1,53223.8,0.0,580.14,1.9,811.84,39822.28,39753.35,318.8,65.37,40.1
1788424821.358,996.81,ndvi_stage,6,5528.0,2663.9,344.5,68.2,12088.3,53465.6,0.0,580.17,1.9,811.84,39822.28,39753.35,318.8,65.37,40.1
1788424821.859,997.32,ndvi_stage,6,5556.7,2663.9,299.0,65.1,12183.8,53370.1,0.0,580.17,1.9,814.27,39822.28,39753.35,318.8,65.37,40.1
1788424822.361,997.82,ndvi_stage,6,5547.6,2663.9,298.7,64.0,12219.9,53334.0,0.0,580.17,1.9,814.37,39822.28,39753.35,318.8,65.37,40.1
1788424822.863,998.32,ndvi_stage,6,5591.8,2663.9,304.7,64.4,12279.8,53274.1,0.0,580.17,1.9,814.47,39822.28,39753.35,318.8,65.37,40.1
1788424823.365,998.82,ndvi_stage,6,5486.5,2663.9,296.8,64.9,12121.9,53432.0,0.0,580.19,1.9,814.49,39822.28,39753.35,318.8,65.37,40.1
1788424823.868,999.32,ndvi_stage,6,5506.3,2663.9,203.0,52.0,11941.6,53612.4,0.0,580.19,1.9,814.51,39822.28,39753.36,318.8,65.37,40.1
1788424824.37,999.83,ndvi_stage,6,5522.5,2663.9,199.1,53.1,11995.4,53558.5,0.0,580.19,1.9,814.51,39822.28,39753.36,318.8,65.37,40.1
1788424824.872,1000.33,ndvi_stage,6,5385.2,2663.9,193.2,51.7,11842.7,53711.2,0.0,580.23,1.9,814.51,39822.28,39753.36,318.8,65.37,40.1
1788424825.374,1000.83,ndvi_stage,6,5395.4,2663.9,101.6,41.3,11910.8,53643.1,0.0,580.23,1.9,814.51,39822.28,39753.36,318.8,65.37,40.1
1788424825.876,1001.33,ndvi_stage,6,5395.4,2663.9,101.6,41.9,11870.7,53683.2,0.0,580.23,1.9,814.51,39822.28,39753.36,318.8,65.37,40.1
1788424826.383,1001.84,ndvi_stage,2,2714.1,2701.1,19.7,59.9,9581.9,55972.4,0.0,580.48,1.9,814.51,39822.28,39753.36,318.8,65.37,40.1
1788424826.884,1002.34,static_acquire_stac,2,2716.5,2703.5,93.7,41.1,9541.4,56012.4,0.0,580.55,1.9,814.59,39822.28,39753.36,318.8,65.05,40.42
1788424827.386,1002.84,static_acquire_stac,2,2716.5,2703.5,2.0,23.0,9298.0,56256.0,0.0,580.56,1.9,814.59,39822.29,39753.36,318.8,65.05,40.42
1788424827.887,1003.34,static_acquire_stac,2,2717.1,2704.0,16.0,20.8,9378.8,56175.1,0.0,580.56,1.9,814.6,39822.3,39753.37,318.8,65.05,40.42
1788424828.405,1003.86,static_acquire_stac,2,2717.1,2704.1,3.9,32.7,9428.4,56125.6,0.0,580.56,1.9,814.62,39822.31,39753.37,318.8,65.05,40.42
1788424828.906,1004.36,static_acquire_stac,2,2717.1,2704.1,2.0,30.9,9378.5,56175.5,0.0,580.56,1.9,814.8,39822.36,39753.38,0.2,65.05,40.42
1788424829.408,1004.86,static_acquire_stac,2,2717.2,2704.1,10.0,31.0,9276.1,56277.9,0.0,580.56,1.9,814.8,39822.56,39753.39,0.2,65.05,40.42
1788424829.909,1005.37,static_acquire_stac,2,2665.9,2652.9,19.9,34.3,9448.5,56105.4,0.0,580.56,1.9,814.8,39822.79,39753.39,0.2,65.05,40.42
1788424830.411,1005.87,static_acquire_stac,2,2665.9,2652.8,8.0,27.1,9285.8,56268.1,0.0,580.56,1.9,814.8,39822.88,39753.41,0.2,65.05,40.42
1788424830.912,1006.37,static_acquire_stac,2,2681.5,2668.4,8.0,33.3,9484.2,56069.7,0.0,580.56,1.9,814.92,39822.9,39753.42,0.2,65.05,40.42
1788424831.421,1006.88,static_acquire_stac,2,2826.2,2813.2,116.0,42.7,9512.7,56041.3,0.0,580.64,1.9,814.92,39823.03,39753.51,0.2,65.05,40.42
1788424831.922,1007.38,static_acquire_stac,2,2826.3,2813.2,4.0,30.4,9573.8,55980.1,0.0,580.64,1.9,814.92,39823.16,39753.51,0.2,65.05,40.42
1788424832.424,1007.88,static_acquire_stac,2,2826.3,2813.3,4.0,31.1,9675.5,55878.4,0.0,580.64,1.9,815.1,39823.9,39753.52,0.2,65.05,40.42
1788424832.925,1008.38,static_acquire_stac,2,2826.3,2813.3,0.0,29.5,9756.8,55797.2,0.0,580.64,1.9,815.1,39825.21,39753.52,0.2,65.05,40.42
1788424833.427,1008.88,static_acquire_stac,2,2826.3,2813.3,2.0,34.6,9691.3,55862.7,0.0,580.64,1.9,815.1,39828.27,39753.54,0.2,65.05,40.42
1788424833.928,1009.38,static_acquire_stac,2,2826.3,2813.3,0.0,27.3,9715.0,55839.0,0.0,580.64,1.9,815.3,39836.24,39753.56,0.2,65.05,40.42
1788424834.431,1009.89,static_acquire_stac,2,2826.4,2813.3,9.9,29.8,9616.1,55937.8,0.0,580.64,1.9,815.33,39850.1,39762.08,0.2,65.05,40.42
1788424834.933,1010.39,static_acquire_stac,2,2826.6,2813.5,21.9,25.9,9384.2,56169.7,0.0,580.64,1.9,815.38,39871.03,39787.51,0.2,65.05,40.42
1788424835.434,1010.89,static_acquire_stac,2,2826.6,2813.5,10.0,28.1,9457.1,56096.8,0.0,580.64,1.9,815.38,39892.35,39796.02,0.2,65.05,40.42
1788424835.936,1011.39,static_acquire_stac,2,2826.6,2813.6,18.0,32.4,9455.5,56098.4,0.0,580.64,1.9,815.39,39914.44,39813.03,0.2,65.05,40.42
1788424836.437,1011.89,static_acquire_stac,2,2826.7,2813.6,23.9,33.3,9381.7,56172.3,0.0,580.64,1.9,815.39,39934.46,39838.51,0.2,65.05,40.42
1788424836.938,1012.39,static_acquire_stac,2,2826.7,2813.6,19.9,32.4,9441.1,56112.9,0.0,580.64,1.9,815.65,39953.15,39863.95,0.2,65.05,40.42
1788424837.44,1012.9,static_acquire_stac,2,2826.7,2813.6,14.0,31.8,9386.8,56167.1,0.0,580.64,1.9,815.92,39969.65,39877.41,0.2,65.05,40.42
1788424837.941,1013.4,static_acquire_stac,2,2826.6,2813.5,19.9,34.2,9516.5,56037.5,0.0,580.64,1.9,816.08,39983.75,39899.47,0.2,65.05,40.42
1788424838.444,1013.9,static_acquire_stac,2,2826.6,2813.5,11.9,32.4,9442.9,56111.0,0.0,580.64,1.9,816.19,39998.39,39911.37,0.2,65.05,40.42
1788424838.945,1014.4,static_acquire_stac,2,2826.6,2813.5,14.0,30.9,9465.6,56088.3,0.0,580.64,1.9,816.19,40010.51,39928.33,0.2,65.05,40.42
1788424839.447,1014.9,static_acquire_stac,2,2826.6,2813.5,2.0,30.3,9562.3,55991.6,0.0,580.64,1.9,816.22,40021.84,39928.35,0.2,65.05,40.42
1788424839.949,1015.4,static_acquire_stac,2,2826.6,2813.5,19.9,32.4,9485.0,56069.0,0.0,580.64,1.9,816.22,40034.65,39953.8,0.2,65.05,40.42
1788424840.45,1015.91,static_acquire_stac,2,2826.6,2813.5,8.0,29.1,9519.0,56035.0,0.0,580.64,1.9,816.33,40047.96,39962.31,0.2,65.05,40.42
1788424840.951,1016.41,static_acquire_stac,2,2826.6,2813.5,10.0,33.0,9502.0,56052.0,0.0,580.64,1.9,816.33,40061.57,39970.8,0.2,65.05,40.42
1788424841.453,1016.91,static_acquire_stac,2,2826.6,2813.5,18.0,32.9,9502.9,56051.1,0.0,580.64,1.9,816.33,40073.13,39988.8,0.2,65.05,40.42
1788424841.956,1017.41,static_acquire_stac,2,2826.6,2813.5,13.9,31.4,9627.5,55926.4,0.0,580.65,1.9,816.33,40084.76,40004.68,0.2,65.05,40.42
1788424842.458,1017.91,static_acquire_stac,2,2826.6,2813.5,10.0,32.5,9493.7,56060.2,0.0,580.65,1.9,816.33,40095.68,40013.16,0.2,65.05,40.42
1788424842.96,1018.42,static_acquire_stac,2,2826.6,2813.5,6.0,28.7,9479.8,56074.1,0.0,580.65,1.9,816.48,40107.96,40021.65,0.2,65.05,40.42
1788424843.461,1018.92,static_acquire_stac,2,2826.6,2813.5,12.0,32.1,9466.9,56087.0,0.0,580.65,1.9,816.48,40120.29,40030.16,0.2,65.05,40.42
1788424843.963,1019.42,static_acquire_stac,2,2826.6,2813.5,14.0,28.6,9497.0,56056.9,0.0,580.65,1.9,816.63,40129.31,40047.1,0.2,65.05,40.42
1788424844.464,1019.92,static_acquire_stac,2,2826.6,2813.5,16.0,33.6,9648.5,55905.5,0.0,580.65,1.9,816.93,40142.01,40064.1,0.2,65.05,40.42
1788424844.965,1020.42,static_acquire_stac,2,2826.6,2813.5,4.0,30.4,9633.3,55920.6,0.0,580.65,1.9,816.93,40155.67,40064.14,0.2,65.05,40.42
1788424845.467,1020.92,static_acquire_stac,2,2826.6,2813.5,16.0,34.0,9718.7,55835.3,0.0,580.65,1.9,816.93,40168.4,40081.12,0.2,65.05,40.42
1788424845.968,1021.42,static_acquire_stac,2,2826.6,2813.5,18.0,31.1,9695.8,55858.1,0.0,580.65,1.9,816.93,40178.46,40098.3,0.2,65.05,40.42
1788424846.471,1021.93,static_acquire_stac,2,2826.6,2813.5,8.0,32.1,9748.0,55806.0,0.0,580.65,1.9,816.93,40190.49,40106.8,0.2,65.05,40.42
1788424846.972,1022.43,static_acquire_stac,2,2826.5,2813.5,14.0,30.5,9829.4,55724.6,0.0,580.65,1.9,816.93,40200.92,40120.3,0.2,65.05,40.42
1788424847.474,1022.93,static_acquire_stac,2,2826.5,2813.5,10.0,33.1,9771.0,55782.9,0.0,580.65,1.9,816.93,40210.16,40128.8,0.2,65.05,40.42
1788424847.975,1023.43,static_acquire_stac,2,2826.5,2813.5,8.0,33.0,9882.7,55671.3,0.0,580.65,1.9,816.93,40218.84,40137.3,0.2,65.05,40.42
1788424848.477,1023.93,static_acquire_stac,2,2826.5,2813.5,8.0,30.3,9683.9,55870.1,0.0,580.65,1.9,816.98,40227.88,40145.8,0.2,65.05,40.42
1788424848.978,1024.43,static_acquire_stac,2,2826.5,2813.5,6.0,31.5,9831.2,55722.7,0.0,580.65,1.9,817.21,40236.18,40154.29,0.2,65.05,40.42
1788424849.48,1024.94,static_acquire_stac,2,2826.5,2813.5,47.8,33.4,9792.5,55761.5,0.0,580.65,1.9,817.26,40242.24,40166.68,0.2,65.05,40.42
1788424849.982,1025.44,static_acquire_stac,2,2826.5,2813.5,69.8,36.1,9809.9,55744.0,0.0,580.65,1.9,817.36,40252.08,40175.17,0.2,65.05,40.42
1788424850.671,1026.13,static_acquire_stac,2,2866.9,2853.9,47.8,37.1,9882.2,55671.7,0.0,580.66,1.9,817.36,40257.43,40179.11,0.2,65.05,40.42
1788424851.598,1027.05,static_acquire_stac,2,2895.9,2882.9,100.3,42.0,9753.2,55800.7,0.0,589.55,1.9,817.45,40260.76,40179.11,0.2,65.06,40.41
1788424852.102,1027.56,static_acquire_stac,2,2895.9,2882.9,7.9,28.4,9539.0,56015.0,0.0,589.55,1.9,817.45,40263.21,40187.58,0.2,65.06,40.41
1788424852.604,1028.06,static_acquire_stac,2,2895.9,2882.9,0.0,28.6,9547.6,56006.3,0.0,589.55,1.9,817.57,40265.0,40187.58,0.2,65.06,40.41
1788424853.105,1028.56,static_acquire_stac,2,2895.9,2882.9,8.0,31.2,9506.9,56047.0,0.0,589.55,1.9,817.7,40267.45,40196.04,0.2,65.06,40.41
1788424853.606,1029.06,static_acquire_stac,2,2895.9,2882.9,0.0,29.5,9636.0,55917.9,0.0,589.55,1.9,817.75,40270.17,40196.04,0.2,65.06,40.41
1788424854.108,1029.56,static_acquire_stac,2,2895.9,2882.9,4.0,29.6,9669.1,55884.9,0.0,589.55,1.9,817.92,40272.43,40201.05,0.2,65.06,40.41
1788424854.612,1030.07,static_acquire_stac,2,2895.7,2882.6,67.5,37.5,9743.8,55810.2,0.0,589.55,1.9,817.92,40272.47,40201.07,9.1,65.06,40.41
1788424855.168,1030.62,static_acquire_stac,2,2895.7,2882.6,71.9,39.4,9856.3,55697.6,0.0,589.55,1.9,818.0,40273.76,40201.09,9.1,65.06,40.41
1788424856.029,1031.49,static_acquire_stac,2,2931.4,2918.4,90.6,41.7,9811.3,55742.7,0.0,595.17,1.9,818.15,40273.98,40201.11,9.1,65.07,40.41
1788424856.534,1031.99,static_classify,6,3074.9,2675.0,350.1,70.4,9741.0,55812.9,0.0,595.24,1.9,818.15,40273.99,40201.11,9.1,65.07,40.41
1788424857.038,1032.49,static_classify,6,3423.5,2675.0,464.8,86.4,9935.2,55618.8,0.0,595.24,1.9,818.15,40273.99,40201.11,9.1,65.07,40.41
1788424857.541,1033.0,static_classify,6,3744.3,2675.0,473.1,86.8,10121.8,55432.1,0.0,595.24,1.9,818.15,40273.99,40201.11,9.1,65.07,40.41
1788424858.043,1033.5,static_classify,6,4719.5,2675.0,418.5,79.1,10986.8,54567.1,0.0,595.24,1.9,818.35,40273.99,40201.11,9.1,65.07,40.41
1788424858.545,1034.0,static_classify,6,4985.3,2675.9,408.5,75.4,11264.4,54289.5,0.0,595.25,1.9,818.36,40273.99,40201.11,9.1,65.07,40.41
1788424859.047,1034.5,static_classify,6,4947.5,2688.3,111.6,46.1,11351.3,54202.6,0.0,595.25,1.9,818.36,40273.99,40201.11,9.1,65.07,40.41
1788424859.577,1035.03,sieve,2,2701.3,2688.3,47.2,58.8,9787.5,55766.7,0.0,595.3,1.9,818.37,40273.99,40201.11,9.1,65.05,40.42
1788424860.157,1035.61,pipeline,2,2703.8,2690.8,96.5,41.3,9923.8,55630.1,0.0,596.21,1.9,818.45,40273.99,40201.11,0.7,65.05,40.42
