t_epoch,elapsed_s,stage,n_procs,rss_tree_mb,rss_max_proc_mb,cpu_tree_pct,cpu_system_pct,mem_system_used_mb,mem_system_available_mb,tree_read_mb,tree_write_mb,sys_read_mb,sys_write_mb,net_recv_mb,net_sent_mb,outdir_mb,fs_used_gb,fs_free_gb
1788428382.591,0.0,pipeline,1,203.0,203.0,0.0,0.0,7388.9,58164.2,0.0,0.0,0.0,0.0,0.0,0.0,0.0,67.11,38.37
1788428383.1,0.51,pipeline,1,255.3,255.3,62.9,40.2,7372.2,58180.9,0.0,0.0,0.0,0.0,0.02,0.11,0.0,67.11,38.37
1788428383.601,1.01,pipeline,1,255.3,255.3,0.0,30.9,7436.9,58116.2,0.0,0.0,0.0,0.0,0.03,0.11,0.0,67.11,38.37
1788428384.103,1.51,pipeline,1,255.3,255.3,0.0,32.1,7465.5,58087.5,0.0,0.0,0.0,0.99,0.03,0.11,0.0,67.11,38.37
1788428384.604,2.01,pipeline,1,257.2,257.2,2.0,31.8,7492.5,58060.5,0.0,0.0,0.0,1.1,0.11,0.11,0.0,67.11,38.37
1788428385.105,2.51,pipeline,1,257.2,257.2,0.0,30.9,7539.2,58013.9,0.0,0.0,0.0,1.29,0.12,0.12,0.0,67.11,38.37
1788428385.606,3.02,pipeline,1,257.2,257.2,2.0,23.6,7514.6,58038.4,0.0,0.0,0.0,1.42,0.12,0.12,0.0,67.11,38.37
1788428386.108,3.52,pipeline,1,257.2,257.2,0.0,29.2,7534.8,58018.3,0.0,0.0,0.0,1.66,0.17,0.12,0.0,67.11,38.37
1788428386.609,4.02,ndvi_acquire_gee,1,277.6,277.6,27.9,35.2,7451.3,58101.8,0.0,0.3,0.0,1.79,0.44,0.13,0.0,67.11,38.37
1788428387.11,4.52,ndvi_acquire_gee,1,278.6,278.6,4.0,33.3,7495.9,58057.1,0.0,0.3,0.0,2.11,0.45,0.14,0.0,67.11,38.37
1788428387.611,5.02,ndvi_acquire_gee,1,278.6,278.6,0.0,30.8,7379.4,58173.7,0.0,0.3,0.0,2.16,0.45,0.14,0.1,67.11,38.37
1788428388.113,5.52,ndvi_acquire_gee,1,278.6,278.6,0.0,31.1,7318.6,58234.5,0.0,0.3,0.0,2.61,0.46,0.14,0.1,67.11,38.37
1788428388.614,6.02,ndvi_acquire_gee,1,278.6,278.6,2.0,30.6,7145.8,58407.3,0.0,0.3,0.0,3.16,0.46,0.14,0.1,67.11,38.37
1788428389.115,6.52,ndvi_acquire_gee,1,278.6,278.6,0.0,31.6,7131.9,58421.1,0.0,0.3,0.0,13.29,0.46,0.15,0.1,67.11,38.37
1788428389.617,7.03,ndvi_acquire_gee,1,278.6,278.6,0.0,30.2,7107.4,58445.7,0.0,0.31,0.0,13.33,0.47,0.15,0.1,67.11,38.37
1788428390.118,7.53,ndvi_acquire_gee,1,278.6,278.6,0.0,30.3,7261.9,58291.1,0.0,0.31,0.0,13.85,0.47,0.15,0.1,67.11,38.37
1788428390.619,8.03,ndvi_acquire_gee,1,279.0,279.0,2.0,30.2,7134.8,58418.3,0.0,0.31,0.0,13.85,0.48,0.16,0.1,67.11,38.37
1788428391.12,8.53,ndvi_acquire_gee,1,279.0,279.0,0.0,29.9,7323.3,58229.8,0.0,0.31,0.0,14.24,0.48,0.16,0.1,67.11,38.37
1788428391.621,9.03,ndvi_acquire_gee,1,279.0,279.0,0.0,29.7,7067.8,58485.2,0.0,0.31,0.0,14.24,0.48,0.16,0.1,67.11,38.37
1788428392.123,9.53,ndvi_acquire_gee,1,279.0,279.0,2.0,37.3,7200.1,58352.9,0.0,0.31,0.0,15.13,0.48,0.16,0.1,67.11,38.37
1788428392.624,10.03,ndvi_acquire_gee,1,279.0,279.0,0.0,29.2,7193.7,58359.3,0.0,0.31,0.0,15.13,0.48,0.16,0.1,67.11,38.37
1788428393.125,10.53,ndvi_acquire_gee,1,279.0,279.0,0.0,31.3,7171.1,58381.9,0.0,0.31,0.0,15.42,0.48,0.16,0.1,67.11,38.37
1788428393.626,11.04,ndvi_acquire_gee,1,279.2,279.2,0.0,31.8,7181.4,58371.6,0.0,0.31,0.0,15.49,0.49,0.26,0.1,67.11,38.37
1788428394.127,11.54,ndvi_acquire_gee,1,279.2,279.2,0.0,32.6,7311.2,58241.8,0.0,0.31,0.0,25.27,0.49,0.26,0.1,67.11,38.37
1788428394.629,12.04,ndvi_acquire_gee,1,279.2,279.2,2.0,31.1,7429.5,58123.6,0.0,0.31,0.0,25.27,0.49,0.26,0.1,67.11,38.37
1788428395.13,12.54,ndvi_acquire_gee,1,279.2,279.2,0.0,30.8,7299.0,58254.1,0.0,0.31,0.0,25.65,0.49,0.26,0.1,67.11,38.37
1788428395.631,13.04,ndvi_acquire_gee,1,279.2,279.2,0.0,28.6,7264.7,58288.4,0.0,0.31,0.0,25.67,0.49,0.26,0.1,67.11,38.37
1788428396.133,13.54,ndvi_acquire_gee,1,279.2,279.2,0.0,30.6,7141.5,58411.5,0.0,0.31,0.0,26.38,0.5,0.27,0.1,67.11,38.37
1788428396.634,14.04,ndvi_acquire_gee,1,279.2,279.2,2.0,32.5,7143.5,58409.6,0.0,0.31,0.0,27.42,0.5,0.27,0.1,67.11,38.37
1788428397.136,14.55,ndvi_acquire_gee,1,279.2,279.2,0.0,31.3,7136.8,58416.2,0.0,0.31,0.0,27.43,0.5,0.27,0.1,67.11,38.37
1788428397.637,15.05,ndvi_acquire_gee,1,279.2,279.2,0.0,31.5,7221.0,58332.0,0.0,0.31,0.0,27.47,0.5,0.27,0.1,67.11,38.37
1788428398.139,15.55,ndvi_acquire_gee,1,279.2,279.2,0.0,28.5,7199.0,58354.1,0.0,0.31,0.0,28.11,0.5,0.27,0.1,67.11,38.37
1788428398.64,16.05,ndvi_acquire_gee,1,279.2,279.2,0.0,32.3,7192.5,58360.5,0.0,0.31,0.0,28.58,0.51,0.27,0.1,67.11,38.37
1788428399.141,16.55,ndvi_acquire_gee,1,279.2,279.2,0.0,32.5,7193.2,58359.8,0.0,0.31,0.0,28.58,0.51,0.27,0.1,67.11,38.37
1788428399.643,17.05,ndvi_acquire_gee,1,279.2,279.2,0.0,33.2,7097.6,58455.4,0.0,0.31,0.0,28.63,0.51,0.27,0.1,67.11,38.37
1788428400.144,17.55,ndvi_acquire_gee,1,279.2,279.2,0.0,31.2,7185.4,58367.6,0.0,0.31,0.0,29.13,0.51,0.27,0.1,67.11,38.37
1788428400.645,18.05,ndvi_acquire_gee,1,279.2,279.2,2.0,31.1,7274.2,58278.8,0.0,0.31,0.0,30.42,0.51,0.27,0.1,67.11,38.37
1788428401.146,18.56,ndvi_acquire_gee,1,279.2,279.2,0.0,30.3,7228.1,58324.9,0.0,0.31,0.0,30.42,0.52,0.28,0.1,67.11,38.37
1788428401.648,19.06,ndvi_acquire_gee,1,279.3,279.3,0.0,32.0,7252.9,58300.1,0.0,0.31,0.0,30.43,0.52,0.28,0.1,67.11,38.37
1788428402.149,19.56,ndvi_acquire_gee,1,279.3,279.3,0.0,29.5,7127.2,58425.9,0.0,0.31,0.0,31.02,0.52,0.28,0.1,67.11,38.37
1788428402.65,20.06,ndvi_acquire_gee,1,279.3,279.3,0.0,32.0,7201.8,58351.2,0.0,0.31,0.0,31.02,0.52,0.28,0.1,67.11,38.37
1788428403.151,20.56,ndvi_acquire_gee,1,279.3,279.3,2.0,31.5,7153.6,58399.4,0.0,0.31,0.0,31.45,0.52,0.28,0.1,67.11,38.37
1788428403.653,21.06,ndvi_acquire_gee,1,279.3,279.3,0.0,32.4,7273.1,58279.9,0.0,0.31,0.0,31.45,0.52,0.28,0.1,67.11,38.37
1788428404.154,21.56,ndvi_acquire_gee,1,279.3,279.3,2.0,29.7,7156.1,58397.0,0.0,0.31,0.0,32.12,0.53,0.38,0.1,67.11,38.37
1788428404.655,22.07,ndvi_acquire_gee,1,279.3,279.3,0.0,31.5,7352.7,58200.3,0.0,0.31,0.0,33.07,0.53,0.38,0.1,67.11,38.37
1788428405.157,22.57,ndvi_acquire_gee,1,279.3,279.3,0.0,30.1,7423.0,58130.1,0.0,0.31,0.0,33.07,0.53,0.38,0.1,67.11,38.37
1788428405.658,23.07,ndvi_acquire_gee,1,279.3,279.3,0.0,35.2,7570.1,57983.0,0.0,0.31,0.0,33.08,0.53,0.38,0.1,67.11,38.37
1788428406.16,23.57,ndvi_acquire_gee,1,279.3,279.3,0.0,27.0,7629.1,57923.9,0.0,0.31,0.0,33.58,0.53,0.38,0.1,67.11,38.37
1788428406.661,24.07,ndvi_acquire_gee,1,279.3,279.3,0.0,33.0,7569.7,57983.4,0.0,0.31,0.0,33.6,0.54,0.38,0.1,67.11,38.37
1788428407.162,24.57,ndvi_acquire_gee,1,279.3,279.3,0.0,32.0,7637.4,57915.6,0.0,0.31,0.0,34.13,0.54,0.39,0.1,67.11,38.37
1788428407.663,25.07,ndvi_acquire_gee,1,279.3,279.3,0.0,33.3,7618.4,57934.6,0.0,0.31,0.0,34.13,0.54,0.39,0.1,67.11,38.37
1788428408.165,25.57,ndvi_acquire_gee,1,279.3,279.3,2.0,30.0,7619.2,57933.8,0.0,0.31,0.0,34.88,0.54,0.39,0.1,67.11,38.37
1788428408.666,26.08,ndvi_acquire_gee,1,279.3,279.3,0.0,30.0,7500.6,58052.5,0.0,0.31,0.0,35.06,0.54,0.39,0.1,67.11,38.37
1788428409.167,26.58,ndvi_acquire_gee,1,279.3,279.3,0.0,30.7,7415.8,58137.2,0.0,0.31,0.0,35.13,0.55,0.39,0.1,67.11,38.37
1788428409.668,27.08,ndvi_acquire_gee,1,279.3,279.3,0.0,30.8,7437.2,58115.8,0.0,0.31,0.0,35.13,0.55,0.39,0.1,67.11,38.37
1788428410.17,27.58,ndvi_acquire_gee,1,279.3,279.3,0.0,33.7,7472.5,58080.5,0.0,0.31,0.0,35.67,0.55,0.4,0.1,67.11,38.37
1788428410.671,28.08,ndvi_acquire_gee,1,279.3,279.3,0.0,30.2,7332.0,58221.1,0.0,0.31,0.0,35.78,0.55,0.4,0.1,67.11,38.37
1788428411.172,28.58,ndvi_acquire_gee,1,279.3,279.3,0.0,33.4,7280.8,58272.3,0.0,0.31,0.0,36.05,0.55,0.4,0.1,67.11,38.37
1788428411.673,29.08,ndvi_acquire_gee,1,279.3,279.3,2.0,30.3,7082.5,58470.6,0.0,0.31,0.0,36.05,0.55,0.4,0.1,67.11,38.37
1788428412.175,29.58,ndvi_acquire_gee,1,279.3,279.3,0.0,34.6,7119.0,58434.1,0.0,0.31,0.0,36.4,0.56,0.4,0.1,67.11,38.37
1788428412.676,30.09,ndvi_acquire_gee,1,279.3,279.3,0.0,29.6,7080.6,58472.4,0.0,0.31,0.0,36.46,0.56,0.4,0.1,67.11,38.37
1788428413.177,30.59,ndvi_acquire_gee,1,279.3,279.3,0.0,31.3,7132.1,58421.0,0.0,0.31,0.0,36.62,0.56,0.4,0.1,67.11,38.37
1788428413.678,31.09,ndvi_acquire_gee,1,279.3,279.3,0.0,29.6,7191.7,58361.3,0.0,0.31,0.0,36.62,0.56,0.4,0.1,67.11,38.37
1788428414.179,31.59,ndvi_acquire_gee,1,279.3,279.3,0.0,33.5,7241.1,58311.9,0.0,0.31,0.0,45.88,0.56,0.4,0.1,67.11,38.37
1788428414.681,32.09,ndvi_acquire_gee,1,279.3,279.3,0.0,28.6,7247.0,58306.0,0.0,0.32,0.0,45.88,0.57,0.5,0.1,67.11,38.37
1788428415.182,32.59,ndvi_acquire_gee,1,279.3,279.3,0.0,33.9,7247.1,58305.9,0.0,0.32,0.0,46.17,0.57,0.5,0.1,67.11,38.37
1788428415.683,33.09,ndvi_acquire_gee,1,279.3,279.3,2.0,33.6,7222.7,58330.4,0.0,0.32,0.0,46.17,0.57,0.5,0.1,67.11,38.37
1788428416.184,33.59,ndvi_acquire_gee,1,279.3,279.3,2.0,34.6,7222.5,58330.5,0.0,0.32,0.0,47.17,0.57,0.5,0.1,67.11,38.37
1788428416.686,34.1,ndvi_acquire_gee,1,279.3,279.3,0.0,33.7,7195.4,58357.7,0.0,0.32,0.0,47.19,0.57,0.5,0.1,67.11,38.37
1788428417.187,34.6,ndvi_acquire_gee,1,279.3,279.3,0.0,34.2,7195.6,58357.4,0.0,0.32,0.0,47.2,0.58,0.51,0.1,67.11,38.37
1788428417.688,35.1,ndvi_acquire_gee,1,279.3,279.3,0.0,32.9,7175.5,58377.5,0.0,0.32,0.0,47.29,0.58,0.51,0.1,67.11,38.37
1788428418.189,35.6,ndvi_acquire_gee,1,279.3,279.3,0.0,34.2,7176.0,58377.1,0.0,0.32,0.0,47.69,0.58,0.51,0.1,67.11,38.37
1788428418.69,36.1,ndvi_acquire_gee,1,279.3,279.3,0.0,32.4,7156.0,58397.1,0.0,0.32,0.0,47.69,0.58,0.51,0.1,67.11,38.37
1788428419.192,36.6,ndvi_acquire_gee,1,279.3,279.3,0.0,32.7,7033.6,58519.5,0.0,0.32,0.0,56.35,0.58,0.51,0.1,67.11,38.37
1788428419.693,37.1,ndvi_acquire_gee,1,279.3,279.3,0.0,26.1,6872.7,58680.4,0.0,0.32,0.0,56.39,0.59,0.51,0.1,67.11,38.37
1788428420.194,37.6,ndvi_acquire_gee,1,279.3,279.3,0.0,31.5,7010.9,58542.1,0.0,0.32,0.0,57.16,0.59,0.51,0.1,67.11,38.37
1788428420.695,38.11,ndvi_acquire_gee,1,279.3,279.3,0.0,29.2,6825.7,58727.4,0.0,0.32,0.0,58.12,0.59,0.51,0.1,67.11,38.37
1788428421.197,38.61,ndvi_acquire_gee,1,279.3,279.3,0.0,30.4,6927.6,58625.5,0.0,0.32,0.0,58.12,0.59,0.51,0.1,67.11,38.37
1788428421.698,39.11,ndvi_acquire_gee,1,279.4,279.4,2.0,30.5,7070.6,58482.4,0.0,0.32,0.0,58.15,0.59,0.52,0.1,67.11,38.37
1788428422.199,39.61,ndvi_acquire_gee,1,279.4,279.4,0.0,33.2,7174.5,58378.6,0.0,0.32,0.0,58.55,0.59,0.52,0.1,67.11,38.37
1788428422.7,40.11,ndvi_acquire_gee,1,279.4,279.4,0.0,31.1,7079.2,58473.9,0.0,0.32,0.0,58.71,0.6,0.52,0.1,67.11,38.37
1788428423.202,40.61,ndvi_acquire_gee,1,279.4,279.4,0.0,32.4,7048.4,58504.7,0.0,0.32,0.0,58.93,0.6,0.52,0.1,67.11,38.37
1788428423.703,41.11,ndvi_acquire_gee,1,279.4,279.4,0.0,30.5,7049.9,58503.2,0.0,0.32,0.0,58.93,0.6,0.52,0.1,67.11,38.37
1788428424.204,41.61,ndvi_acquire_gee,1,279.4,279.4,2.0,27.8,6960.3,58592.7,0.0,0.32,0.0,59.15,0.6,0.52,0.1,67.11,38.37
1788428424.706,42.12,ndvi_acquire_gee,1,279.4,279.4,0.0,31.0,7113.5,58439.5,0.0,0.32,0.0,68.87,0.6,0.52,0.1,67.11,38.37
1788428425.207,42.62,ndvi_acquire_gee,1,279.4,279.4,0.0,30.6,6961.9,58591.0,0.0,0.32,0.0,69.35,0.61,0.62,0.1,67.11,38.37
1788428425.708,43.12,ndvi_acquire_gee,1,279.4,279.4,0.0,30.2,7066.5,58486.4,0.0,0.32,0.0,69.43,0.61,0.62,0.1,67.11,38.37
1788428426.209,43.62,ndvi_acquire_gee,1,279.4,279.4,0.0,31.3,7054.1,58498.8,0.0,0.32,0.0,69.8,0.61,0.62,0.1,67.11,38.37
1788428426.711,44.12,ndvi_acquire_gee,1,279.4,279.4,0.0,28.8,7045.7,58507.2,0.0,0.32,0.0,69.8,0.61,0.62,0.1,67.11,38.37
1788428427.212,44.62,ndvi_acquire_gee,1,279.4,279.4,2.0,33.9,7097.3,58455.7,0.0,0.32,0.0,70.34,0.61,0.62,0.1,67.11,38.37
1788428427.713,45.12,ndvi_acquire_gee,1,279.4,279.4,2.0,27.5,6884.4,58668.5,0.0,0.32,0.0,70.34,0.62,0.63,0.1,67.11,38.37
1788428428.215,45.62,ndvi_acquire_gee,1,279.4,279.4,0.0,30.3,7067.2,58485.7,0.0,0.32,0.0,71.05,0.62,0.63,0.1,67.11,38.37
1788428428.716,46.13,ndvi_acquire_gee,1,279.4,279.4,0.0,31.5,7182.0,58371.0,0.0,0.32,0.0,71.54,0.62,0.63,0.1,67.11,38.37
1788428429.217,46.63,ndvi_acquire_gee,1,279.4,279.4,0.0,29.8,7237.8,58315.1,0.0,0.32,0.0,71.54,0.63,0.63,0.1,67.11,38.37
1788428429.718,47.13,ndvi_acquire_gee,1,279.4,279.4,0.0,30.3,7237.3,58315.6,0.0,0.32,0.0,71.78,0.63,0.63,0.1,67.11,38.37
1788428430.219,47.63,ndvi_acquire_gee,1,279.4,279.4,0.0,31.8,7214.3,58338.6,0.0,0.32,0.0,72.28,0.63,0.63,0.1,67.11,38.37
1788428430.721,48.13,ndvi_acquire_gee,1,279.4,279.4,0.0,29.1,7161.8,58391.1,0.0,0.32,0.0,72.28,0.63,0.64,0.1,67.11,38.37
1788428431.222,48.63,ndvi_acquire_gee,1,279.4,279.4,0.0,31.8,7231.5,58321.4,0.0,0.32,0.0,72.59,0.64,0.64,0.1,67.11,38.37
1788428431.723,49.13,ndvi_acquire_gee,1,279.4,279.4,0.0,30.0,7202.5,58350.4,0.0,0.32,0.0,72.64,0.64,0.64,0.1,67.11,38.37
1788428432.224,49.63,ndvi_acquire_gee,1,279.4,279.4,2.0,29.8,7108.5,58444.5,0.0,0.32,0.0,73.67,0.64,0.64,0.1,67.11,38.37
1788428432.725,50.14,ndvi_acquire_gee,1,279.4,279.4,0.0,30.7,7089.6,58463.3,0.0,0.32,0.0,73.89,0.64,0.64,0.1,67.11,38.37
1788428433.227,50.64,ndvi_acquire_gee,1,279.4,279.4,0.0,29.0,7219.6,58333.3,0.0,0.32,0.0,73.89,0.65,0.64,0.1,67.11,38.37
1788428433.728,51.14,ndvi_acquire_gee,1,279.4,279.4,0.0,29.4,7272.3,58280.6,0.0,0.32,0.0,73.89,0.65,0.64,0.1,67.11,38.37
1788428434.229,51.64,ndvi_acquire_gee,1,279.4,279.4,0.0,30.7,7221.9,58331.0,0.0,0.32,0.0,74.32,0.65,0.64,0.1,67.11,38.37
1788428434.73,52.14,ndvi_acquire_gee,1,279.4,279.4,0.0,27.1,7262.7,58290.2,0.0,0.32,0.0,74.57,0.65,0.64,0.1,67.11,38.37
1788428435.231,52.64,ndvi_acquire_gee,1,279.4,279.4,0.0,27.4,7258.2,58294.8,0.0,0.32,0.0,74.79,0.65,0.74,0.1,67.11,38.37
1788428435.733,53.14,ndvi_acquire_gee,1,279.4,279.4,0.0,27.8,7301.7,58251.2,0.0,0.32,0.0,74.8,0.65,0.74,0.1,67.11,38.37
1788428436.234,53.64,ndvi_acquire_gee,1,279.4,279.4,0.0,27.0,7212.3,58340.6,0.0,0.32,0.0,75.74,0.66,0.74,0.1,67.11,38.37
1788428436.735,54.15,ndvi_acquire_gee,1,279.4,279.4,0.0,32.2,7338.3,58214.6,0.0,0.32,0.0,75.74,0.66,0.74,0.1,67.11,38.37
1788428437.236,54.65,ndvi_acquire_gee,1,279.4,279.4,2.0,34.2,7332.6,58220.3,0.0,0.32,0.0,75.8,0.66,0.75,0.1,67.11,38.37
1788428437.738,55.15,ndvi_acquire_gee,1,279.4,279.4,0.0,39.1,7348.4,58204.5,0.0,0.32,0.0,75.8,0.66,0.75,0.1,67.11,38.37
1788428438.239,55.65,ndvi_acquire_gee,1,279.4,279.4,0.0,29.9,7306.9,58246.1,0.0,0.32,0.0,76.68,0.66,0.75,0.1,67.11,38.37
1788428438.74,56.15,ndvi_acquire_gee,1,279.4,279.4,0.0,28.5,7361.9,58191.0,0.0,0.32,0.0,76.68,0.66,0.75,0.1,67.11,38.37
1788428439.241,56.65,ndvi_acquire_gee,1,279.4,279.4,2.0,30.9,7463.0,58089.9,0.0,0.32,0.0,85.35,0.67,0.75,0.1,67.11,38.37
1788428439.743,57.15,ndvi_acquire_gee,1,279.4,279.4,0.0,27.5,7230.8,58322.1,0.0,0.33,0.0,85.35,0.67,0.75,0.1,67.11,38.37
1788428440.244,57.65,ndvi_acquire_gee,1,279.4,279.4,0.0,31.5,7361.3,58191.7,0.0,0.33,0.0,85.93,0.67,0.75,0.1,67.11,38.37
1788428440.745,58.15,ndvi_acquire_gee,1,279.4,279.4,0.0,30.4,7209.7,58343.2,0.0,0.33,0.0,85.93,0.67,0.75,0.1,67.11,38.37
1788428441.246,58.66,ndvi_acquire_gee,1,279.4,279.4,0.0,30.3,7152.3,58400.6,0.0,0.33,0.0,86.45,0.67,0.76,0.1,67.11,38.37
1788428441.747,59.16,ndvi_acquire_gee,1,279.4,279.4,0.0,29.7,7028.4,58524.5,0.0,0.33,0.0,86.45,0.67,0.76,0.1,67.11,38.37
1788428442.249,59.66,ndvi_acquire_gee,1,279.4,279.4,0.0,33.9,7060.1,58492.8,0.0,0.33,0.0,87.04,0.68,0.76,0.1,67.11,38.37
1788428442.75,60.16,ndvi_acquire_gee,1,279.4,279.4,0.0,30.2,7170.4,58382.5,0.0,0.33,0.0,87.1,0.68,0.76,0.1,67.11,38.37
1788428443.251,60.66,ndvi_acquire_gee,1,279.4,279.4,2.0,30.4,7313.4,58239.6,0.0,0.33,0.0,87.38,0.68,0.76,0.1,67.11,38.37
1788428443.752,61.16,ndvi_acquire_gee,1,279.4,279.4,0.0,29.9,7245.2,58307.7,0.0,0.33,0.0,87.47,0.68,0.76,0.1,67.11,38.37
1788428444.254,61.66,ndvi_acquire_gee,1,279.4,279.4,2.0,29.6,7152.4,58400.5,0.0,0.33,0.0,87.97,0.68,0.76,0.1,67.11,38.37
1788428444.755,62.16,ndvi_acquire_gee,1,279.4,279.4,0.0,29.9,7282.7,58270.3,0.0,0.33,0.0,96.35,0.68,0.76,0.1,67.11,38.37
1788428445.256,62.67,ndvi_acquire_gee,1,279.4,279.4,0.0,27.0,7401.4,58151.5,0.0,0.33,0.0,97.51,0.69,0.76,0.1,67.11,38.37
1788428445.757,63.17,ndvi_acquire_gee,1,279.4,279.4,0.0,34.3,7570.5,57982.4,0.0,0.33,0.0,97.52,0.69,0.86,0.1,67.11,38.37
1788428446.258,63.67,ndvi_acquire_gee,1,279.4,279.4,0.0,28.9,7418.7,58134.2,0.0,0.33,0.0,97.62,0.69,0.86,0.1,67.11,38.37
1788428446.76,64.17,ndvi_acquire_gee,1,279.4,279.4,0.0,32.1,7281.8,58271.1,0.0,0.33,0.0,97.65,0.7,0.86,0.1,67.11,38.37
1788428447.261,64.67,ndvi_acquire_gee,1,279.4,279.4,0.0,31.0,7379.2,58173.7,0.0,0.33,0.0,98.01,0.7,0.87,0.1,67.11,38.37
1788428447.762,65.17,ndvi_acquire_gee,1,279.4,279.4,0.0,30.9,7269.9,58283.3,0.0,0.33,0.0,98.02,0.7,0.87,0.1,67.11,38.37
1788428448.263,65.67,ndvi_acquire_gee,1,279.4,279.4,0.0,30.6,7251.2,58301.7,0.0,0.33,0.0,98.43,0.7,0.87,0.1,67.11,38.37
1788428448.765,66.17,ndvi_acquire_gee,1,279.4,279.4,2.0,29.4,7242.6,58310.3,0.0,0.33,0.0,98.55,0.71,0.87,0.1,67.11,38.37
1788428449.266,66.68,ndvi_acquire_gee,1,279.4,279.4,0.0,29.9,7296.6,58256.3,0.0,0.33,0.0,98.75,0.71,0.87,0.1,67.11,38.37
1788428449.767,67.18,ndvi_acquire_gee,1,279.4,279.4,0.0,32.2,7304.6,58248.3,0.0,0.33,0.0,99.88,0.71,0.87,0.1,67.11,38.37
1788428450.269,67.68,ndvi_acquire_gee,1,279.4,279.4,0.0,33.1,7321.6,58231.3,0.0,0.33,0.0,100.51,0.71,0.87,0.1,67.11,38.37
1788428450.77,68.18,ndvi_acquire_gee,1,279.4,279.4,0.0,31.2,7231.9,58321.0,0.0,0.33,0.0,100.51,0.72,0.88,0.1,67.11,38.37
1788428451.271,68.68,ndvi_acquire_gee,1,279.4,279.4,0.0,22.9,7094.8,58458.1,0.0,0.33,0.0,100.74,0.72,0.88,0.1,67.11,38.37
1788428451.773,69.18,ndvi_acquire_gee,1,279.4,279.4,0.0,29.1,7107.6,58445.3,0.0,0.33,0.0,100.74,0.72,0.88,0.1,67.11,38.37
1788428452.274,69.68,ndvi_acquire_gee,1,279.4,279.4,0.0,33.0,7191.0,58361.9,0.0,0.33,0.0,101.24,0.72,0.88,0.1,67.11,38.37
1788428452.775,70.18,ndvi_acquire_gee,1,279.4,279.4,2.0,27.3,7185.0,58367.9,0.0,0.33,0.0,101.38,0.72,0.88,0.1,67.11,38.37
1788428453.276,70.69,ndvi_acquire_gee,1,279.4,279.4,0.0,20.3,7091.9,58461.0,0.0,0.33,0.0,102.44,0.72,0.88,0.1,67.11,38.37
1788428453.778,71.19,ndvi_acquire_gee,1,279.4,279.4,0.0,25.6,7105.6,58447.4,0.0,0.33,0.0,102.85,0.72,0.88,0.1,67.11,38.37
1788428454.279,71.69,ndvi_acquire_gee,1,279.4,279.4,0.0,31.0,7211.8,58341.1,0.0,0.33,0.0,104.19,0.73,0.88,0.1,67.11,38.37
1788428454.78,72.19,ndvi_acquire_gee,1,279.4,279.4,2.0,29.3,7082.5,58470.4,0.0,0.33,0.0,104.29,0.73,0.89,0.1,67.11,38.37
1788428455.282,72.69,ndvi_acquire_gee,1,279.4,279.4,0.0,31.4,7138.4,58414.5,0.0,0.33,0.0,104.53,0.73,0.89,0.1,67.11,38.37
1788428455.783,73.19,ndvi_acquire_gee,1,279.4,279.4,0.0,28.7,6948.5,58604.4,0.0,0.33,0.0,104.6,0.73,0.89,0.1,67.11,38.37
1788428456.284,73.69,ndvi_acquire_gee,1,279.4,279.4,2.0,31.1,7071.5,58481.4,0.0,0.33,0.0,104.76,0.74,0.98,0.1,67.11,38.37
1788428456.785,74.2,ndvi_acquire_gee,1,279.4,279.4,0.0,30.0,6948.7,58604.3,0.0,0.33,0.0,104.76,0.74,0.98,0.1,67.11,38.37
1788428457.287,74.7,ndvi_acquire_gee,1,279.4,279.4,0.0,30.5,7009.5,58543.4,0.0,0.33,0.0,105.19,0.74,0.99,0.1,67.11,38.37
1788428457.788,75.2,ndvi_acquire_gee,1,279.4,279.4,0.0,31.8,6844.5,58708.4,0.0,0.33,0.0,105.2,0.74,0.99,0.1,67.11,38.37
1788428458.289,75.7,ndvi_acquire_gee,1,279.4,279.4,0.0,29.8,6974.9,58578.0,0.0,0.33,0.0,105.5,0.74,0.99,0.1,67.11,38.37
1788428458.791,76.2,ndvi_acquire_gee,1,279.4,279.4,0.0,30.2,7048.8,58504.2,0.0,0.33,0.0,105.51,0.74,0.99,0.1,67.11,38.37
1788428459.293,76.7,ndvi_acquire_gee,1,279.4,279.4,0.0,30.5,7103.5,58449.4,0.0,0.33,0.0,106.02,0.74,0.99,0.1,67.11,38.37
1788428459.794,77.2,ndvi_acquire_gee,1,279.4,279.4,0.0,32.4,7248.9,58304.0,0.0,0.33,0.0,106.11,0.75,0.99,0.1,67.11,38.37
1788428460.295,77.7,ndvi_acquire_gee,1,279.5,279.5,0.0,24.9,6963.2,58589.7,0.0,0.33,0.0,107.2,0.75,0.99,0.1,67.11,38.37
1788428460.796,78.21,ndvi_acquire_gee,1,279.5,279.5,2.0,31.8,7114.2,58438.8,0.0,0.33,0.0,107.27,0.76,0.99,0.1,67.11,38.37
1788428461.298,78.71,ndvi_acquire_gee,1,279.5,279.5,2.0,29.3,7143.9,58409.0,0.0,0.33,0.0,107.27,0.76,1.0,0.1,67.11,38.37
1788428461.799,79.21,ndvi_acquire_gee,1,279.5,279.5,0.0,29.8,7136.1,58416.8,0.0,0.33,0.0,107.42,0.76,1.0,0.1,67.11,38.37
1788428462.3,79.71,ndvi_acquire_gee,1,279.5,279.5,0.0,26.8,7141.4,58411.5,0.0,0.33,0.0,108.7,0.76,1.0,0.1,67.11,38.37
1788428462.801,80.21,ndvi_acquire_gee,1,279.5,279.5,0.0,31.3,7282.7,58270.2,0.0,0.33,0.0,108.71,0.76,1.0,0.1,67.11,38.37
1788428463.303,80.71,ndvi_acquire_gee,1,279.5,279.5,0.0,28.4,7134.4,58418.5,0.0,0.33,0.0,108.72,0.76,1.0,0.1,67.11,38.37
1788428463.804,81.21,ndvi_acquire_gee,1,279.5,279.5,0.0,30.6,7245.1,58307.8,0.0,0.33,0.0,108.72,0.76,1.0,0.1,67.11,38.37
1788428464.305,81.71,ndvi_acquire_gee,1,279.5,279.5,0.0,32.0,7167.1,58385.8,0.0,0.33,0.0,109.73,0.76,1.0,0.1,67.11,38.37
1788428464.806,82.22,ndvi_acquire_gee,1,279.5,279.5,0.0,31.9,7258.0,58294.9,0.0,0.33,0.0,118.8,0.77,1.0,0.1,67.11,38.37
1788428465.307,82.72,ndvi_acquire_gee,1,279.5,279.5,0.0,28.9,7423.3,58129.7,0.0,0.34,0.0,118.8,0.77,1.0,0.1,67.11,38.37
1788428465.809,83.22,ndvi_acquire_gee,1,279.5,279.5,0.0,31.1,7284.0,58268.9,0.0,0.34,0.0,118.8,0.77,1.01,0.1,67.11,38.37
1788428466.31,83.72,ndvi_acquire_gee,1,279.5,279.5,0.0,29.9,7157.4,58395.5,0.0,0.34,0.0,119.98,0.77,1.01,0.1,67.11,38.37
1788428466.811,84.22,ndvi_acquire_gee,1,279.5,279.5,2.0,32.4,7187.7,58365.2,0.0,0.34,0.0,119.99,0.78,1.11,0.1,67.11,38.37
1788428467.312,84.72,ndvi_acquire_gee,1,279.5,279.5,0.0,32.8,7331.9,58221.0,0.0,0.34,0.0,120.02,0.78,1.11,0.1,67.11,38.37
1788428467.814,85.22,ndvi_acquire_gee,1,279.5,279.5,0.0,33.1,7153.4,58399.6,0.0,0.34,0.0,120.16,0.78,1.11,0.1,67.11,38.37
1788428468.315,85.72,ndvi_acquire_gee,1,279.5,279.5,2.0,31.9,7335.2,58217.8,0.0,0.34,0.0,121.35,0.78,1.11,0.1,67.11,38.37
1788428468.816,86.23,ndvi_acquire_gee,1,279.5,279.5,0.0,28.5,7021.0,58531.9,0.0,0.34,0.0,121.39,0.78,1.11,0.1,67.11,38.37
1788428469.317,86.73,ndvi_acquire_gee,1,279.5,279.5,0.0,30.0,7118.9,58434.0,0.0,0.34,0.0,121.43,0.78,1.11,0.1,67.11,38.37
1788428469.818,87.23,ndvi_acquire_gee,1,279.5,279.5,0.0,27.4,7091.2,58461.7,0.0,0.34,0.0,132.26,0.78,1.11,0.1,67.11,38.37
1788428470.32,87.73,ndvi_acquire_gee,1,279.5,279.5,0.0,19.0,7107.3,58445.6,0.0,0.34,0.0,132.83,0.79,1.11,0.1,67.11,38.37
1788428470.821,88.23,ndvi_acquire_gee,1,279.5,279.5,0.0,24.2,7049.3,58503.6,0.0,0.34,0.0,132.93,0.79,1.11,0.1,67.11,38.37
1788428471.322,88.73,ndvi_acquire_gee,1,279.5,279.5,0.0,29.8,7123.4,58429.5,0.0,0.34,0.0,133.1,0.8,1.12,0.1,67.11,38.37
1788428471.823,89.23,ndvi_acquire_gee,1,279.5,279.5,0.0,28.9,6780.1,58772.8,0.0,0.34,0.0,133.1,0.8,1.12,0.1,67.11,38.37
1788428472.325,89.73,ndvi_acquire_gee,1,279.5,279.5,2.0,32.9,6926.5,58626.5,0.0,0.34,0.0,133.38,0.8,1.12,0.1,67.11,38.37
1788428472.826,90.24,ndvi_acquire_gee,1,279.5,279.5,0.0,29.8,6817.4,58735.5,0.0,0.34,0.0,133.38,0.8,1.12,0.1,67.11,38.37
1788428473.328,90.74,ndvi_acquire_gee,1,279.5,279.5,0.0,33.9,6905.6,58647.3,0.0,0.34,0.0,134.21,0.8,1.12,0.1,67.11,38.37
1788428473.829,91.24,ndvi_acquire_gee,1,279.5,279.5,0.0,31.1,6812.4,58740.5,0.0,0.34,0.0,134.21,0.8,1.12,0.1,67.11,38.37
1788428474.33,91.74,ndvi_acquire_gee,1,279.5,279.5,0.0,31.1,6857.6,58695.4,0.0,0.34,0.0,134.79,0.8,1.12,0.1,67.11,38.37
1788428474.831,92.24,ndvi_acquire_gee,1,279.5,279.5,2.0,31.1,6741.7,58811.3,0.0,0.34,0.0,135.79,0.8,1.12,0.1,67.11,38.37
1788428475.333,92.74,ndvi_acquire_gee,1,279.5,279.5,0.0,30.2,6816.2,58736.7,0.0,0.34,0.0,135.79,0.81,1.13,0.1,67.11,38.37
1788428475.834,93.24,ndvi_acquire_gee,1,279.5,279.5,0.0,32.9,6910.1,58642.8,0.0,0.34,0.0,135.9,0.81,1.13,0.1,67.11,38.37
1788428476.335,93.74,ndvi_acquire_gee,1,279.5,279.5,2.0,31.1,6985.9,58567.0,0.0,0.34,0.0,137.15,0.81,1.13,0.1,67.11,38.37
1788428476.836,94.25,ndvi_acquire_gee,1,279.5,279.5,0.0,31.4,6783.1,58769.8,0.0,0.34,0.0,137.7,0.81,1.13,0.1,67.11,38.37
1788428477.337,94.75,ndvi_acquire_gee,1,279.5,279.5,0.0,32.3,6948.3,58604.7,0.0,0.34,0.0,137.7,0.82,1.22,0.1,67.11,38.37
1788428477.839,95.25,ndvi_acquire_gee,1,279.5,279.5,0.0,33.3,7019.3,58533.6,0.0,0.34,0.0,137.71,0.82,1.22,0.1,67.11,38.37
1788428478.34,95.75,ndvi_acquire_gee,1,279.5,279.5,0.0,33.3,7098.4,58454.5,0.0,0.34,0.0,138.88,0.82,1.23,0.1,67.11,38.37
1788428478.841,96.25,ndvi_acquire_gee,1,279.5,279.5,0.0,32.7,7159.7,58393.2,0.0,0.34,0.0,139.06,0.82,1.23,0.1,67.11,38.37
1788428479.343,96.75,ndvi_acquire_gee,1,279.5,279.5,0.0,30.0,7017.8,58535.1,0.0,0.34,0.0,139.06,0.82,1.23,0.1,67.11,38.37
1788428479.844,97.25,ndvi_acquire_gee,1,279.5,279.5,0.0,28.5,7022.3,58530.6,0.0,0.34,0.0,139.28,0.82,1.23,0.1,67.11,38.37
1788428480.345,97.75,ndvi_acquire_gee,1,279.5,279.5,0.0,29.5,7029.1,58523.8,0.0,0.34,0.0,139.81,0.82,1.23,0.1,67.11,38.37
1788428480.853,98.26,ndvi_acquire_gee,1,279.5,279.5,0.0,36.0,7076.6,58476.3,0.0,0.34,0.0,139.81,0.83,1.23,0.1,67.11,38.37
1788428481.354,98.76,ndvi_acquire_gee,1,279.5,279.5,2.0,25.4,7089.6,58463.3,0.0,0.34,0.0,140.77,0.83,1.23,0.1,67.11,38.37
1788428481.855,99.26,ndvi_acquire_gee,1,279.5,279.5,0.0,27.1,7090.4,58462.5,0.0,0.34,0.0,141.05,0.84,1.24,0.1,67.11,38.37
1788428482.356,99.77,ndvi_acquire_gee,1,279.5,279.5,0.0,30.5,7089.3,58463.6,0.0,0.34,0.0,141.06,0.84,1.24,0.1,67.11,38.37
1788428482.857,100.27,ndvi_acquire_gee,1,279.5,279.5,0.0,27.5,7082.1,58470.8,0.0,0.34,0.0,141.07,0.84,1.24,0.1,67.11,38.37
1788428483.361,100.77,ndvi_acquire_gee,1,289.6,289.6,107.3,37.2,7083.4,58469.5,0.0,0.34,0.0,142.65,0.87,1.33,0.1,67.11,38.37
1788428484.278,101.69,ndvi_acquire_gee,1,291.4,291.4,2.2,34.4,7083.7,58469.2,0.0,0.34,0.0,142.65,0.9,1.59,0.1,67.11,38.37
1788428484.785,102.19,ndvi_acquire_gee,1,291.4,291.4,15.8,34.3,7077.5,58475.4,0.0,0.34,0.0,143.19,0.9,1.6,0.1,67.11,38.37
1788428485.293,102.7,ndvi_acquire_gee,1,291.4,291.4,2.0,35.3,7077.5,58475.4,0.0,0.34,0.0,144.17,0.9,1.67,0.1,67.11,38.37
1788428485.843,103.25,ndvi_acquire_gee,1,292.2,292.2,60.1,39.2,7057.9,58495.0,0.0,0.34,0.0,144.74,0.92,1.85,0.1,67.11,38.37
1788428486.538,103.95,ndvi_acquire_gee,1,292.2,292.2,0.0,25.8,6736.6,58816.3,0.0,0.34,0.0,144.74,0.92,1.92,0.1,67.11,38.37
1788428487.039,104.45,ndvi_acquire_gee,1,292.2,292.2,0.0,30.2,6828.2,58724.7,0.0,0.34,0.0,144.81,0.92,1.92,0.1,67.11,38.37
1788428487.541,104.95,ndvi_acquire_gee,1,292.2,292.2,0.0,31.8,6636.6,58916.4,0.0,0.34,0.0,145.26,0.92,1.92,0.1,67.11,38.37
1788428488.042,105.45,ndvi_acquire_gee,1,292.2,292.2,2.0,21.0,6731.4,58821.5,0.0,0.34,0.0,145.26,0.93,2.02,0.1,67.11,38.37
1788428488.543,105.95,ndvi_acquire_gee,1,292.1,292.1,2.0,32.6,6889.9,58663.0,0.0,0.34,0.0,145.81,0.93,2.02,0.1,67.11,38.37
1788428489.045,106.45,ndvi_acquire_gee,1,292.1,292.1,0.0,33.8,7079.2,58473.8,0.0,0.34,0.0,145.81,0.93,2.02,0.1,67.11,38.37
1788428489.546,106.96,ndvi_acquire_gee,1,292.1,292.1,0.0,30.4,7068.3,58484.6,0.0,0.34,0.0,146.77,0.93,2.02,0.1,67.11,38.37
1788428490.047,107.46,ndvi_acquire_gee,1,292.1,292.1,2.0,31.1,7244.1,58308.8,0.0,0.34,0.0,155.21,0.94,2.02,0.1,67.11,38.37
1788428490.548,107.96,ndvi_acquire_gee,1,292.1,292.1,0.0,18.3,7068.0,58484.9,0.0,0.35,0.0,155.52,0.94,2.03,0.1,67.11,38.37
1788428491.05,108.46,ndvi_acquire_gee,1,292.1,292.1,0.0,17.2,7159.1,58393.8,0.0,0.35,0.0,155.52,0.94,2.03,0.1,67.11,38.37
1788428491.551,108.96,ndvi_acquire_gee,1,292.1,292.1,0.0,29.4,7233.6,58319.3,0.0,0.35,0.0,155.92,0.95,2.03,0.1,67.11,38.37
1788428492.052,109.46,ndvi_acquire_gee,1,292.1,292.1,0.0,26.0,7020.4,58532.6,0.0,0.35,0.0,155.92,0.95,2.03,0.1,67.11,38.37
1788428492.553,109.96,ndvi_acquire_gee,1,292.1,292.1,0.0,31.5,7177.3,58375.6,0.0,0.35,0.0,156.19,0.95,2.03,0.1,67.11,38.37
1788428493.055,110.46,ndvi_acquire_gee,1,292.1,292.1,0.0,29.4,7008.7,58544.2,0.0,0.35,0.0,156.19,0.96,2.04,0.1,67.11,38.37
1788428493.556,110.97,ndvi_acquire_gee,1,292.1,292.1,0.0,32.6,7125.3,58427.7,0.0,0.35,0.0,156.48,0.96,2.04,0.1,67.11,38.37
1788428494.057,111.47,ndvi_acquire_gee,1,292.1,292.1,0.0,33.8,7091.6,58461.3,0.0,0.35,0.0,156.48,0.96,2.04,0.1,67.11,38.37
1788428494.559,111.97,ndvi_acquire_gee,1,292.1,292.1,2.0,28.8,7132.8,58420.2,0.0,0.35,0.0,156.7,0.96,2.04,0.1,67.11,38.37
1788428495.06,112.47,ndvi_acquire_gee,1,292.1,292.1,0.0,35.1,7204.3,58348.6,0.0,0.35,0.0,166.29,0.96,2.04,0.1,67.11,38.37
1788428495.561,112.97,ndvi_acquire_gee,1,292.1,292.1,2.0,22.0,6982.5,58570.4,0.0,0.35,0.0,166.65,0.96,2.04,0.1,67.11,38.37
1788428496.063,113.47,ndvi_acquire_gee,1,292.1,292.1,0.0,29.2,7092.3,58460.3,0.0,0.35,0.0,166.65,0.96,2.04,0.1,67.11,38.37
1788428496.564,113.97,ndvi_acquire_gee,1,292.1,292.1,0.0,32.6,6992.0,58560.9,0.0,0.35,0.0,167.19,0.96,2.05,0.1,67.11,38.37
1788428497.065,114.47,ndvi_acquire_gee,1,292.1,292.1,0.0,32.0,6890.1,58662.9,0.0,0.35,0.0,167.22,0.97,2.05,0.1,67.11,38.37
1788428497.567,114.98,ndvi_acquire_gee,1,292.1,292.1,2.0,29.6,6953.8,58599.1,0.0,0.35,0.0,167.71,0.97,2.05,0.1,67.11,38.37
1788428498.068,115.48,ndvi_acquire_gee,1,292.1,292.1,0.0,34.4,7065.4,58487.5,0.0,0.35,0.0,167.94,0.97,2.05,0.1,67.11,38.37
1788428498.569,115.98,ndvi_acquire_gee,1,292.1,292.1,0.0,32.6,7110.6,58442.3,0.0,0.35,0.0,170.28,0.98,2.15,0.1,67.11,38.37
1788428499.071,116.48,ndvi_acquire_gee,1,292.1,292.1,0.0,31.6,7226.3,58326.3,0.0,0.35,0.0,170.28,0.98,2.15,0.1,67.11,38.37
1788428499.572,116.98,ndvi_acquire_gee,1,292.1,292.1,0.0,28.4,7296.9,58255.3,0.0,0.35,0.0,170.28,0.98,2.15,0.1,67.11,38.37
1788428500.074,117.48,ndvi_acquire_gee,1,292.1,292.1,0.0,30.8,7283.0,58269.3,0.0,0.35,0.0,170.42,0.98,2.15,0.1,67.11,38.37
1788428500.575,117.98,ndvi_acquire_gee,1,292.1,292.1,2.0,30.2,7148.0,58404.3,0.0,0.35,0.0,171.23,0.98,2.15,0.1,67.11,38.37
1788428501.076,118.49,ndvi_acquire_gee,1,292.1,292.1,0.0,29.4,7103.5,58448.7,0.0,0.35,0.0,171.23,0.98,2.15,0.1,67.11,38.37
1788428501.578,118.99,ndvi_acquire_gee,1,292.1,292.1,0.0,29.5,7196.4,58355.8,0.0,0.35,0.0,171.23,0.99,2.15,0.1,67.11,38.37
1788428502.079,119.49,ndvi_acquire_gee,1,292.1,292.1,0.0,29.9,7086.6,58465.7,0.0,0.35,0.0,171.23,0.99,2.15,0.1,67.11,38.37
1788428502.58,119.99,ndvi_acquire_gee,1,292.1,292.1,0.0,31.5,7176.1,58376.1,0.0,0.35,0.0,171.62,1.0,2.15,0.1,67.11,38.37
1788428503.082,120.49,ndvi_acquire_gee,1,292.1,292.1,0.0,26.8,7157.2,58395.0,0.0,0.35,0.0,171.62,1.0,2.16,0.1,67.11,38.37
1788428503.583,120.99,ndvi_acquire_gee,1,292.1,292.1,0.0,29.5,7046.1,58506.1,0.0,0.35,0.0,172.23,1.0,2.16,0.1,67.11,38.37
1788428504.084,121.49,ndvi_acquire_gee,1,292.1,292.1,0.0,29.0,7145.8,58406.5,0.0,0.35,0.0,172.23,1.0,2.16,0.1,67.11,38.37
1788428504.586,122.0,ndvi_acquire_gee,1,292.1,292.1,2.0,20.5,7014.7,58537.5,0.0,0.35,0.0,173.22,1.0,2.16,0.1,67.11,38.37
1788428505.087,122.5,ndvi_acquire_gee,1,292.1,292.1,0.0,25.4,7024.6,58527.7,0.0,0.35,0.0,173.32,1.0,2.16,0.1,67.11,38.37
1788428505.588,123.0,ndvi_acquire_gee,1,292.1,292.1,0.0,28.8,7089.1,58463.2,0.0,0.35,0.0,173.32,1.0,2.16,0.1,67.11,38.37
1788428506.09,123.5,ndvi_acquire_gee,1,292.1,292.1,0.0,31.7,7125.4,58426.8,0.0,0.35,0.0,173.32,1.0,2.16,0.1,67.11,38.37
1788428506.591,124.0,ndvi_acquire_gee,1,292.1,292.1,0.0,31.6,7037.8,58514.5,0.0,0.35,0.0,173.59,1.0,2.16,0.1,67.11,38.37
1788428507.092,124.5,ndvi_acquire_gee,1,292.1,292.1,0.0,29.7,7208.2,58344.1,0.0,0.35,0.0,173.59,1.0,2.16,0.1,67.11,38.37
1788428507.594,125.0,ndvi_acquire_gee,1,292.1,292.1,0.0,33.6,7258.7,58293.6,0.0,0.35,0.0,173.79,1.01,2.16,0.1,67.11,38.37
1788428508.095,125.51,ndvi_acquire_gee,1,292.1,292.1,0.0,30.5,7100.8,58451.5,0.0,0.35,0.0,173.81,1.01,2.16,0.1,67.11,38.37
1788428508.597,126.01,ndvi_acquire_gee,1,292.1,292.1,2.0,28.6,7073.6,58478.7,0.0,0.35,0.0,174.53,1.01,2.17,0.1,67.11,38.37
1788428509.098,126.51,ndvi_acquire_gee,1,292.1,292.1,0.0,27.5,6959.1,58593.2,0.0,0.35,0.0,174.53,1.02,2.26,0.1,67.11,38.37
1788428509.599,127.01,ndvi_acquire_gee,1,292.1,292.1,0.0,28.5,7171.1,58381.1,0.0,0.35,0.0,175.05,1.02,2.26,0.1,67.11,38.37
1788428510.1,127.51,ndvi_acquire_gee,1,292.1,292.1,0.0,28.2,7064.2,58488.0,0.0,0.35,0.0,175.12,1.02,2.26,0.1,67.11,38.37
1788428510.602,128.01,ndvi_acquire_gee,1,292.1,292.1,0.0,29.4,7014.6,58537.6,0.0,0.35,0.0,175.35,1.02,2.26,0.1,67.11,38.37
1788428511.103,128.51,ndvi_acquire_gee,1,292.1,292.1,0.0,29.8,6981.4,58570.9,0.0,0.35,0.0,175.45,1.02,2.27,0.1,67.11,38.37
1788428511.604,129.01,ndvi_acquire_gee,1,292.1,292.1,0.0,32.9,6969.6,58582.7,0.0,0.35,0.0,175.81,1.02,2.27,0.1,67.11,38.37
1788428512.106,129.52,ndvi_acquire_gee,1,292.1,292.1,0.0,29.1,6932.1,58620.1,0.0,0.35,0.0,175.81,1.02,2.27,0.1,67.11,38.37
1788428512.607,130.02,ndvi_acquire_gee,1,292.1,292.1,2.0,32.6,7058.9,58493.3,0.0,0.35,0.0,177.25,1.04,2.27,0.1,67.11,38.37
1788428513.108,130.52,ndvi_acquire_gee,1,292.1,292.1,0.0,30.0,7241.3,58311.0,0.0,0.35,0.0,177.55,1.04,2.27,0.1,67.11,38.37
1788428513.609,131.02,ndvi_acquire_gee,1,292.1,292.1,0.0,31.6,7353.5,58198.8,0.0,0.35,0.0,177.56,1.04,2.27,0.1,67.11,38.37
1788428514.111,131.52,ndvi_acquire_gee,1,292.1,292.1,0.0,31.6,7358.7,58193.6,0.0,0.35,0.0,177.73,1.04,2.27,0.1,67.11,38.37
1788428514.612,132.02,ndvi_acquire_gee,1,292.1,292.1,0.0,32.0,7438.9,58113.3,0.0,0.35,0.0,178.28,1.04,2.27,0.1,67.11,38.37
1788428515.113,132.52,ndvi_acquire_gee,1,292.1,292.1,0.0,32.4,7259.9,58292.4,0.0,0.35,0.0,189.89,1.04,2.27,0.1,67.11,38.37
1788428515.615,133.02,ndvi_acquire_gee,1,292.1,292.1,0.0,29.4,7283.8,58268.4,0.0,0.36,0.0,190.2,1.04,2.27,0.1,67.11,38.37
1788428516.116,133.53,ndvi_acquire_gee,1,292.1,292.1,0.0,30.5,7138.0,58414.3,0.0,0.36,0.0,190.26,1.04,2.28,0.1,67.11,38.37
1788428516.617,134.03,ndvi_acquire_gee,1,292.1,292.1,0.0,30.6,7320.4,58231.9,0.0,0.36,0.0,191.62,1.04,2.28,0.1,67.11,38.37
1788428517.118,134.53,ndvi_acquire_gee,1,292.1,292.1,2.0,28.9,7359.8,58192.5,0.0,0.36,0.0,191.62,1.04,2.28,0.1,67.11,38.37
1788428517.621,135.03,ndvi_acquire_gee,1,292.1,292.1,0.0,30.4,7202.6,58349.7,0.0,0.36,0.0,191.64,1.05,2.28,0.1,67.11,38.37
1788428518.122,135.53,ndvi_acquire_gee,1,292.1,292.1,0.0,31.7,7079.3,58472.9,0.0,0.36,0.0,191.64,1.05,2.28,0.1,67.11,38.37
1788428518.623,136.03,ndvi_acquire_gee,1,292.1,292.1,0.0,21.8,7146.7,58405.5,0.0,0.36,0.0,192.17,1.05,2.28,0.1,67.11,38.37
1788428519.125,136.53,ndvi_acquire_gee,1,292.1,292.1,2.0,25.3,7155.6,58396.7,0.0,0.36,0.0,192.21,1.05,2.38,0.1,67.11,38.37
1788428519.626,137.04,ndvi_acquire_gee,1,292.1,292.1,0.0,28.5,7230.7,58321.6,0.0,0.36,0.0,192.41,1.06,2.38,0.1,67.11,38.37
1788428520.127,137.54,ndvi_acquire_gee,1,292.1,292.1,0.0,26.3,7259.1,58293.2,0.0,0.36,0.0,201.1,1.06,2.38,0.1,67.11,38.37
1788428520.628,138.04,ndvi_acquire_gee,1,292.1,292.1,0.0,15.9,7216.4,58335.9,0.0,0.36,0.0,201.31,1.06,2.38,0.1,67.11,38.37
1788428521.13,138.54,ndvi_acquire_gee,1,292.1,292.1,0.0,28.0,7339.7,58212.6,0.0,0.36,0.0,201.31,1.06,2.39,0.1,67.11,38.37
1788428521.631,139.04,ndvi_acquire_gee,1,292.1,292.1,2.0,29.9,7293.4,58258.8,0.0,0.36,0.0,201.74,1.06,2.39,0.1,67.11,38.37
1788428522.132,139.54,ndvi_acquire_gee,1,292.1,292.1,0.0,23.4,7314.6,58237.7,0.0,0.36,0.0,201.74,1.06,2.39,0.1,67.11,38.37
1788428522.634,140.04,ndvi_acquire_gee,1,292.1,292.1,0.0,28.8,7126.0,58426.3,0.0,0.36,0.0,202.21,1.06,2.39,0.1,67.11,38.37
1788428523.135,140.54,ndvi_acquire_gee,1,292.1,292.1,0.0,24.9,7064.7,58487.6,0.0,0.36,0.0,202.21,1.08,2.39,0.1,67.11,38.37
1788428523.636,141.05,ndvi_acquire_gee,1,292.1,292.1,0.0,30.7,7052.7,58499.6,0.0,0.36,0.0,202.78,1.08,2.39,0.1,67.11,38.37
1788428524.138,141.55,ndvi_acquire_gee,1,292.1,292.1,2.0,28.7,6891.0,58661.3,0.0,0.36,0.0,202.85,1.08,2.39,0.1,67.11,38.37
1788428524.639,142.05,ndvi_acquire_gee,1,292.1,292.1,0.0,30.1,7012.6,58539.7,0.0,0.36,0.0,203.07,1.08,2.4,0.1,67.11,38.37
1788428525.14,142.55,ndvi_acquire_gee,1,292.1,292.1,0.0,27.1,7008.9,58543.4,0.0,0.36,0.0,203.42,1.08,2.4,0.1,67.11,38.37
1788428525.641,143.05,ndvi_acquire_gee,1,292.1,292.1,2.0,31.3,7116.4,58435.9,0.0,0.36,0.0,203.62,1.08,2.4,0.1,67.11,38.37
1788428526.142,143.55,ndvi_acquire_gee,1,292.1,292.1,0.0,28.6,7193.6,58358.6,0.0,0.36,0.0,203.62,1.08,2.4,0.1,67.11,38.37
1788428526.644,144.05,ndvi_acquire_gee,1,292.1,292.1,0.0,33.0,7062.1,58490.2,0.0,0.36,0.0,204.03,1.08,2.4,0.1,67.11,38.37
1788428527.145,144.55,ndvi_acquire_gee,1,292.1,292.1,0.0,27.9,6982.8,58569.5,0.0,0.36,0.0,204.03,1.09,2.4,0.1,67.11,38.37
1788428527.646,145.06,ndvi_acquire_gee,1,292.1,292.1,0.0,36.3,7188.3,58364.0,0.0,0.36,0.0,204.28,1.09,2.4,0.1,67.11,38.37
1788428528.147,145.56,ndvi_acquire_gee,1,292.1,292.1,2.0,34.5,7229.8,58322.5,0.0,0.36,0.0,204.6,1.09,2.41,0.1,67.11,38.37
1788428528.649,146.06,ndvi_acquire_gee,1,292.1,292.1,0.0,30.7,7265.1,58287.2,0.0,0.36,0.0,205.67,1.09,2.41,0.1,67.11,38.37
1788428529.15,146.56,ndvi_acquire_gee,1,292.1,292.1,0.0,29.1,7189.3,58362.9,0.0,0.36,0.0,207.56,1.1,2.41,0.1,67.11,38.37
1788428529.652,147.06,ndvi_acquire_gee,1,292.1,292.1,0.0,32.6,7217.9,58334.3,0.0,0.36,0.0,207.56,1.1,2.51,0.1,67.11,38.37
1788428530.153,147.56,ndvi_acquire_gee,1,292.1,292.1,0.0,27.9,7252.7,58299.6,0.0,0.36,0.0,207.72,1.1,2.51,0.1,67.11,38.37
1788428530.654,148.06,ndvi_acquire_gee,1,292.1,292.1,0.0,31.4,7388.4,58163.8,0.0,0.36,0.0,208.26,1.1,2.51,0.1,67.11,38.37
1788428531.155,148.57,ndvi_acquire_gee,1,292.1,292.1,0.0,30.6,7297.3,58255.0,0.0,0.36,0.0,208.26,1.11,2.51,0.1,67.11,38.37
1788428531.657,149.07,ndvi_acquire_gee,1,292.1,292.1,0.0,31.5,7252.1,58300.1,0.0,0.36,0.0,208.69,1.11,2.51,0.1,67.11,38.37
1788428532.158,149.57,ndvi_acquire_gee,1,292.1,292.1,2.0,31.2,7385.2,58167.1,0.0,0.36,0.0,208.74,1.11,2.51,0.1,67.11,38.37
1788428532.66,150.07,ndvi_acquire_gee,1,292.1,292.1,0.0,21.8,7275.0,58277.3,0.0,0.36,0.0,210.19,1.11,2.51,0.1,67.11,38.37
1788428533.161,150.57,ndvi_acquire_gee,1,292.1,292.1,0.0,18.8,7191.2,58361.1,0.0,0.36,0.0,210.41,1.11,2.51,0.1,67.11,38.37
1788428533.662,151.07,ndvi_acquire_gee,1,292.1,292.1,0.0,30.6,7325.2,58227.1,0.0,0.36,0.0,210.42,1.12,2.51,0.1,67.11,38.37
1788428534.164,151.57,ndvi_acquire_gee,1,292.1,292.1,0.0,29.0,7256.6,58295.7,0.0,0.36,0.0,210.49,1.12,2.51,0.1,67.11,38.37
1788428534.665,152.08,ndvi_acquire_gee,1,292.1,292.1,0.0,31.2,7328.9,58223.4,0.0,0.36,0.0,211.44,1.12,2.51,0.1,67.11,38.37
1788428535.166,152.58,ndvi_acquire_gee,1,292.1,292.1,0.0,28.3,7121.9,58430.4,0.0,0.36,0.0,211.55,1.12,2.51,0.1,67.11,38.37
1788428535.668,153.08,ndvi_acquire_gee,1,292.1,292.1,0.0,30.6,7280.9,58271.3,0.0,0.36,0.0,211.56,1.12,2.52,0.1,67.11,38.37
1788428536.169,153.58,ndvi_acquire_gee,1,292.1,292.1,2.0,31.8,7406.3,58145.9,0.0,0.36,0.0,211.56,1.12,2.52,0.1,67.11,38.37
1788428536.67,154.08,ndvi_acquire_gee,1,292.1,292.1,0.0,31.5,7343.9,58208.4,0.0,0.36,0.0,211.95,1.12,2.52,0.1,67.11,38.37
1788428537.172,154.58,ndvi_acquire_gee,1,292.1,292.1,0.0,28.3,7408.0,58144.3,0.0,0.36,0.0,211.95,1.12,2.52,0.1,67.11,38.37
1788428537.673,155.08,ndvi_acquire_gee,1,292.1,292.1,0.0,35.6,7476.5,58075.8,0.0,0.36,0.0,213.16,1.12,2.52,0.1,67.11,38.37
1788428538.174,155.58,ndvi_acquire_gee,1,292.1,292.1,0.0,31.2,7314.7,58237.6,0.0,0.36,0.0,213.16,1.12,2.52,0.1,67.11,38.37
1788428538.676,156.09,ndvi_acquire_gee,1,292.1,292.1,0.0,32.9,7469.4,58082.9,0.0,0.36,0.0,213.16,1.13,2.52,0.1,67.11,38.37
1788428539.177,156.59,ndvi_acquire_gee,1,292.1,292.1,0.0,30.0,7338.0,58214.3,0.0,0.36,0.0,213.31,1.13,2.52,0.1,67.11,38.37
1788428539.679,157.09,ndvi_acquire_gee,1,292.1,292.1,2.0,31.6,7286.0,58266.3,0.0,0.36,0.0,214.34,1.13,2.52,0.1,67.11,38.37
1788428540.18,157.59,ndvi_acquire_gee,1,292.1,292.1,0.0,28.5,7347.1,58205.1,0.0,0.36,0.0,216.07,1.14,2.62,0.1,67.11,38.37
1788428540.681,158.09,ndvi_acquire_gee,1,292.1,292.1,0.0,30.9,7303.4,58248.9,0.0,0.36,0.0,216.24,1.14,2.62,0.1,67.11,38.37
1788428541.183,158.59,ndvi_acquire_gee,1,292.1,292.1,0.0,30.5,7268.2,58284.1,0.0,0.36,0.0,216.25,1.14,2.62,0.1,67.11,38.37
1788428541.684,159.09,ndvi_acquire_gee,1,292.1,292.1,0.0,30.9,7168.8,58383.5,0.0,0.36,0.0,216.84,1.14,2.62,0.1,67.11,38.37
1788428542.185,159.6,ndvi_acquire_gee,1,292.1,292.1,0.0,28.0,7035.7,58516.6,0.0,0.36,0.0,217.01,1.14,2.62,0.1,67.11,38.37
1788428542.687,160.1,ndvi_acquire_gee,1,292.1,292.1,0.0,34.3,7048.7,58503.6,0.0,0.36,0.0,217.59,1.14,2.62,0.1,67.11,38.37
1788428543.188,160.6,ndvi_acquire_gee,1,292.1,292.1,0.0,35.7,7140.3,58411.9,0.0,0.36,0.0,217.8,1.15,2.62,0.1,67.11,38.37
1788428543.689,161.1,ndvi_acquire_gee,1,292.1,292.1,2.0,30.2,7255.1,58297.2,0.0,0.36,0.0,218.72,1.15,2.62,0.1,67.11,38.37
1788428544.191,161.6,ndvi_acquire_gee,1,292.1,292.1,0.0,36.1,7171.0,58381.3,0.0,0.36,0.0,218.72,1.15,2.63,0.1,67.11,38.37
1788428544.692,162.1,ndvi_acquire_gee,1,292.1,292.1,0.0,28.7,7140.0,58412.2,0.0,0.36,0.0,218.73,1.16,2.63,0.1,67.11,38.37
1788428545.194,162.6,ndvi_acquire_gee,1,292.1,292.1,0.0,30.3,7209.5,58342.7,0.0,0.36,0.0,228.34,1.16,2.63,0.1,67.11,38.37
1788428545.695,163.11,ndvi_acquire_gee,1,292.1,292.1,0.0,31.6,7021.9,58530.4,0.0,0.37,0.0,229.42,1.16,2.63,0.1,67.11,38.37
1788428546.196,163.61,ndvi_acquire_gee,1,292.1,292.1,0.0,31.3,6890.9,58661.4,0.0,0.37,0.0,229.57,1.16,2.63,0.1,67.11,38.37
1788428546.698,164.11,ndvi_acquire_gee,1,292.1,292.1,0.0,31.1,6763.3,58789.0,0.0,0.37,0.0,230.17,1.16,2.63,0.1,67.11,38.37
1788428547.199,164.61,ndvi_acquire_gee,1,292.1,292.1,2.0,32.5,6927.6,58624.7,0.0,0.37,0.0,230.32,1.16,2.63,0.1,67.11,38.37
1788428547.7,165.11,ndvi_acquire_gee,1,292.2,292.2,0.0,31.3,6988.2,58564.1,0.0,0.37,0.0,230.73,1.16,2.64,0.1,67.11,38.37
1788428548.201,165.61,ndvi_acquire_gee,1,292.2,292.2,0.0,30.4,6841.9,58710.3,0.0,0.37,0.0,230.89,1.16,2.64,0.1,67.11,38.37
1788428548.703,166.11,ndvi_acquire_gee,1,292.2,292.2,0.0,31.5,6810.7,58741.6,0.0,0.37,0.0,232.05,1.16,2.64,0.1,67.11,38.37
1788428549.205,166.61,ndvi_acquire_gee,1,292.2,292.2,2.0,30.2,6982.1,58570.2,0.0,0.37,0.0,232.08,1.16,2.64,0.1,67.11,38.37
1788428549.706,167.12,ndvi_acquire_gee,1,292.2,292.2,0.0,31.0,7032.6,58519.7,0.0,0.37,0.0,232.08,1.17,2.64,0.1,67.11,38.37
1788428550.208,167.62,ndvi_acquire_gee,1,292.2,292.2,0.0,29.5,7064.3,58488.0,0.0,0.37,0.0,318.58,1.18,2.65,0.1,67.11,38.37
1788428550.709,168.12,ndvi_acquire_gee,1,292.2,292.2,2.0,29.0,7084.0,58468.2,0.0,0.37,0.0,415.68,1.18,2.74,0.1,67.11,38.37
1788428551.21,168.62,ndvi_acquire_gee,1,292.2,292.2,0.0,30.9,7135.9,58416.4,0.0,0.37,0.0,415.68,1.18,2.74,0.1,67.11,38.37
1788428551.711,169.12,ndvi_acquire_gee,1,292.2,292.2,12.0,31.4,7144.7,58407.6,0.0,0.37,0.0,416.03,1.19,2.75,0.1,67.11,38.37
1788428552.212,169.62,ndvi_acquire_gee,1,292.2,292.2,0.0,29.7,7163.9,58388.3,0.0,0.37,0.0,416.19,1.19,2.75,0.1,67.11,38.37
1788428552.714,170.12,ndvi_acquire_gee,1,292.2,292.2,0.0,34.2,7155.5,58396.8,0.0,0.37,0.0,417.3,1.19,2.75,0.1,67.11,38.37
1788428553.215,170.62,ndvi_acquire_gee,1,292.2,292.2,0.0,32.7,7158.4,58393.9,0.0,0.37,0.0,417.64,1.19,2.75,0.1,67.11,38.37
1788428553.716,171.13,ndvi_acquire_gee,1,292.2,292.2,2.0,32.8,7143.1,58409.2,0.0,0.37,0.0,417.69,1.2,2.75,0.1,67.11,38.37
1788428554.217,171.63,ndvi_acquire_gee,1,292.2,292.2,0.0,34.2,7143.9,58408.4,0.0,0.37,0.0,417.73,1.2,2.75,0.1,67.11,38.37
1788428554.719,172.13,ndvi_acquire_gee,1,292.2,292.2,0.0,33.0,7129.0,58423.3,0.0,0.37,0.0,418.14,1.2,2.75,0.1,67.11,38.37
1788428555.22,172.63,ndvi_acquire_gee,1,292.2,292.2,0.0,35.4,7130.6,58421.7,0.0,0.37,0.0,418.23,1.2,2.75,0.1,67.11,38.37
1788428555.721,173.13,ndvi_acquire_gee,1,292.2,292.2,0.0,32.2,7116.7,58435.5,0.0,0.37,0.0,418.75,1.21,2.76,0.1,67.11,38.37
1788428556.223,173.63,ndvi_acquire_gee,1,292.2,292.2,0.0,32.7,7116.7,58435.5,0.0,0.37,0.0,418.75,1.21,2.76,0.1,67.11,38.37
1788428556.724,174.13,ndvi_acquire_gee,1,292.2,292.2,0.0,31.1,6745.4,58806.9,0.0,0.37,0.0,419.77,1.21,2.76,0.1,67.11,38.37
1788428557.226,174.64,ndvi_acquire_gee,1,292.2,292.2,0.0,18.9,6789.7,58762.6,0.0,0.37,0.0,419.87,1.21,2.76,0.1,67.11,38.37
1788428557.727,175.14,ndvi_acquire_gee,1,292.2,292.2,0.0,23.0,6704.4,58847.9,0.0,0.37,0.0,419.88,1.21,2.76,0.1,67.11,38.37
1788428558.228,175.64,ndvi_acquire_gee,1,292.2,292.2,0.0,32.2,6870.8,58681.5,0.0,0.37,0.0,420.37,1.21,2.76,0.1,67.11,38.37
1788428558.73,176.14,ndvi_acquire_gee,1,292.2,292.2,0.0,28.8,6871.8,58680.5,0.0,0.37,0.0,420.94,1.21,2.76,0.1,67.11,38.37
1788428559.231,176.64,ndvi_acquire_gee,1,292.2,292.2,0.0,30.0,6970.2,58582.1,0.0,0.37,0.0,420.94,1.21,2.76,0.1,67.11,38.37
1788428559.732,177.14,ndvi_acquire_gee,1,292.2,292.2,2.0,29.7,6727.8,58824.4,0.0,0.37,0.0,421.36,1.21,2.76,0.1,67.11,38.37
1788428560.234,177.64,ndvi_acquire_gee,1,292.2,292.2,2.0,33.3,6898.7,58653.6,0.0,0.37,0.0,421.36,1.22,2.76,0.1,67.11,38.37
1788428560.735,178.14,ndvi_acquire_gee,1,292.2,292.2,0.0,28.9,6707.2,58845.1,0.0,0.37,0.0,436.74,1.22,2.76,0.1,67.11,38.37
1788428561.236,178.65,ndvi_acquire_gee,1,292.2,292.2,0.0,31.9,6934.1,58618.2,0.0,0.37,0.0,436.82,1.23,2.86,0.1,67.11,38.37
1788428561.738,179.15,ndvi_acquire_gee,1,292.2,292.2,0.0,28.5,6907.4,58644.8,0.0,0.37,0.0,436.82,1.23,2.86,0.1,67.11,38.37
1788428562.239,179.65,ndvi_acquire_gee,1,292.2,292.2,0.0,33.9,7022.1,58530.1,0.0,0.37,0.0,437.05,1.23,2.86,0.1,67.11,38.37
1788428562.74,180.15,ndvi_acquire_gee,1,292.2,292.2,0.0,29.4,7056.4,58495.9,0.0,0.37,0.0,437.81,1.23,2.86,0.1,67.11,38.37
1788428563.241,180.65,ndvi_acquire_gee,1,292.2,292.2,0.0,28.6,7070.5,58481.7,0.0,0.37,0.0,437.82,1.23,2.86,0.1,67.11,38.37
1788428563.743,181.15,ndvi_acquire_gee,1,292.2,292.2,0.0,31.6,7146.2,58406.1,0.0,0.37,0.0,437.82,1.23,2.86,0.1,67.11,38.37
1788428564.244,181.65,ndvi_acquire_gee,1,292.2,292.2,0.0,27.5,7060.7,58491.5,0.0,0.37,0.0,437.82,1.23,2.87,0.1,67.11,38.37
1788428564.746,182.16,ndvi_acquire_gee,1,292.2,292.2,0.0,28.1,7074.0,58478.3,0.0,0.37,0.0,438.43,1.23,2.87,0.1,67.11,38.37
1788428565.247,182.66,ndvi_acquire_gee,1,292.2,292.2,0.0,30.3,7109.3,58443.0,0.0,0.37,0.0,438.62,1.24,2.87,0.1,67.11,38.37
1788428565.749,183.16,ndvi_acquire_gee,1,292.2,292.2,0.0,31.8,7037.9,58514.3,0.0,0.37,0.0,439.16,1.24,2.87,0.1,67.11,38.37
1788428566.25,183.66,ndvi_acquire_gee,1,292.2,292.2,0.0,29.6,6982.8,58569.5,0.0,0.37,0.0,439.32,1.24,2.87,0.1,67.11,38.37
1788428566.751,184.16,ndvi_acquire_gee,1,292.2,292.2,2.0,29.9,7018.0,58534.3,0.0,0.37,0.0,439.56,1.24,2.87,0.1,67.11,38.37
1788428567.253,184.66,ndvi_acquire_gee,1,292.2,292.2,0.0,29.4,7054.9,58497.4,0.0,0.38,0.0,439.78,1.24,2.87,0.1,67.11,38.37
1788428567.754,185.16,ndvi_acquire_gee,1,292.2,292.2,0.0,31.5,7198.9,58353.4,0.0,0.38,0.0,439.93,1.25,2.87,0.1,67.11,38.37
1788428568.256,185.67,ndvi_acquire_gee,1,292.2,292.2,0.0,29.8,7048.1,58504.2,0.0,0.38,0.0,440.27,1.25,2.87,0.1,67.11,38.37
1788428568.757,186.17,ndvi_acquire_gee,1,292.2,292.2,0.0,32.6,7165.4,58386.8,0.0,0.38,0.0,440.52,1.25,2.87,0.1,67.11,38.37
1788428569.258,186.67,ndvi_acquire_gee,1,292.2,292.2,0.0,29.3,7151.1,58401.2,0.0,0.38,0.0,440.52,1.25,2.88,0.1,67.11,38.37
1788428569.76,187.17,ndvi_acquire_gee,1,292.2,292.2,0.0,33.5,7196.6,58355.7,0.0,0.38,0.0,441.71,1.25,2.88,0.1,67.11,38.37
1788428570.261,187.67,ndvi_acquire_gee,1,292.2,292.2,0.0,27.5,7158.0,58394.3,0.0,0.38,0.0,441.71,1.25,2.88,0.1,67.11,38.37
1788428570.763,188.17,ndvi_acquire_gee,1,292.2,292.2,2.0,31.4,7114.0,58438.3,0.0,0.38,0.0,441.99,1.26,2.88,0.1,67.11,38.37
1788428571.264,188.67,ndvi_acquire_gee,1,292.2,292.2,2.0,28.5,7205.5,58346.8,0.0,0.38,0.0,442.29,1.26,2.88,0.1,67.11,38.37
1788428571.765,189.18,ndvi_acquire_gee,1,292.2,292.2,0.0,30.6,7261.3,58290.9,0.0,0.38,0.0,443.29,1.26,2.97,0.1,67.11,38.37
1788428572.267,189.68,ndvi_acquire_gee,1,292.2,292.2,0.0,28.6,7183.5,58368.7,0.0,0.38,0.0,443.3,1.26,2.98,0.1,67.11,38.37
1788428572.768,190.18,ndvi_acquire_gee,1,292.2,292.2,0.0,30.9,7262.3,58290.0,0.0,0.38,0.0,443.43,1.26,2.98,0.1,67.11,38.37
1788428573.269,190.68,ndvi_acquire_gee,1,292.2,292.2,0.0,30.3,7145.2,58407.1,0.0,0.38,0.0,444.02,1.26,2.98,0.1,67.11,38.37
1788428573.771,191.18,ndvi_acquire_gee,1,292.2,292.2,0.0,27.1,7170.7,58381.6,0.0,0.38,0.0,444.18,1.27,2.98,0.1,67.11,38.37
1788428574.272,191.68,ndvi_acquire_gee,1,292.2,292.2,0.0,29.4,7204.6,58347.7,0.0,0.38,0.0,444.49,1.27,2.98,0.1,67.11,38.37
1788428574.773,192.18,ndvi_acquire_gee,1,292.2,292.2,0.0,29.8,7292.1,58260.1,0.0,0.38,0.0,444.72,1.27,2.98,0.1,67.11,38.37
1788428575.275,192.68,ndvi_acquire_gee,1,292.2,292.2,2.0,31.5,7355.2,58197.1,0.0,0.38,0.0,444.96,1.27,2.99,0.1,67.11,38.37
1788428575.776,193.19,ndvi_acquire_gee,1,292.2,292.2,0.0,32.2,7411.1,58141.1,0.0,0.38,0.0,445.76,1.28,2.99,0.1,67.11,38.37
1788428576.277,193.69,ndvi_acquire_gee,1,292.2,292.2,0.0,22.0,7314.1,58238.1,0.0,0.38,0.0,447.89,1.28,2.99,0.1,67.11,38.37
1788428576.778,194.19,ndvi_acquire_gee,1,292.2,292.2,2.0,19.8,7288.1,58264.2,0.0,0.38,0.0,448.68,1.28,2.99,0.1,67.11,38.37
1788428577.279,194.69,ndvi_acquire_gee,1,292.2,292.2,0.0,24.6,7356.6,58195.7,0.0,0.38,0.0,448.74,1.28,2.99,0.1,67.11,38.37
1788428577.781,195.19,ndvi_acquire_gee,1,292.2,292.2,0.0,33.7,7391.0,58161.3,0.0,0.38,0.0,448.82,1.29,2.99,0.1,67.11,38.37
1788428578.282,195.69,ndvi_acquire_gee,1,292.2,292.2,0.0,30.9,7335.3,58216.9,0.0,0.38,0.0,449.3,1.29,3.0,0.1,67.11,38.37
1788428578.784,196.19,ndvi_acquire_gee,1,292.2,292.2,2.0,29.8,7294.5,58257.8,0.0,0.38,0.0,449.37,1.29,3.0,0.1,67.11,38.37
1788428579.285,196.69,ndvi_acquire_gee,1,292.2,292.2,0.0,29.9,7168.8,58383.5,0.0,0.38,0.0,449.61,1.29,3.0,0.1,67.11,38.37
1788428579.786,197.2,ndvi_acquire_gee,1,292.2,292.2,0.0,29.8,7183.2,58369.0,0.0,0.38,0.0,449.85,1.29,3.0,0.1,67.11,38.37
1788428580.287,197.7,ndvi_acquire_gee,1,292.2,292.2,0.0,30.6,7184.0,58368.3,0.0,0.38,0.0,450.14,1.29,3.0,0.1,67.11,38.37
1788428580.789,198.2,ndvi_acquire_gee,1,292.2,292.2,0.0,28.5,7267.6,58284.6,0.0,0.38,0.0,450.94,1.29,3.0,0.1,67.11,38.37
1788428581.29,198.7,ndvi_acquire_gee,1,292.2,292.2,0.0,30.9,7358.0,58194.3,0.0,0.38,0.0,450.94,1.3,3.0,0.1,67.11,38.37
1788428581.791,199.2,ndvi_acquire_gee,1,292.2,292.2,0.0,30.8,7216.1,58336.2,0.0,0.38,0.0,451.1,1.3,3.0,0.1,67.11,38.37
1788428582.293,199.7,ndvi_acquire_gee,1,292.2,292.2,0.0,33.5,7305.8,58246.4,0.0,0.38,0.0,451.64,1.31,3.1,0.1,67.11,38.37
1788428582.794,200.2,ndvi_acquire_gee,1,292.2,292.2,2.0,33.8,7353.3,58199.0,0.0,0.38,0.0,452.33,1.31,3.1,0.1,67.11,38.37
1788428583.295,200.7,ndvi_acquire_gee,1,292.2,292.2,0.0,31.5,7177.3,58375.0,0.0,0.38,0.0,452.33,1.31,3.1,0.1,67.11,38.37
1788428583.796,201.21,ndvi_acquire_gee,1,292.2,292.2,0.0,31.0,7310.7,58241.6,0.0,0.39,0.0,452.33,1.31,3.1,0.1,67.11,38.37
1788428584.298,201.71,ndvi_acquire_gee,1,292.2,292.2,0.0,29.5,7413.3,58139.0,0.0,0.39,0.0,452.71,1.31,3.1,0.1,67.11,38.37
1788428584.799,202.21,ndvi_acquire_gee,1,292.2,292.2,0.0,32.4,7473.0,58079.2,0.0,0.39,0.0,453.87,1.31,3.1,0.1,67.11,38.37
1788428585.3,202.71,ndvi_acquire_gee,1,292.2,292.2,0.0,30.1,7328.5,58223.7,0.0,0.39,0.0,453.88,1.31,3.1,0.1,67.11,38.37
1788428585.801,203.21,ndvi_acquire_gee,1,292.2,292.2,0.0,31.9,7324.9,58227.4,0.0,0.39,0.0,456.07,1.31,3.1,0.1,67.11,38.37
1788428586.302,203.71,ndvi_acquire_gee,1,292.2,292.2,0.0,31.1,7267.8,58284.5,0.0,0.39,0.0,456.44,1.32,3.11,0.1,67.11,38.37
1788428586.804,204.21,ndvi_acquire_gee,1,292.2,292.2,0.0,34.4,7166.5,58385.8,0.0,0.39,0.0,456.59,1.32,3.11,0.1,67.11,38.37
1788428587.305,204.71,ndvi_acquire_gee,1,292.2,292.2,2.0,27.3,7017.5,58534.8,0.0,0.39,0.0,457.04,1.32,3.11,0.1,67.11,38.37
1788428587.806,205.22,ndvi_acquire_gee,1,292.2,292.2,0.0,30.9,6939.6,58612.7,0.0,0.39,0.0,457.19,1.32,3.11,0.1,67.11,38.37
1788428588.308,205.72,ndvi_acquire_gee,1,292.2,292.2,0.0,32.3,7115.9,58436.4,0.0,0.39,0.0,457.89,1.32,3.11,0.1,67.11,38.37
1788428588.809,206.22,ndvi_acquire_gee,1,292.2,292.2,0.0,31.8,7079.8,58472.5,0.0,0.39,0.0,458.09,1.33,3.11,0.1,67.11,38.37
1788428589.311,206.72,ndvi_acquire_gee,1,292.2,292.2,0.0,27.3,7073.4,58478.8,0.0,0.39,0.0,458.37,1.33,3.11,0.1,67.11,38.37
1788428589.812,207.22,ndvi_acquire_gee,1,292.2,292.2,0.0,33.2,7195.0,58357.2,0.0,0.39,0.0,458.37,1.33,3.11,0.1,67.11,38.37
1788428590.313,207.72,ndvi_acquire_gee,1,292.2,292.2,0.0,26.5,7150.6,58401.7,0.0,0.39,0.0,458.87,1.33,3.11,0.1,67.11,38.37
1788428590.814,208.22,ndvi_acquire_gee,1,292.2,292.2,0.0,29.7,7204.8,58347.5,0.0,0.39,0.0,459.38,1.33,3.11,0.1,67.11,38.37
1788428591.315,208.73,ndvi_acquire_gee,1,292.2,292.2,2.0,31.3,7145.8,58406.5,0.0,0.39,0.0,459.76,1.33,3.12,0.1,67.11,38.37
1788428591.817,209.23,ndvi_acquire_gee,1,292.2,292.2,0.0,27.0,7194.2,58358.1,0.0,0.39,0.0,459.87,1.33,3.12,0.1,67.11,38.37
1788428592.318,209.73,ndvi_acquire_gee,1,292.2,292.2,0.0,31.2,6977.0,58575.3,0.0,0.39,0.0,460.19,1.34,3.12,0.1,67.11,38.37
1788428592.82,210.23,ndvi_acquire_gee,1,292.2,292.2,0.0,22.5,6890.4,58661.9,0.0,0.39,0.0,461.23,1.34,3.22,0.1,67.11,38.37
1788428593.321,210.73,ndvi_acquire_gee,1,292.2,292.2,0.0,19.1,6991.8,58560.4,0.0,0.39,0.0,461.31,1.34,3.22,0.1,67.11,38.37
1788428593.822,211.23,ndvi_acquire_gee,1,292.2,292.2,0.0,21.1,7007.4,58544.9,0.0,0.39,0.0,461.35,1.35,3.22,0.1,67.11,38.37
1788428594.323,211.73,ndvi_acquire_gee,1,292.2,292.2,0.0,32.0,7068.2,58484.1,0.0,0.39,0.0,461.73,1.35,3.22,0.1,67.11,38.37
1788428594.824,212.23,ndvi_acquire_gee,1,292.2,292.2,0.0,32.1,7226.7,58325.6,0.0,0.39,0.0,462.63,1.35,3.22,0.1,67.11,38.37
1788428595.326,212.74,ndvi_acquire_gee,1,292.2,292.2,0.0,28.4,7255.1,58297.2,0.0,0.39,0.0,462.63,1.35,3.22,0.1,67.11,38.37
1788428595.827,213.24,ndvi_acquire_gee,1,292.2,292.2,0.0,30.0,7321.2,58231.1,0.0,0.39,0.0,462.9,1.35,3.22,0.1,67.11,38.37
1788428596.329,213.74,ndvi_acquire_gee,1,292.2,292.2,0.0,29.2,7393.1,58159.2,0.0,0.39,0.0,463.22,1.35,3.22,0.1,67.11,38.37
1788428596.83,214.24,ndvi_acquire_gee,1,292.2,292.2,0.0,31.0,7363.5,58188.8,0.0,0.4,0.0,464.08,1.35,3.22,0.1,67.11,38.37
1788428597.331,214.74,ndvi_acquire_gee,1,292.2,292.2,2.0,30.2,7367.6,58184.7,0.0,0.4,0.0,464.08,1.36,3.22,0.1,67.11,38.37
1788428597.833,215.24,ndvi_acquire_gee,1,292.2,292.2,0.0,31.8,7358.7,58193.6,0.0,0.4,0.0,464.08,1.36,3.22,0.1,67.11,38.37
1788428598.334,215.74,ndvi_acquire_gee,1,292.2,292.2,0.0,32.4,7414.3,58138.0,0.0,0.4,0.0,464.45,1.36,3.23,0.1,67.11,38.37
1788428598.836,216.25,ndvi_acquire_gee,1,292.2,292.2,0.0,33.2,7340.5,58211.7,0.0,0.4,0.0,464.73,1.36,3.23,0.1,67.11,38.37
1788428599.337,216.75,ndvi_acquire_gee,1,292.2,292.2,0.0,30.6,7433.6,58118.7,0.0,0.4,0.0,465.06,1.36,3.23,0.1,67.11,38.37
1788428599.838,217.25,ndvi_acquire_gee,1,292.2,292.2,2.0,34.2,7418.1,58134.2,0.0,0.4,0.0,465.3,1.36,3.23,0.1,67.11,38.37
1788428600.339,217.75,ndvi_acquire_gee,1,292.2,292.2,2.0,32.7,7327.0,58225.2,0.0,0.4,0.0,466.12,1.37,3.23,0.1,67.11,38.37
1788428600.84,218.25,ndvi_acquire_gee,1,292.2,292.2,0.0,30.5,7183.5,58368.8,0.0,0.4,0.0,466.21,1.37,3.23,0.1,67.11,38.37
1788428601.342,218.75,ndvi_acquire_gee,1,292.2,292.2,0.0,30.8,7281.0,58271.2,0.0,0.4,0.0,466.66,1.37,3.23,0.1,67.11,38.37
1788428601.843,219.25,ndvi_acquire_gee,1,292.2,292.2,0.0,30.7,7197.7,58354.6,0.0,0.4,0.0,466.68,1.37,3.24,0.1,67.11,38.37
1788428602.344,219.75,ndvi_acquire_gee,1,292.2,292.2,2.0,30.5,7287.2,58265.1,0.0,0.41,0.0,467.17,1.37,3.24,0.1,67.11,38.37
1788428602.845,220.25,ndvi_acquire_gee,1,292.2,292.2,0.0,31.4,7182.3,58369.9,0.0,0.41,0.0,467.27,1.38,3.24,0.1,67.11,38.37
1788428603.347,220.76,ndvi_acquire_gee,1,292.2,292.2,0.0,30.5,7198.8,58353.5,0.0,0.41,0.0,467.97,1.39,3.34,0.1,67.11,38.37
1788428603.848,221.26,ndvi_acquire_gee,1,292.2,292.2,0.0,29.6,7158.0,58394.3,0.0,0.41,0.0,468.64,1.39,3.34,0.1,67.11,38.37
1788428604.349,221.76,ndvi_acquire_gee,1,292.2,292.2,0.0,30.4,7165.1,58387.2,0.0,0.41,0.0,468.64,1.39,3.34,0.1,67.11,38.37
1788428604.851,222.26,ndvi_acquire_gee,1,292.2,292.2,0.0,30.2,7006.0,58546.2,0.0,0.41,0.0,468.65,1.39,3.34,0.1,67.11,38.37
1788428605.352,222.76,ndvi_acquire_gee,1,292.2,292.2,0.0,28.8,6943.9,58608.3,0.0,0.41,0.0,469.22,1.39,3.34,0.1,67.11,38.37
1788428605.853,223.26,ndvi_acquire_gee,1,292.2,292.2,0.0,32.6,6889.6,58662.7,0.0,0.41,0.0,471.34,1.39,3.34,0.1,67.11,38.37
1788428606.355,223.76,ndvi_acquire_gee,1,292.2,292.2,0.0,32.6,6993.6,58558.6,0.0,0.41,0.0,471.92,1.39,3.34,0.1,67.11,38.37
1788428606.856,224.27,ndvi_acquire_gee,1,292.2,292.2,2.0,29.7,6865.5,58686.8,0.0,0.41,0.0,471.95,1.39,3.34,0.1,67.11,38.37
1788428607.357,224.77,ndvi_acquire_gee,1,292.2,292.2,0.0,31.1,7013.9,58538.3,0.0,0.41,0.0,472.45,1.39,3.34,0.1,67.11,38.37
1788428607.859,225.27,ndvi_acquire_gee,1,292.2,292.2,0.0,33.6,6726.2,58826.0,0.0,0.41,0.0,472.51,1.4,3.35,0.1,67.11,38.37
1788428608.36,225.77,ndvi_acquire_gee,1,292.2,292.2,0.0,31.4,6928.7,58623.5,0.0,0.41,0.0,473.2,1.4,3.35,0.1,67.11,38.37
1788428608.861,226.27,ndvi_acquire_gee,1,292.2,292.2,0.0,32.3,6811.6,58740.7,0.0,0.41,0.0,473.88,1.4,3.35,0.1,67.11,38.37
1788428609.362,226.77,ndvi_acquire_gee,1,292.2,292.2,0.0,29.7,6895.3,58656.9,0.0,0.41,0.0,473.88,1.4,3.35,0.1,67.11,38.37
1788428609.864,227.27,ndvi_acquire_gee,1,292.2,292.2,0.0,32.1,7035.6,58516.7,0.0,0.41,0.0,473.9,1.41,3.35,0.1,67.11,38.37
1788428610.365,227.77,ndvi_acquire_gee,1,292.2,292.2,0.0,28.5,6901.0,58651.3,0.0,0.41,0.0,474.34,1.41,3.35,0.1,67.11,38.37
1788428610.866,228.28,ndvi_acquire_gee,1,292.2,292.2,0.0,30.1,7102.6,58449.7,0.0,0.41,0.0,474.54,1.41,3.35,0.1,67.11,38.37
1788428611.367,228.78,ndvi_acquire_gee,1,292.2,292.2,0.0,29.9,7021.3,58531.0,0.0,0.41,0.0,475.02,1.41,3.35,0.1,67.11,38.37
1788428611.869,229.28,ndvi_acquire_gee,1,292.2,292.2,0.0,32.7,7135.7,58416.6,0.0,0.41,0.0,475.02,1.41,3.35,0.1,67.11,38.37
1788428612.37,229.78,ndvi_acquire_gee,1,292.2,292.2,0.0,30.6,7130.1,58422.2,0.0,0.41,0.0,475.49,1.41,3.35,0.1,67.11,38.37
1788428612.871,230.28,ndvi_acquire_gee,1,292.2,292.2,2.0,32.1,7225.6,58326.6,0.0,0.41,0.0,475.51,1.41,3.35,0.1,67.11,38.37
1788428613.373,230.78,ndvi_acquire_gee,1,292.2,292.2,0.0,30.1,7194.7,58357.5,0.0,0.41,0.0,475.9,1.42,3.36,0.1,67.11,38.37
1788428613.874,231.28,ndvi_acquire_gee,1,292.2,292.2,0.0,33.2,7298.4,58253.9,0.0,0.41,0.0,476.11,1.43,3.45,0.1,67.11,38.37
1788428614.375,231.79,ndvi_acquire_gee,1,292.2,292.2,2.0,29.8,7161.2,58391.1,0.0,0.41,0.0,476.51,1.43,3.45,0.1,67.11,38.37
1788428614.877,232.29,ndvi_acquire_gee,1,292.2,292.2,0.0,30.4,7315.7,58236.6,0.0,0.41,0.0,476.61,1.43,3.45,0.1,67.11,38.37
1788428615.378,232.79,ndvi_acquire_gee,1,292.2,292.2,0.0,28.6,7362.2,58190.1,0.0,0.41,0.0,476.85,1.43,3.46,0.1,67.11,38.37
1788428615.879,233.29,ndvi_acquire_gee,1,292.2,292.2,0.0,32.5,7410.4,58141.9,0.0,0.41,0.0,477.34,1.43,3.46,0.1,67.11,38.37
1788428616.38,233.79,ndvi_acquire_gee,1,292.2,292.2,0.0,30.5,7363.8,58188.5,0.0,0.41,0.0,477.83,1.43,3.46,0.1,67.11,38.37
1788428616.882,234.29,ndvi_acquire_gee,1,292.2,292.2,0.0,30.6,7417.5,58134.7,0.0,0.41,0.0,478.29,1.44,3.46,0.1,67.11,38.37
1788428617.383,234.79,ndvi_acquire_gee,1,292.2,292.2,0.0,31.7,7418.0,58134.3,0.0,0.42,0.0,478.29,1.44,3.46,0.1,67.11,38.37
1788428617.884,235.29,ndvi_acquire_gee,1,292.2,292.2,0.0,30.1,7196.9,58355.0,0.0,0.42,0.0,478.43,1.44,3.46,0.1,67.11,38.37
1788428618.385,235.8,ndvi_acquire_gee,1,292.2,292.2,0.0,34.1,7199.0,58353.3,0.0,0.42,0.0,479.27,1.44,3.46,0.1,67.11,38.37
1788428618.887,236.3,ndvi_acquire_gee,1,292.2,292.2,0.0,29.6,7224.4,58327.8,0.0,0.42,0.0,479.39,1.44,3.46,0.1,67.11,38.37
1788428619.388,236.8,ndvi_acquire_gee,1,292.2,292.2,0.0,25.2,7151.4,58400.9,0.0,0.42,0.0,480.87,1.44,3.46,0.1,67.11,38.37
1788428619.889,237.3,ndvi_acquire_gee,1,292.2,292.2,0.0,31.1,7140.8,58411.5,0.0,0.42,0.0,480.97,1.45,3.46,0.1,67.11,38.37
1788428620.391,237.8,ndvi_acquire_gee,1,292.2,292.2,2.0,31.2,7148.7,58403.6,0.0,0.42,0.0,481.19,1.45,3.46,0.1,67.11,38.37
1788428620.892,238.3,ndvi_acquire_gee,1,292.2,292.2,0.0,29.1,6979.7,58572.5,0.0,0.42,0.0,481.25,1.45,3.47,0.1,67.11,38.37
1788428621.393,238.8,ndvi_acquire_gee,1,292.2,292.2,0.0,29.7,6964.2,58588.1,0.0,0.42,0.0,481.39,1.45,3.47,0.1,67.11,38.37
1788428621.895,239.3,ndvi_acquire_gee,1,292.2,292.2,0.0,29.4,7004.4,58547.9,0.0,0.42,0.0,481.39,1.45,3.47,0.1,67.11,38.37
1788428622.396,239.81,ndvi_acquire_gee,1,292.2,292.2,2.0,32.5,7121.0,58431.2,0.0,0.42,0.0,481.53,1.45,3.47,0.1,67.11,38.37
1788428622.897,240.31,ndvi_acquire_gee,1,292.2,292.2,0.0,28.6,7104.1,58448.1,0.0,0.42,0.0,481.55,1.45,3.47,0.1,67.11,38.37
1788428623.399,240.81,ndvi_acquire_gee,1,292.2,292.2,0.0,32.2,7111.5,58440.8,0.0,0.42,0.0,482.0,1.45,3.47,0.1,67.11,38.37
1788428623.9,241.31,ndvi_acquire_gee,1,292.2,292.2,0.0,34.1,7093.4,58458.8,0.0,0.42,0.0,482.01,1.46,3.48,0.1,67.11,38.37
1788428624.401,241.81,ndvi_acquire_gee,1,292.2,292.2,2.0,32.6,7077.0,58475.2,0.0,0.43,0.0,482.46,1.47,3.57,0.1,67.11,38.37
1788428624.902,242.31,ndvi_acquire_gee,1,292.3,292.3,0.0,31.8,7058.6,58493.7,0.0,0.43,0.0,482.46,1.47,3.57,0.1,67.11,38.37
1788428625.404,242.81,ndvi_acquire_gee,1,292.3,292.3,0.0,34.2,7058.6,58493.7,0.0,0.43,0.0,482.63,1.47,3.58,0.1,67.11,38.37
1788428625.905,243.31,ndvi_acquire_gee,1,292.3,292.3,0.0,36.0,7053.1,58499.1,0.0,0.43,0.0,482.63,1.48,3.58,0.1,67.11,38.37
1788428626.406,243.82,ndvi_acquire_gee,1,292.3,292.3,0.0,32.0,7085.5,58466.8,0.0,0.43,0.0,482.83,1.48,3.58,0.1,67.11,38.37
1788428626.907,244.32,ndvi_acquire_gee,1,292.3,292.3,0.0,29.0,7073.6,58478.7,0.0,0.43,0.0,482.83,1.48,3.58,0.1,67.11,38.37
1788428627.408,244.82,ndvi_acquire_gee,1,292.3,292.3,0.0,28.5,7095.0,58457.3,0.0,0.43,0.0,483.15,1.48,3.58,0.1,67.11,38.37
1788428627.91,245.32,ndvi_acquire_gee,1,292.3,292.3,0.0,34.3,7090.0,58462.3,0.0,0.43,0.0,483.26,1.48,3.58,0.1,67.11,38.37
1788428628.411,245.82,ndvi_acquire_gee,1,292.3,292.3,0.0,33.3,7031.7,58520.6,0.0,0.43,0.0,483.81,1.48,3.58,0.1,67.11,38.37
1788428628.912,246.32,ndvi_acquire_gee,1,292.3,292.3,2.0,23.0,6813.4,58738.9,0.0,0.43,0.0,483.82,1.48,3.58,0.1,67.11,38.37
1788428629.413,246.82,ndvi_acquire_gee,1,292.3,292.3,0.0,32.9,6942.9,58609.4,0.0,0.43,0.0,484.09,1.49,3.58,0.1,67.11,38.37
1788428629.914,247.32,ndvi_acquire_gee,1,292.3,292.3,0.0,30.4,6767.2,58785.1,0.0,0.43,0.0,484.09,1.49,3.58,0.1,67.11,38.37
1788428630.416,247.83,ndvi_acquire_gee,1,292.3,292.3,0.0,28.2,6759.6,58792.7,0.0,0.43,0.0,484.61,1.49,3.59,0.1,67.11,38.37
1788428630.917,248.33,ndvi_acquire_gee,1,292.3,292.3,0.0,29.2,6767.4,58784.9,0.0,0.43,0.0,490.75,1.49,3.59,0.1,67.11,38.37
1788428631.418,248.83,ndvi_acquire_gee,1,292.3,292.3,2.0,31.9,6924.3,58628.0,0.0,0.43,0.0,491.27,1.49,3.59,0.1,67.11,38.37
1788428631.919,249.33,ndvi_acquire_gee,1,292.3,292.3,0.0,26.9,6813.9,58738.3,0.0,0.43,0.0,491.36,1.49,3.59,0.1,67.11,38.37
1788428632.421,249.83,ndvi_acquire_gee,1,292.3,292.3,0.0,33.1,6917.8,58634.5,0.0,0.43,0.0,492.36,1.49,3.59,0.1,67.11,38.37
1788428632.922,250.33,ndvi_acquire_gee,1,292.3,292.3,0.0,27.7,6921.7,58630.5,0.0,0.43,0.0,492.4,1.49,3.59,0.1,67.11,38.37
1788428633.423,250.83,ndvi_acquire_gee,1,292.3,292.3,0.0,32.6,6966.6,58585.7,0.0,0.43,0.0,492.4,1.49,3.59,0.1,67.11,38.37
1788428633.924,251.33,ndvi_acquire_gee,1,292.3,292.3,0.0,28.8,7063.3,58489.0,0.0,0.43,0.0,492.41,1.49,3.59,0.1,67.11,38.37
1788428634.426,251.84,ndvi_acquire_gee,1,292.3,292.3,0.0,31.2,6882.5,58669.8,0.0,0.43,0.0,492.84,1.5,3.59,0.1,67.11,38.37
1788428634.927,252.34,ndvi_acquire_gee,1,292.3,292.3,0.0,31.2,7085.6,58466.6,0.0,0.43,0.0,492.85,1.51,3.69,0.1,67.11,38.37
1788428635.428,252.84,ndvi_acquire_gee,1,292.3,292.3,0.0,32.6,7118.6,58433.7,0.0,0.44,0.0,493.05,1.51,3.69,0.1,67.11,38.37
1788428635.929,253.34,ndvi_acquire_gee,1,292.3,292.3,0.0,22.0,7062.8,58489.4,0.0,0.44,0.0,493.26,1.51,3.69,0.1,67.11,38.37
1788428636.431,253.84,ndvi_acquire_gee,1,292.3,292.3,0.0,15.3,7134.9,58417.4,0.0,0.44,0.0,494.06,1.51,3.69,0.1,67.11,38.37
1788428636.932,254.34,ndvi_acquire_gee,1,292.3,292.3,2.0,29.1,7030.2,58522.1,0.0,0.44,0.0,494.5,1.51,3.69,0.1,67.11,38.37
1788428637.433,254.84,ndvi_acquire_gee,1,292.3,292.3,0.0,29.0,7002.9,58549.3,0.0,0.44,0.0,494.6,1.51,3.69,0.1,67.11,38.37
1788428637.935,255.34,ndvi_acquire_gee,1,292.3,292.3,0.0,32.9,7160.5,58391.8,0.0,0.44,0.0,494.6,1.51,3.69,0.1,67.11,38.37
1788428638.436,255.85,ndvi_acquire_gee,1,292.3,292.3,0.0,30.0,6904.5,58647.8,0.0,0.44,0.0,495.17,1.51,3.7,0.1,67.11,38.37
1788428638.937,256.35,ndvi_acquire_gee,1,292.3,292.3,0.0,26.6,6929.2,58623.0,0.0,0.44,0.0,495.17,1.52,3.7,0.1,67.11,38.37
1788428639.438,256.85,ndvi_acquire_gee,1,292.3,292.3,0.0,28.3,7019.5,58532.8,0.0,0.44,0.0,495.43,1.52,3.7,0.1,67.11,38.37
1788428639.939,257.35,ndvi_acquire_gee,1,292.3,292.3,0.0,30.4,6986.7,58565.6,0.0,0.44,0.0,495.62,1.52,3.7,0.1,67.11,38.37
1788428640.441,257.85,ndvi_acquire_gee,1,292.3,292.3,0.0,30.2,7056.5,58495.8,0.0,0.44,0.0,496.62,1.52,3.7,0.1,67.11,38.37
1788428640.942,258.35,ndvi_acquire_gee,1,292.3,292.3,0.0,27.2,6826.3,58726.0,0.0,0.44,0.0,496.74,1.52,3.7,0.1,67.11,38.37
1788428641.443,258.85,ndvi_acquire_gee,1,292.3,292.3,2.0,31.7,6952.3,58600.0,0.0,0.44,0.0,497.28,1.52,3.7,0.1,67.11,38.37
1788428641.944,259.35,ndvi_acquire_gee,1,292.3,292.3,0.0,29.1,7082.3,58469.9,0.0,0.44,0.0,497.28,1.53,3.7,0.1,67.11,38.37
1788428642.446,259.86,ndvi_acquire_gee,1,292.3,292.3,0.0,31.7,7232.8,58319.5,0.0,0.44,0.0,497.77,1.53,3.7,0.1,67.11,38.37
1788428642.947,260.36,ndvi_acquire_gee,1,292.3,292.3,0.0,28.0,7092.9,58459.4,0.0,0.44,0.0,497.8,1.53,3.7,0.1,67.11,38.37
1788428643.448,260.86,ndvi_acquire_gee,1,292.3,292.3,2.0,33.9,7028.9,58523.4,0.0,0.44,0.0,498.36,1.53,3.7,0.1,67.11,38.37
1788428643.95,261.36,ndvi_acquire_gee,1,292.3,292.3,0.0,29.6,7065.1,58487.2,0.0,0.44,0.0,498.36,1.53,3.71,0.1,67.11,38.37
1788428644.451,261.86,ndvi_acquire_gee,1,292.3,292.3,0.0,25.8,7024.3,58528.0,0.0,0.44,0.0,498.55,1.53,3.71,0.1,67.11,38.37
1788428644.952,262.36,ndvi_acquire_gee,1,292.3,292.3,0.0,28.7,7229.9,58322.7,0.0,0.44,0.0,498.55,1.53,3.71,0.1,67.11,38.37
1788428645.453,262.86,ndvi_acquire_gee,1,292.3,292.3,0.0,31.5,7175.6,58376.7,0.0,0.44,0.0,498.83,1.54,3.81,0.1,67.11,38.37
1788428645.955,263.36,ndvi_acquire_gee,1,292.3,292.3,2.0,28.6,7180.3,58371.9,0.0,0.45,0.0,498.83,1.55,3.81,0.1,67.11,38.37
1788428646.456,263.87,ndvi_acquire_gee,1,292.3,292.3,0.0,30.2,7242.3,58310.0,0.0,0.45,0.0,498.95,1.55,3.81,0.1,67.11,38.37
1788428646.958,264.37,ndvi_acquire_gee,1,292.3,292.3,0.0,31.9,7178.4,58373.9,0.0,0.45,0.0,498.95,1.55,3.81,0.1,67.11,38.37
1788428647.459,264.87,ndvi_acquire_gee,1,292.3,292.3,2.0,30.2,7186.4,58365.9,0.0,0.45,0.0,499.35,1.56,3.82,0.1,67.11,38.37
1788428647.96,265.37,ndvi_acquire_gee,1,292.3,292.3,0.0,30.1,7294.2,58258.1,0.0,0.45,0.0,499.5,1.56,3.82,0.1,67.11,38.37
1788428648.461,265.87,ndvi_acquire_gee,1,292.3,292.3,0.0,41.5,7184.6,58367.7,0.0,0.45,0.0,500.15,1.56,3.82,0.1,67.11,38.37
1788428648.963,266.37,ndvi_acquire_gee,1,292.3,292.3,0.0,19.6,7300.4,58251.9,0.0,0.45,0.0,500.17,1.56,3.82,0.1,67.11,38.37
1788428649.464,266.87,ndvi_acquire_gee,1,292.3,292.3,0.0,20.4,7340.8,58211.5,0.0,0.45,0.0,500.38,1.56,3.82,0.1,67.11,38.37
1788428649.966,267.38,ndvi_acquire_gee,1,292.3,292.3,0.0,29.1,7192.8,58359.5,0.0,0.45,0.0,500.38,1.56,3.82,0.1,67.11,38.37
1788428650.467,267.88,ndvi_acquire_gee,1,292.3,292.3,0.0,26.4,7309.7,58242.5,0.0,0.45,0.0,500.71,1.56,3.82,0.1,67.11,38.37
1788428650.968,268.38,ndvi_acquire_gee,1,292.3,292.3,0.0,30.3,7308.4,58243.9,0.0,0.45,0.0,500.81,1.57,3.82,0.1,67.11,38.37
1788428651.469,268.88,ndvi_acquire_gee,1,292.3,292.3,2.0,33.5,7389.2,58163.1,0.0,0.45,0.0,503.59,1.57,3.82,0.1,67.11,38.37
1788428651.97,269.38,ndvi_acquire_gee,1,292.3,292.3,0.0,30.0,7282.7,58269.6,0.0,0.45,0.0,503.59,1.57,3.82,0.1,67.11,38.37
1788428652.472,269.88,ndvi_acquire_gee,1,292.3,292.3,0.0,34.0,7271.1,58281.2,0.0,0.45,0.0,503.92,1.57,3.82,0.1,67.11,38.37
1788428652.973,270.38,ndvi_acquire_gee,1,292.3,292.3,0.0,30.6,7098.1,58454.2,0.0,0.45,0.0,503.92,1.57,3.83,0.1,67.11,38.37
1788428653.474,270.88,ndvi_acquire_gee,1,292.3,292.3,0.0,31.7,7158.8,58393.5,0.0,0.45,0.0,504.28,1.57,3.83,0.1,67.11,38.37
1788428653.976,271.39,ndvi_acquire_gee,1,292.3,292.3,0.0,28.4,7066.8,58485.5,0.0,0.45,0.0,504.29,1.57,3.83,0.1,67.11,38.37
1788428654.477,271.89,ndvi_acquire_gee,1,292.3,292.3,0.0,31.3,7203.1,58349.1,0.0,0.45,0.0,504.52,1.57,3.83,0.1,67.11,38.37
1788428654.979,272.39,ndvi_acquire_gee,1,292.3,292.3,0.0,29.1,7241.4,58310.9,0.0,0.45,0.0,504.61,1.57,3.83,0.1,67.11,38.37
1788428655.48,272.89,ndvi_acquire_gee,1,292.3,292.3,0.0,29.8,7234.1,58318.2,0.0,0.45,0.0,504.81,1.57,3.83,0.1,67.11,38.37
1788428655.981,273.39,ndvi_acquire_gee,1,292.3,292.3,0.0,30.9,7163.0,58389.3,0.0,0.45,0.0,504.83,1.58,3.93,0.1,67.11,38.37
1788428656.482,273.89,ndvi_acquire_gee,1,292.3,292.3,2.0,29.2,7008.5,58543.8,0.0,0.45,0.0,505.14,1.59,3.93,0.1,67.11,38.37
1788428656.984,274.39,ndvi_acquire_gee,1,292.3,292.3,0.0,31.7,6949.7,58602.6,0.0,0.46,0.0,505.15,1.59,3.93,0.1,67.11,38.37
1788428657.485,274.89,ndvi_acquire_gee,1,292.3,292.3,0.0,30.3,7018.1,58534.2,0.0,0.46,0.0,505.15,1.59,3.93,0.1,67.11,38.37
1788428657.986,275.4,ndvi_acquire_gee,1,292.3,292.3,0.0,30.4,7050.6,58501.7,0.0,0.46,0.0,505.15,1.59,3.93,0.1,67.11,38.37
1788428658.488,275.9,ndvi_acquire_gee,1,292.3,292.3,0.0,32.8,7120.6,58431.7,0.0,0.46,0.0,505.5,1.59,3.93,0.1,67.11,38.37
1788428658.989,276.4,ndvi_acquire_gee,1,292.3,292.3,0.0,31.5,7209.8,58342.5,0.0,0.46,0.0,507.31,1.59,3.93,0.1,67.11,38.37
1788428659.49,276.9,ndvi_acquire_gee,1,292.3,292.3,0.0,31.8,7135.4,58416.9,0.0,0.46,0.0,507.72,1.59,3.93,0.1,67.11,38.37
1788428659.992,277.4,ndvi_acquire_gee,1,292.3,292.3,0.0,31.7,6950.8,58601.5,0.0,0.46,0.0,507.72,1.59,3.93,0.1,67.11,38.37
1788428660.493,277.9,ndvi_acquire_gee,1,292.3,292.3,2.0,31.6,6990.5,58561.8,0.0,0.46,0.0,508.26,1.59,3.93,0.1,67.11,38.37
1788428660.994,278.4,ndvi_acquire_gee,1,292.3,292.3,0.0,29.2,6767.9,58784.3,0.0,0.46,0.0,508.26,1.6,3.93,0.1,67.11,38.37
1788428661.495,278.91,ndvi_acquire_gee,1,292.3,292.3,0.0,28.0,6796.8,58755.4,0.0,0.46,0.0,508.69,1.6,3.94,0.1,67.11,38.37
1788428661.997,279.41,ndvi_acquire_gee,1,292.3,292.3,0.0,29.5,6956.3,58595.9,0.0,0.46,0.0,508.7,1.6,3.94,0.1,67.11,38.37
1788428662.498,279.91,ndvi_acquire_gee,1,292.3,292.3,0.0,28.9,6828.7,58723.6,0.0,0.46,0.0,508.98,1.6,3.94,0.1,67.11,38.37
1788428662.999,280.41,ndvi_acquire_gee,1,292.3,292.3,0.0,27.6,6720.1,58832.2,0.0,0.46,0.0,508.98,1.61,3.94,0.1,67.11,38.37
1788428663.5,280.91,ndvi_acquire_gee,1,292.3,292.3,0.0,25.3,6797.2,58755.1,0.0,0.46,0.0,509.39,1.61,3.94,0.1,67.11,38.37
1788428664.001,281.41,ndvi_acquire_gee,1,292.3,292.3,0.0,19.3,6808.0,58744.3,0.0,0.46,0.0,509.51,1.61,3.94,0.1,67.11,38.37
1788428664.503,281.91,ndvi_acquire_gee,1,292.3,292.3,2.0,18.9,6672.4,58879.9,0.0,0.46,0.0,509.72,1.61,3.94,0.1,67.11,38.37
1788428665.005,282.41,ndvi_acquire_gee,1,292.3,292.3,0.0,30.9,6850.0,58702.3,0.0,0.46,0.0,509.75,1.61,3.94,0.1,67.11,38.37
1788428665.506,282.92,ndvi_acquire_gee,1,292.3,292.3,0.0,32.2,7000.8,58551.5,0.0,0.46,0.0,510.87,1.61,3.94,0.1,67.11,38.37
1788428666.007,283.42,ndvi_acquire_gee,1,292.3,292.3,0.0,32.0,6963.4,58588.8,0.0,0.46,0.0,510.94,1.62,4.04,0.1,67.11,38.37
1788428666.508,283.92,ndvi_acquire_gee,1,292.3,292.3,0.0,30.9,6955.3,58597.0,0.0,0.46,0.0,510.94,1.62,4.04,0.1,67.11,38.37
1788428667.01,284.42,ndvi_acquire_gee,1,292.3,292.3,2.0,31.9,6923.7,58628.5,0.0,0.47,0.0,510.95,1.63,4.04,0.1,67.11,38.37
1788428667.511,284.92,ndvi_acquire_gee,1,292.3,292.3,0.0,31.6,6861.2,58691.1,0.0,0.47,0.0,512.33,1.63,4.04,0.1,67.11,38.37
1788428668.012,285.42,ndvi_acquire_gee,1,292.3,292.3,0.0,31.0,6997.6,58554.7,0.0,0.47,0.0,512.33,1.63,4.04,0.1,67.11,38.37
1788428668.513,285.92,ndvi_acquire_gee,1,292.3,292.3,0.0,31.9,7120.6,58431.7,0.0,0.47,0.0,512.49,1.63,4.05,0.1,67.11,38.37
1788428669.015,286.42,ndvi_acquire_gee,1,292.3,292.3,0.0,32.2,7167.9,58384.3,0.0,0.47,0.0,512.56,1.63,4.05,0.1,67.11,38.37
1788428669.516,286.93,ndvi_acquire_gee,1,292.3,292.3,0.0,31.8,7147.0,58405.3,0.0,0.47,0.0,513.66,1.63,4.05,0.1,67.11,38.37
1788428670.018,287.43,ndvi_acquire_gee,1,292.3,292.3,0.0,30.5,7203.8,58348.4,0.0,0.47,0.0,513.66,1.63,4.05,0.1,67.11,38.37
1788428670.519,287.93,ndvi_acquire_gee,1,292.3,292.3,0.0,30.7,7098.3,58454.0,0.0,0.47,0.0,513.67,1.63,4.05,0.1,67.11,38.37
1788428671.02,288.43,ndvi_acquire_gee,1,292.4,292.4,2.0,32.4,7087.6,58464.7,0.0,0.47,0.0,513.67,1.64,4.05,0.1,67.11,38.37
1788428671.522,288.93,ndvi_acquire_gee,1,292.4,292.4,0.0,30.4,7046.1,58506.2,0.0,0.47,0.0,514.75,1.64,4.06,0.1,67.11,38.37
1788428672.023,289.43,ndvi_acquire_gee,1,292.4,292.4,0.0,32.2,7222.2,58330.0,0.0,0.47,0.0,514.82,1.64,4.06,0.1,67.11,38.37
1788428672.525,289.93,ndvi_acquire_gee,1,292.4,292.4,0.0,29.0,7180.8,58371.5,0.0,0.47,0.0,514.85,1.65,4.06,0.1,67.11,38.37
1788428673.026,290.44,ndvi_acquire_gee,1,292.4,292.4,0.0,31.3,7393.7,58158.6,0.0,0.47,0.0,514.86,1.65,4.06,0.1,67.11,38.37
1788428673.527,290.94,ndvi_acquire_gee,1,292.4,292.4,0.0,31.0,7426.9,58125.4,0.0,0.48,0.0,515.42,1.65,4.06,0.1,67.11,38.37
1788428674.029,291.44,ndvi_acquire_gee,1,292.4,292.4,2.0,30.2,7619.3,57932.9,0.0,0.48,0.0,515.42,1.65,4.06,0.1,67.11,38.37
1788428674.53,291.94,ndvi_acquire_gee,1,292.4,292.4,0.0,33.2,7549.2,58003.1,0.0,0.48,0.0,515.94,1.65,4.06,0.1,67.11,38.37
1788428675.032,292.44,ndvi_acquire_gee,1,292.4,292.4,0.0,30.2,7651.8,57900.4,0.0,0.48,0.0,515.94,1.65,4.06,0.1,67.11,38.37
1788428675.533,292.94,ndvi_acquire_gee,1,292.4,292.4,0.0,32.1,7302.5,58249.8,0.0,0.48,0.0,516.48,1.66,4.06,0.1,67.11,38.37
1788428676.035,293.44,ndvi_acquire_gee,1,292.4,292.4,0.0,29.4,7390.7,58161.6,0.0,0.48,0.0,516.48,1.66,4.06,0.1,67.11,38.37
1788428676.536,293.95,ndvi_acquire_gee,1,292.4,292.4,0.0,31.8,7469.7,58082.6,0.0,0.48,0.0,517.74,1.66,4.16,0.1,67.11,38.37
1788428677.037,294.45,ndvi_acquire_gee,1,292.4,292.4,0.0,29.0,7487.4,58064.9,0.0,0.48,0.0,517.74,1.67,4.16,0.1,67.11,38.37
1788428677.538,294.95,ndvi_acquire_gee,1,292.4,292.4,0.0,31.9,7488.6,58063.6,0.0,0.48,0.0,518.18,1.67,4.17,0.1,67.11,38.37
1788428678.04,295.45,ndvi_acquire_gee,1,292.4,292.4,2.0,32.2,7165.1,58387.2,0.0,0.48,0.0,518.3,1.67,4.17,0.1,67.11,38.37
1788428678.541,295.95,ndvi_acquire_gee,1,292.4,292.4,0.0,32.7,7230.8,58321.5,0.0,0.48,0.0,519.78,1.67,4.17,0.1,67.11,38.37
1788428679.042,296.45,ndvi_acquire_gee,1,292.4,292.4,0.0,28.6,7135.3,58417.0,0.0,0.48,0.0,519.81,1.68,4.17,0.1,67.11,38.37
1788428679.544,296.95,ndvi_acquire_gee,1,292.4,292.4,0.0,31.5,7269.1,58283.1,0.0,0.48,0.0,519.84,1.68,4.17,0.1,67.11,38.37
1788428680.045,297.46,ndvi_acquire_gee,1,292.4,292.4,0.0,29.1,7010.5,58541.8,0.0,0.48,0.0,519.84,1.68,4.17,0.1,67.11,38.37
1788428680.547,297.96,ndvi_acquire_gee,1,292.4,292.4,0.0,31.5,7075.2,58477.1,0.0,0.48,0.0,520.32,1.68,4.17,0.1,67.11,38.37
1788428681.048,298.46,ndvi_acquire_gee,1,292.4,292.4,0.0,29.8,7110.3,58442.0,0.0,0.48,0.0,520.36,1.68,4.17,0.1,67.11,38.37
1788428681.549,298.96,ndvi_acquire_gee,1,292.4,292.4,0.0,31.5,7150.9,58401.4,0.0,0.48,0.0,520.91,1.68,4.17,0.1,67.11,38.37
1788428682.05,299.46,ndvi_acquire_gee,1,292.4,292.4,2.0,30.0,7121.4,58430.9,0.0,0.48,0.0,520.91,1.68,4.17,0.1,67.11,38.37
1788428682.552,299.96,ndvi_acquire_gee,1,292.4,292.4,0.0,30.7,7178.7,58373.5,0.0,0.48,0.0,521.85,1.69,4.17,0.1,67.11,38.37
1788428683.053,300.46,ndvi_acquire_gee,1,292.4,292.4,0.0,26.6,7099.8,58452.5,0.0,0.48,0.0,521.85,1.69,4.17,0.1,67.11,38.37
1788428683.554,300.96,ndvi_acquire_gee,1,292.4,292.4,0.0,29.7,7103.1,58449.2,0.0,0.48,0.0,521.86,1.69,4.17,0.1,67.11,38.37
1788428684.056,301.47,ndvi_acquire_gee,1,292.4,292.4,0.0,30.0,7100.0,58452.2,0.0,0.48,0.0,521.87,1.69,4.18,0.1,67.11,38.37
1788428684.557,301.97,ndvi_acquire_gee,1,292.4,292.4,0.0,32.3,7155.7,58396.6,0.0,0.49,0.0,522.54,1.69,4.18,0.1,67.11,38.37
1788428685.059,302.47,ndvi_acquire_gee,1,292.4,292.4,0.0,31.0,7119.7,58432.5,0.0,0.49,0.0,522.54,1.69,4.18,0.1,67.11,38.37
1788428685.56,302.97,ndvi_acquire_gee,1,292.4,292.4,2.0,25.9,7067.3,58484.9,0.0,0.49,0.0,523.72,1.69,4.18,0.1,67.11,38.37
1788428686.062,303.47,ndvi_acquire_gee,1,292.4,292.4,0.0,32.0,7075.9,58476.3,0.0,0.49,0.0,523.72,1.69,4.18,0.1,67.11,38.37
1788428686.563,303.97,ndvi_acquire_gee,1,292.4,292.4,0.0,33.9,7168.4,58383.8,0.0,0.49,0.0,523.87,1.69,4.18,0.1,67.11,38.37
1788428687.064,304.47,ndvi_acquire_gee,1,292.4,292.4,0.0,28.4,7057.3,58495.0,0.0,0.49,0.0,523.87,1.7,4.27,0.1,67.11,38.37
1788428687.565,304.98,ndvi_acquire_gee,1,292.4,292.4,0.0,30.7,7081.1,58471.2,0.0,0.49,0.0,524.8,1.7,4.28,0.1,67.11,38.37
1788428688.066,305.48,ndvi_acquire_gee,1,292.4,292.4,0.0,31.8,7213.1,58339.2,0.0,0.49,0.0,524.82,1.71,4.28,0.1,67.11,38.37
1788428688.568,305.98,ndvi_acquire_gee,1,292.4,292.4,0.0,31.0,7309.3,58243.0,0.0,0.49,0.0,524.85,1.71,4.28,0.1,67.11,38.37
1788428689.069,306.48,ndvi_acquire_gee,1,292.4,292.4,0.0,28.7,7336.9,58215.4,0.0,0.49,0.0,524.99,1.71,4.28,0.1,67.11,38.37
1788428689.57,306.98,ndvi_acquire_gee,1,292.4,292.4,0.0,36.5,7218.6,58333.7,0.0,0.49,0.0,526.11,1.71,4.28,0.1,67.11,38.37
1788428690.071,307.48,ndvi_acquire_gee,1,292.4,292.4,2.0,22.1,7079.5,58472.8,0.0,0.49,0.0,526.11,1.71,4.28,0.1,67.11,38.37
1788428690.572,307.98,ndvi_acquire_gee,1,292.4,292.4,0.0,28.9,6915.9,58636.4,0.0,0.49,0.0,526.11,1.71,4.28,0.1,67.11,38.37
1788428691.074,308.48,ndvi_acquire_gee,1,292.4,292.4,0.0,31.3,7095.1,58457.2,0.0,0.49,0.0,526.11,1.71,4.28,0.1,67.11,38.37
1788428691.575,308.98,ndvi_acquire_gee,1,292.4,292.4,0.0,30.5,6940.0,58612.2,0.0,0.49,0.0,527.34,1.71,4.28,0.1,67.11,38.37
1788428692.076,309.49,ndvi_acquire_gee,1,292.4,292.4,0.0,27.9,6957.1,58595.2,0.0,0.49,0.0,527.34,1.71,4.29,0.1,67.11,38.37
1788428692.578,309.99,ndvi_acquire_gee,1,292.4,292.4,0.0,15.5,7010.9,58541.4,0.0,0.49,0.0,527.34,1.71,4.29,0.1,67.11,38.37
1788428693.079,310.49,ndvi_acquire_gee,1,292.4,292.4,0.0,25.7,7037.0,58515.3,0.0,0.49,0.0,527.39,1.72,4.29,0.1,67.11,38.37
1788428693.58,310.99,ndvi_acquire_gee,1,292.4,292.4,2.0,30.8,7043.2,58509.1,0.0,0.49,0.0,528.67,1.72,4.29,0.1,67.11,38.37
1788428694.081,311.49,ndvi_acquire_gee,1,292.4,292.4,0.0,33.4,7064.9,58487.4,0.0,0.49,0.0,529.62,1.72,4.29,0.1,67.11,38.37
1788428694.583,311.99,ndvi_acquire_gee,1,292.4,292.4,0.0,32.5,7059.8,58492.5,0.0,0.49,0.0,529.69,1.73,4.29,0.1,67.11,38.37
1788428695.084,312.49,ndvi_acquire_gee,1,292.4,292.4,2.0,33.9,7060.9,58491.4,0.0,0.49,0.0,529.7,1.73,4.3,0.1,67.11,38.37
1788428695.585,313.0,ndvi_acquire_gee,1,292.4,292.4,0.0,34.3,7057.4,58494.9,0.0,0.5,0.0,530.62,1.73,4.3,0.1,67.11,38.37
1788428696.087,313.5,ndvi_acquire_gee,1,292.4,292.4,0.0,33.9,7056.3,58496.0,0.0,0.5,0.0,530.62,1.73,4.3,0.1,67.11,38.37
1788428696.588,314.0,ndvi_acquire_gee,1,292.4,292.4,0.0,34.4,7051.7,58500.6,0.0,0.5,0.0,532.94,1.73,4.3,0.1,67.11,38.37
1788428697.089,314.5,ndvi_acquire_gee,1,292.4,292.4,0.0,33.5,7047.2,58505.1,0.0,0.5,0.0,532.94,1.73,4.3,0.1,67.11,38.37
1788428697.59,315.0,ndvi_acquire_gee,1,292.4,292.4,0.0,33.9,7047.4,58504.9,0.0,0.5,0.0,533.52,1.73,4.39,0.1,67.11,38.37
1788428698.091,315.5,ndvi_acquire_gee,1,292.4,292.4,0.0,34.5,7047.4,58504.9,0.0,0.5,0.0,533.52,1.74,4.4,0.1,67.11,38.37
1788428698.593,316.0,ndvi_acquire_gee,1,292.4,292.4,0.0,32.5,6962.3,58589.9,0.0,0.5,0.0,534.57,1.75,4.4,0.1,67.11,38.37
1788428699.094,316.5,ndvi_acquire_gee,1,292.4,292.4,0.0,32.8,6946.6,58605.7,0.0,0.5,0.0,534.63,1.75,4.4,0.1,67.11,38.37
1788428699.595,317.0,ndvi_acquire_gee,1,292.4,292.4,0.0,29.3,6906.3,58646.0,0.0,0.5,0.0,534.7,1.75,4.4,0.1,67.11,38.37
1788428700.096,317.51,ndvi_acquire_gee,1,292.4,292.4,0.0,29.5,6951.9,58600.4,0.0,0.5,0.0,534.72,1.75,4.4,0.1,67.11,38.37
1788428700.598,318.01,ndvi_acquire_gee,1,292.4,292.4,2.0,26.5,6932.2,58620.0,0.0,0.5,0.0,535.76,1.75,4.4,0.1,67.11,38.37
1788428701.099,318.51,ndvi_acquire_gee,1,292.4,292.4,0.0,32.0,6883.0,58669.3,0.0,0.5,0.0,535.94,1.75,4.4,0.1,67.11,38.37
1788428701.601,319.01,ndvi_acquire_gee,1,292.4,292.4,0.0,30.1,6786.9,58765.4,0.0,0.5,0.0,536.17,1.75,4.4,0.1,67.11,38.37
1788428702.102,319.51,ndvi_acquire_gee,1,292.4,292.4,0.0,32.0,6879.4,58672.8,0.0,0.5,0.0,536.17,1.75,4.4,0.1,67.11,38.37
1788428702.603,320.01,ndvi_acquire_gee,1,292.4,292.4,0.0,33.0,7050.5,58501.8,0.0,0.5,0.0,536.59,1.75,4.4,0.1,67.11,38.37
1788428703.104,320.51,ndvi_acquire_gee,1,292.4,292.4,2.0,29.3,6968.7,58583.5,0.0,0.5,0.0,536.59,1.75,4.4,0.1,67.11,38.37
1788428703.606,321.02,ndvi_acquire_gee,1,292.4,292.4,0.0,32.2,7077.3,58475.0,0.0,0.5,0.0,537.21,1.75,4.4,0.1,67.11,38.37
1788428704.107,321.52,ndvi_acquire_gee,1,292.4,292.4,0.0,33.2,7224.3,58328.0,0.0,0.5,0.0,537.21,1.76,4.41,0.1,67.11,38.37
1788428704.608,322.02,ndvi_acquire_gee,1,292.4,292.4,0.0,32.6,7124.5,58427.8,0.0,0.5,0.0,538.39,1.76,4.41,0.1,67.11,38.37
1788428705.11,322.52,ndvi_acquire_gee,1,292.4,292.4,0.0,29.2,7342.9,58209.4,0.0,0.5,0.0,538.53,1.76,4.41,0.1,67.11,38.37
1788428705.611,323.02,ndvi_acquire_gee,1,292.4,292.4,0.0,33.8,7335.1,58217.2,0.0,0.5,0.0,538.74,1.76,4.41,0.1,67.11,38.37
1788428706.112,323.52,ndvi_acquire_gee,1,292.4,292.4,0.0,26.8,7152.2,58400.1,0.0,0.51,0.0,538.74,1.77,4.41,0.1,67.11,38.37
1788428706.613,324.02,ndvi_acquire_gee,1,292.4,292.4,0.0,33.3,7272.0,58280.3,0.0,0.51,0.0,539.77,1.77,4.41,0.1,67.11,38.37
1788428707.115,324.52,ndvi_acquire_gee,1,292.4,292.4,0.0,23.3,7220.7,58331.5,0.0,0.51,0.0,539.77,1.77,4.41,0.1,67.11,38.37
1788428707.616,325.03,ndvi_acquire_gee,1,292.4,292.4,0.0,32.9,7290.4,58261.9,0.0,0.51,0.0,540.25,1.77,4.41,0.1,67.11,38.37
1788428708.118,325.53,ndvi_acquire_gee,1,292.4,292.4,2.0,30.2,7155.7,58396.5,0.0,0.51,0.0,540.37,1.77,4.51,0.1,67.11,38.37
1788428708.619,326.03,ndvi_acquire_gee,1,292.4,292.4,0.0,35.0,7164.1,58388.2,0.0,0.51,0.0,541.09,1.78,4.51,0.1,67.11,38.37
1788428709.121,326.53,ndvi_acquire_gee,1,292.4,292.4,0.0,30.1,7188.2,58364.0,0.0,0.51,0.0,541.11,1.78,4.51,0.1,67.11,38.37
1788428709.622,327.03,ndvi_acquire_gee,1,292.4,292.4,0.0,34.0,7235.7,58316.5,0.0,0.51,0.0,541.4,1.79,4.51,0.1,67.11,38.37
1788428710.124,327.53,ndvi_acquire_gee,1,292.4,292.4,0.0,30.3,7188.7,58363.6,0.0,0.51,0.0,541.4,1.79,4.51,0.1,67.11,38.37
1788428710.625,328.03,ndvi_acquire_gee,1,292.4,292.4,2.0,30.9,7073.1,58479.2,0.0,0.51,0.0,541.8,1.79,4.51,0.1,67.11,38.37
1788428711.126,328.54,ndvi_acquire_gee,1,292.4,292.4,0.0,28.5,7125.3,58426.9,0.0,0.51,0.0,542.0,1.79,4.51,0.1,67.11,38.37
1788428711.628,329.04,ndvi_acquire_gee,1,292.4,292.4,0.0,32.4,7126.1,58426.2,0.0,0.51,0.0,542.45,1.79,4.52,0.1,67.11,38.37
1788428712.129,329.54,ndvi_acquire_gee,1,292.4,292.4,0.0,34.1,7166.6,58385.7,0.0,0.51,0.0,542.45,1.79,4.52,0.1,67.11,38.37
1788428712.63,330.04,ndvi_acquire_gee,1,292.4,292.4,0.0,32.4,7086.3,58466.0,0.0,0.51,0.0,543.65,1.79,4.52,0.1,67.11,38.37
1788428713.132,330.54,ndvi_acquire_gee,1,292.4,292.4,0.0,30.5,7040.7,58511.5,0.0,0.51,0.0,543.65,1.79,4.52,0.1,67.11,38.37
1788428713.633,331.04,ndvi_acquire_gee,1,292.4,292.4,0.0,33.3,7101.2,58451.0,0.0,0.51,0.0,543.68,1.79,4.52,0.1,67.11,38.37
1788428714.135,331.54,ndvi_acquire_gee,1,292.4,292.4,0.0,30.4,7016.0,58536.3,0.0,0.51,0.0,543.68,1.79,4.52,0.1,67.11,38.37
1788428714.636,332.05,ndvi_acquire_gee,1,292.4,292.4,0.0,32.9,7096.8,58455.5,0.0,0.51,0.0,544.35,1.8,4.52,0.1,67.11,38.37
1788428715.137,332.55,ndvi_acquire_gee,1,292.4,292.4,2.0,27.4,7124.3,58428.0,0.0,0.51,0.0,544.35,1.8,4.52,0.1,67.11,38.37
1788428715.639,333.05,ndvi_acquire_gee,1,292.4,292.4,0.0,30.7,7111.5,58440.7,0.0,0.51,0.0,544.81,1.8,4.53,0.1,67.11,38.37
1788428716.141,333.55,ndvi_acquire_gee,1,292.4,292.4,0.0,26.4,6904.7,58647.6,0.0,0.51,0.0,545.03,1.8,4.53,0.1,67.11,38.37
1788428716.642,334.05,ndvi_acquire_gee,1,292.4,292.4,0.0,32.2,7134.1,58418.2,0.0,0.51,0.0,545.61,1.81,4.53,0.1,67.11,38.37
1788428717.143,334.55,ndvi_acquire_gee,1,292.4,292.4,2.0,31.9,7383.4,58168.9,0.0,0.52,0.0,545.61,1.81,4.53,0.1,67.11,38.37
1788428717.644,335.05,ndvi_acquire_gee,1,292.4,292.4,0.0,35.1,7458.3,58094.0,0.0,0.52,0.0,546.75,1.81,4.53,0.1,67.11,38.37
1788428718.146,335.56,ndvi_acquire_gee,1,292.4,292.4,0.0,28.0,7162.1,58390.2,0.0,0.52,0.0,546.75,1.81,4.53,0.1,67.11,38.37
1788428718.647,336.06,ndvi_acquire_gee,1,292.4,292.4,0.0,34.0,7213.7,58338.5,0.0,0.52,0.0,546.75,1.82,4.63,0.1,67.11,38.37
1788428719.149,336.56,ndvi_acquire_gee,1,292.4,292.4,0.0,30.5,7221.5,58330.8,0.0,0.52,0.0,546.77,1.82,4.63,0.1,67.11,38.37
1788428719.65,337.06,ndvi_acquire_gee,1,292.4,292.4,0.0,32.9,7315.4,58236.9,0.0,0.52,0.0,547.35,1.82,4.63,0.1,67.11,38.37
1788428720.152,337.56,ndvi_acquire_gee,1,292.4,292.4,0.0,30.3,7343.7,58208.6,0.0,0.52,0.0,547.36,1.82,4.63,0.1,67.11,38.37
1788428720.653,338.06,ndvi_acquire_gee,1,292.4,292.4,2.0,26.6,7284.9,58267.4,0.0,0.52,0.0,547.91,1.82,4.63,0.1,67.11,38.37
1788428721.154,338.56,ndvi_acquire_gee,1,292.4,292.4,0.0,32.1,7357.9,58194.4,0.0,0.52,0.0,548.02,1.83,4.63,0.1,67.11,38.37
1788428721.656,339.07,ndvi_acquire_gee,1,292.4,292.4,0.0,29.5,7256.4,58295.8,0.0,0.52,0.0,549.43,1.83,4.63,0.1,67.11,38.37
1788428722.157,339.57,ndvi_acquire_gee,1,292.4,292.4,0.0,32.8,7359.9,58192.4,0.0,0.52,0.0,549.57,1.83,4.63,0.1,67.11,38.37
1788428722.658,340.07,ndvi_acquire_gee,1,292.4,292.4,0.0,31.1,7391.1,58161.2,0.0,0.52,0.0,550.04,1.83,4.63,0.1,67.11,38.37
1788428723.16,340.57,ndvi_acquire_gee,1,292.4,292.4,0.0,32.3,7368.6,58183.7,0.0,0.52,0.0,550.04,1.83,4.63,0.1,67.11,38.37
1788428723.661,341.07,ndvi_acquire_gee,1,292.4,292.4,0.0,32.2,7216.6,58335.7,0.0,0.52,0.0,550.6,1.83,4.63,0.1,67.11,38.37
1788428724.162,341.57,ndvi_acquire_gee,1,292.4,292.4,0.0,29.5,7185.3,58367.0,0.0,0.52,0.0,550.6,1.83,4.64,0.1,67.11,38.37
1788428724.664,342.07,ndvi_acquire_gee,1,292.4,292.4,0.0,32.0,7209.8,58342.5,0.0,0.52,0.0,551.13,1.83,4.64,0.1,67.11,38.37
1788428725.165,342.57,ndvi_acquire_gee,1,292.4,292.4,2.0,33.0,7228.4,58323.9,0.0,0.52,0.0,551.13,1.84,4.64,0.1,67.11,38.37
1788428725.666,343.08,ndvi_acquire_gee,1,292.4,292.4,0.0,29.6,7245.9,58306.4,0.0,0.52,0.0,551.49,1.84,4.64,0.1,67.11,38.37
1788428726.168,343.58,ndvi_acquire_gee,1,292.4,292.4,0.0,30.1,7246.1,58306.2,0.0,0.52,0.0,551.68,1.84,4.64,0.1,67.11,38.37
1788428726.669,344.08,ndvi_acquire_gee,1,292.4,292.4,0.0,31.2,7088.4,58463.9,0.0,0.52,0.0,552.25,1.84,4.64,0.1,67.11,38.37
1788428727.17,344.58,ndvi_acquire_gee,1,292.4,292.4,0.0,31.6,7170.5,58381.8,0.0,0.52,0.0,552.25,1.84,4.64,0.1,67.11,38.37
1788428727.672,345.08,ndvi_acquire_gee,1,292.4,292.4,0.0,34.4,7224.4,58327.9,0.0,0.52,0.0,552.83,1.84,4.64,0.1,67.11,38.37
1788428728.173,345.58,ndvi_acquire_gee,1,292.4,292.4,0.0,33.3,7145.1,58407.2,0.0,0.52,0.0,552.83,1.84,4.64,0.1,67.11,38.37
1788428728.674,346.08,ndvi_acquire_gee,1,292.4,292.4,2.0,31.3,7209.7,58342.6,0.0,0.52,0.0,553.39,1.84,4.65,0.1,67.11,38.37
1788428729.175,346.59,ndvi_acquire_gee,1,292.4,292.4,0.0,32.0,7197.9,58354.4,0.0,0.52,0.0,553.39,1.85,4.74,0.1,67.11,38.37
1788428729.677,347.09,ndvi_acquire_gee,1,292.4,292.4,0.0,31.2,7139.8,58412.5,0.0,0.52,0.0,553.77,1.85,4.74,0.1,67.11,38.37
1788428730.178,347.59,ndvi_acquire_gee,1,292.4,292.4,0.0,32.0,7059.8,58492.5,0.0,0.52,0.0,553.91,1.86,4.74,0.1,67.11,38.37
1788428730.679,348.09,ndvi_acquire_gee,1,292.4,292.4,0.0,33.1,7068.8,58483.5,0.0,0.52,0.0,554.12,1.86,4.75,0.1,67.11,38.37
1788428731.181,348.59,ndvi_acquire_gee,1,292.4,292.4,0.0,29.4,7007.8,58544.5,0.0,0.52,0.0,554.12,1.86,4.75,0.1,67.11,38.37
1788428731.682,349.09,ndvi_acquire_gee,1,292.4,292.4,0.0,32.2,7152.6,58399.7,0.0,0.52,0.0,554.65,1.86,4.75,0.1,67.11,38.37
1788428732.183,349.59,ndvi_acquire_gee,1,292.4,292.4,0.0,26.2,7161.7,58390.6,0.0,0.52,0.0,554.75,1.86,4.75,0.1,67.11,38.37
1788428732.685,350.09,ndvi_acquire_gee,1,292.4,292.4,2.0,28.2,7197.1,58355.2,0.0,0.52,0.0,555.84,1.86,4.75,0.1,67.11,38.37
1788428733.186,350.6,ndvi_acquire_gee,1,292.4,292.4,0.0,32.8,7228.6,58323.7,0.0,0.52,0.0,555.85,1.86,4.75,0.1,67.11,38.37
1788428733.687,351.1,ndvi_acquire_gee,1,292.4,292.4,0.0,26.9,7101.0,58451.3,0.0,0.52,0.0,555.85,1.87,4.75,0.1,67.11,38.37
1788428734.189,351.6,ndvi_acquire_gee,1,292.4,292.4,0.0,30.2,7124.7,58427.6,0.0,0.52,0.0,555.86,1.87,4.75,0.1,67.11,38.37
1788428734.69,352.1,ndvi_acquire_gee,1,292.4,292.4,0.0,25.9,7122.7,58429.6,0.0,0.52,0.0,556.4,1.87,4.75,0.1,67.11,38.37
1788428735.191,352.6,ndvi_acquire_gee,1,292.4,292.4,0.0,32.4,7126.8,58425.5,0.0,0.52,0.0,556.49,1.87,4.75,0.1,67.11,38.37
1788428735.693,353.1,ndvi_acquire_gee,1,292.4,292.4,0.0,34.5,7252.2,58300.1,0.0,0.52,0.0,556.95,1.88,4.76,0.1,67.11,38.37
1788428736.195,353.6,ndvi_acquire_gee,1,292.4,292.4,2.0,33.1,7252.5,58299.8,0.0,0.52,0.0,557.08,1.88,4.76,0.1,67.11,38.37
1788428736.696,354.11,ndvi_acquire_gee,1,292.4,292.4,0.0,34.9,7211.8,58340.5,0.0,0.52,0.0,558.22,1.88,4.76,0.1,67.11,38.37
1788428737.197,354.61,ndvi_acquire_gee,1,292.4,292.4,0.0,32.5,7127.7,58424.6,0.0,0.52,0.0,558.3,1.88,4.76,0.1,67.11,38.37
1788428737.698,355.11,ndvi_acquire_gee,1,292.4,292.4,0.0,37.0,7179.1,58373.2,0.0,0.52,0.0,558.37,1.88,4.76,0.1,67.11,38.37
1788428738.199,355.61,ndvi_acquire_gee,1,292.4,292.4,0.0,32.0,7137.4,58414.9,0.0,0.52,0.0,558.51,1.88,4.76,0.1,67.11,38.37
1788428738.701,356.11,ndvi_acquire_gee,1,292.4,292.4,0.0,34.8,6982.9,58569.4,0.0,0.52,0.0,559.92,1.88,4.76,0.1,67.11,38.37
1788428739.202,356.61,ndvi_acquire_gee,1,292.4,292.4,2.0,32.5,6913.4,58638.9,0.0,0.52,0.0,559.97,1.88,4.76,0.1,67.11,38.37
1788428739.704,357.11,ndvi_acquire_gee,1,292.4,292.4,0.0,33.7,6860.4,58691.9,0.0,0.52,0.0,559.98,1.89,4.86,0.1,67.11,38.37
1788428740.205,357.61,ndvi_acquire_gee,1,292.4,292.4,2.0,30.8,7007.7,58544.6,0.0,0.52,0.0,559.98,1.9,4.86,0.1,67.11,38.37
1788428740.706,358.12,ndvi_acquire_gee,1,292.4,292.4,0.0,31.9,6864.4,58687.9,0.0,0.52,0.0,560.93,1.9,4.86,0.1,67.11,38.37
1788428741.208,358.62,ndvi_acquire_gee,1,292.4,292.4,0.0,34.9,6948.8,58603.5,0.0,0.52,0.0,561.02,1.9,4.86,0.1,67.11,38.37
1788428741.709,359.12,ndvi_acquire_gee,1,292.4,292.4,0.0,29.7,6864.7,58687.6,0.0,0.52,0.0,561.03,1.9,4.86,0.1,67.11,38.37
1788428742.21,359.62,ndvi_acquire_gee,1,292.4,292.4,0.0,32.2,6814.4,58737.9,0.0,0.52,0.0,564.7,1.9,4.86,0.1,67.11,38.37
1788428742.711,360.12,ndvi_acquire_gee,1,292.4,292.4,0.0,30.6,6942.3,58610.0,0.0,0.52,0.0,565.19,1.9,4.86,0.1,67.11,38.37
1788428743.213,360.62,ndvi_acquire_gee,1,292.4,292.4,0.0,32.9,7161.0,58391.3,0.0,0.52,0.0,565.32,1.9,4.87,0.1,67.11,38.37
1788428743.714,361.12,ndvi_acquire_gee,1,292.4,292.4,0.0,29.6,7095.2,58457.1,0.0,0.52,0.0,565.85,1.91,4.87,0.1,67.11,38.37
1788428744.215,361.62,ndvi_acquire_gee,1,292.4,292.4,0.0,31.6,6975.2,58577.1,0.0,0.52,0.0,565.87,1.91,4.87,0.1,67.11,38.37
1788428744.716,362.13,ndvi_acquire_gee,1,292.4,292.4,0.0,30.6,6876.0,58676.3,0.0,0.52,0.0,566.41,1.91,4.87,0.1,67.11,38.37
1788428745.218,362.63,ndvi_acquire_gee,1,292.4,292.4,0.0,29.6,6881.5,58670.7,0.0,0.52,0.0,566.5,1.91,4.87,0.1,67.11,38.37
1788428745.719,363.13,ndvi_acquire_gee,1,292.4,292.4,0.0,33.3,7090.2,58462.1,0.0,0.52,0.0,566.96,1.91,4.87,0.1,67.11,38.37
1788428746.22,363.63,ndvi_acquire_gee,1,292.4,292.4,0.0,31.4,7254.3,58298.0,0.0,0.52,0.0,566.97,1.91,4.87,0.1,67.11,38.37
1788428746.721,364.13,ndvi_acquire_gee,1,292.4,292.4,0.0,33.6,7409.8,58142.5,0.0,0.52,0.0,567.44,1.92,4.87,0.1,67.11,38.37
1788428747.223,364.63,ndvi_acquire_gee,1,292.4,292.4,0.0,29.5,7329.5,58222.8,0.0,0.52,0.0,567.7,1.92,4.87,0.1,67.11,38.37
1788428747.724,365.13,ndvi_acquire_gee,1,292.4,292.4,2.0,33.9,7464.2,58088.1,0.0,0.52,0.0,568.21,1.92,4.87,0.1,67.11,38.37
1788428748.225,365.63,ndvi_acquire_gee,1,292.4,292.4,2.0,28.9,7561.1,57991.2,0.0,0.52,0.0,568.21,1.92,4.88,0.1,67.11,38.37
1788428748.726,366.14,ndvi_acquire_gee,1,292.4,292.4,0.0,29.5,7458.5,58093.8,0.0,0.52,0.0,568.73,1.92,4.88,0.1,67.11,38.37
1788428749.227,366.64,ndvi_acquire_gee,1,292.4,292.4,0.0,32.5,7569.7,57982.6,0.0,0.52,0.0,568.73,1.92,4.88,0.1,67.11,38.37
1788428749.729,367.14,ndvi_acquire_gee,1,292.4,292.4,0.0,31.6,7248.3,58304.0,0.0,0.52,0.0,569.3,1.92,4.88,0.1,67.11,38.37
1788428750.23,367.64,ndvi_acquire_gee,1,292.4,292.4,0.0,31.8,7330.1,58222.2,0.0,0.53,0.0,569.3,1.94,4.98,0.1,67.11,38.37
1788428750.731,368.14,ndvi_acquire_gee,1,292.4,292.4,0.0,29.9,7310.5,58241.8,0.0,0.53,0.0,569.86,1.94,4.98,0.1,67.11,38.37
1788428751.232,368.64,ndvi_acquire_gee,1,292.4,292.4,0.0,32.5,7320.8,58231.5,0.0,0.53,0.0,569.87,1.94,4.98,0.1,67.11,38.37
1788428751.734,369.14,ndvi_acquire_gee,1,292.4,292.4,0.0,32.8,7345.4,58206.9,0.0,0.53,0.0,570.31,1.95,4.98,0.1,67.11,38.37
1788428752.235,369.64,ndvi_acquire_gee,1,292.4,292.4,0.0,29.8,7202.0,58350.3,0.0,0.53,0.0,570.54,1.95,4.98,0.1,67.11,38.37
1788428752.736,370.15,ndvi_acquire_gee,1,292.4,292.4,2.0,32.1,7263.3,58289.0,0.0,0.53,0.0,570.99,1.95,4.98,0.1,67.11,38.37
1788428753.237,370.65,ndvi_acquire_gee,1,292.4,292.4,0.0,28.8,7141.0,58411.3,0.0,0.53,0.0,570.99,1.95,4.98,0.1,67.11,38.37
1788428753.739,371.15,ndvi_acquire_gee,1,292.4,292.4,0.0,40.2,7222.9,58329.4,0.0,0.53,0.0,571.57,1.95,4.98,0.1,67.11,38.37
1788428754.24,371.65,ndvi_acquire_gee,1,292.4,292.4,0.0,37.1,7118.7,58433.6,0.0,0.53,0.0,572.46,1.95,4.98,0.1,67.11,38.37
1788428754.742,372.15,ndvi_acquire_gee,1,292.4,292.4,0.0,31.7,7170.6,58381.7,0.0,0.53,0.0,573.86,1.95,4.99,0.1,67.11,38.37
1788428755.243,372.65,ndvi_acquire_gee,1,292.4,292.4,0.0,21.1,6962.9,58589.4,0.0,0.53,0.0,573.88,1.95,4.99,0.1,67.11,38.37
1788428755.744,373.15,ndvi_acquire_gee,1,292.4,292.4,0.0,17.0,6966.5,58585.8,0.0,0.53,0.0,573.94,1.95,4.99,0.1,67.11,38.37
1788428756.245,373.66,ndvi_acquire_gee,1,292.4,292.4,2.0,28.8,6985.0,58567.3,0.0,0.53,0.0,574.05,1.95,4.99,0.1,67.11,38.37
1788428756.747,374.16,ndvi_acquire_gee,1,292.4,292.4,0.0,32.2,7021.9,58530.4,0.0,0.53,0.0,574.94,1.95,4.99,0.1,67.11,38.37
1788428757.248,374.66,ndvi_acquire_gee,1,292.4,292.4,0.0,28.9,6975.1,58577.2,0.0,0.53,0.0,574.94,1.96,4.99,0.1,67.11,38.37
1788428757.75,375.16,ndvi_acquire_gee,1,292.4,292.4,0.0,32.6,7084.9,58467.4,0.0,0.53,0.0,574.94,1.96,4.99,0.1,67.11,38.37
1788428758.251,375.66,ndvi_acquire_gee,1,292.4,292.4,0.0,30.2,7063.1,58489.2,0.0,0.53,0.0,574.94,1.96,4.99,0.1,67.11,38.37
1788428758.752,376.16,ndvi_acquire_gee,1,292.4,292.4,0.0,32.5,7191.9,58360.4,0.0,0.53,0.0,575.34,1.96,4.99,0.1,67.11,38.37
1788428759.253,376.66,ndvi_acquire_gee,1,292.4,292.4,0.0,30.1,7155.4,58396.9,0.0,0.53,0.0,575.34,1.96,4.99,0.1,67.11,38.37
1788428759.755,377.16,ndvi_acquire_gee,1,292.4,292.4,2.0,32.2,7235.3,58317.0,0.0,0.53,0.0,575.88,1.96,5.0,0.1,67.11,38.37
1788428760.256,377.67,ndvi_acquire_gee,1,292.4,292.4,0.0,31.2,7267.1,58285.2,0.0,0.53,0.0,576.0,1.96,5.0,0.1,67.11,38.37
1788428760.758,378.17,ndvi_acquire_gee,1,292.4,292.4,0.0,30.1,7288.8,58263.4,0.0,0.53,0.0,577.31,1.97,5.09,0.1,67.11,38.37
1788428761.259,378.67,ndvi_acquire_gee,1,292.4,292.4,0.0,31.5,7245.6,58306.7,0.0,0.53,0.0,577.31,1.97,5.09,0.1,67.11,38.37
1788428761.76,379.17,ndvi_acquire_gee,1,292.4,292.4,0.0,29.5,7178.2,58374.1,0.0,0.53,0.0,577.37,1.98,5.09,0.1,67.11,38.37
1788428762.262,379.67,ndvi_acquire_gee,1,292.4,292.4,0.0,27.8,7245.1,58307.2,0.0,0.53,0.0,577.37,1.98,5.1,0.1,67.11,38.37
1788428762.763,380.17,ndvi_acquire_gee,1,292.4,292.4,0.0,32.7,7271.2,58281.1,0.0,0.53,0.0,577.88,1.98,5.1,0.1,67.11,38.37
1788428763.265,380.67,ndvi_acquire_gee,1,292.4,292.4,0.0,31.0,7160.1,58392.2,0.0,0.53,0.0,577.94,1.98,5.1,0.1,67.11,38.37
1788428763.766,381.18,ndvi_acquire_gee,1,292.4,292.4,0.0,28.0,7208.4,58343.9,0.0,0.53,0.0,578.41,1.98,5.1,0.1,67.11,38.37
1788428764.267,381.68,ndvi_acquire_gee,1,292.4,292.4,0.0,32.3,7201.7,58350.6,0.0,0.53,0.0,578.41,1.98,5.1,0.1,67.11,38.37
1788428764.769,382.18,ndvi_acquire_gee,1,292.4,292.4,0.0,32.5,7243.5,58308.8,0.0,0.53,0.0,579.38,1.98,5.1,0.1,67.11,38.37
1788428765.27,382.68,ndvi_acquire_gee,1,292.4,292.4,0.0,35.3,7261.2,58291.1,0.0,0.53,0.0,579.38,1.99,5.1,0.1,67.11,38.37
1788428765.771,383.18,ndvi_acquire_gee,1,292.4,292.4,0.0,26.4,7254.4,58297.9,0.0,0.53,0.0,579.38,1.99,5.1,0.1,67.11,38.37
1788428766.272,383.68,ndvi_acquire_gee,1,292.4,292.4,0.0,29.8,7257.8,58294.5,0.0,0.53,0.0,579.45,1.99,5.1,0.1,67.11,38.37
1788428766.774,384.18,ndvi_acquire_gee,1,292.4,292.4,2.0,34.4,7247.3,58305.0,0.0,0.53,0.0,579.87,1.99,5.1,0.1,67.11,38.37
1788428767.276,384.69,ndvi_acquire_gee,1,292.4,292.4,0.0,31.4,7247.8,58304.5,0.0,0.53,0.0,581.3,1.99,5.11,0.1,67.11,38.37
1788428767.777,385.19,ndvi_acquire_gee,1,292.4,292.4,0.0,31.6,7222.3,58330.0,0.0,0.53,0.0,582.23,2.0,5.11,0.1,67.11,38.37
1788428768.278,385.69,ndvi_acquire_gee,1,292.4,292.4,0.0,29.6,7224.4,58327.9,0.0,0.53,0.0,582.43,2.0,5.11,0.1,67.11,38.37
1788428768.779,386.19,ndvi_acquire_gee,1,292.4,292.4,0.0,30.3,7202.1,58350.2,0.0,0.53,0.0,582.43,2.0,5.11,0.1,67.11,38.37
1788428769.281,386.69,ndvi_acquire_gee,1,292.4,292.4,0.0,29.9,7202.0,58350.3,0.0,0.53,0.0,582.74,2.0,5.11,0.1,67.11,38.37
1788428769.782,387.19,ndvi_acquire_gee,1,292.4,292.4,0.0,29.0,7178.0,58374.3,0.0,0.53,0.0,583.17,2.0,5.11,0.1,67.11,38.37
1788428770.283,387.69,ndvi_acquire_gee,1,292.4,292.4,2.0,28.4,7017.4,58534.9,0.0,0.53,0.0,583.18,2.0,5.11,0.1,67.11,38.37
1788428770.785,388.19,ndvi_acquire_gee,1,292.4,292.4,2.0,24.0,6942.2,58610.1,0.0,0.53,0.0,583.7,2.0,5.11,0.1,67.11,38.37
1788428771.286,388.7,ndvi_acquire_gee,1,292.4,292.4,0.0,29.7,7072.2,58480.1,0.0,0.53,0.0,583.78,2.01,5.21,0.1,67.11,38.37
1788428771.788,389.2,ndvi_acquire_gee,1,292.4,292.4,0.0,27.7,6824.1,58728.2,0.0,0.53,0.0,584.27,2.01,5.21,0.1,67.11,38.37
1788428772.289,389.7,ndvi_acquire_gee,1,292.4,292.4,0.0,30.1,6909.0,58643.3,0.0,0.53,0.0,584.75,2.01,5.21,0.1,67.11,38.37
1788428772.791,390.2,ndvi_acquire_gee,1,292.4,292.4,0.0,31.0,6864.4,58687.9,0.0,0.53,0.0,586.1,2.01,5.21,0.1,67.11,38.37
1788428773.292,390.7,ndvi_acquire_gee,1,292.4,292.4,0.0,31.9,7010.6,58541.7,0.0,0.53,0.0,586.1,2.02,5.21,0.1,67.11,38.37
1788428773.793,391.2,ndvi_acquire_gee,1,292.4,292.4,0.0,29.6,7185.3,58367.0,0.0,0.53,0.0,586.1,2.02,5.21,0.1,67.11,38.37
1788428774.295,391.7,ndvi_acquire_gee,1,292.4,292.4,0.0,29.7,7101.6,58450.7,0.0,0.53,0.0,586.1,2.02,5.21,0.1,67.11,38.37
1788428774.796,392.21,ndvi_acquire_gee,1,292.4,292.4,0.0,31.5,7110.4,58441.9,0.0,0.53,0.0,586.65,2.02,5.21,0.1,67.11,38.37
1788428775.297,392.71,ndvi_acquire_gee,1,292.4,292.4,0.0,27.8,7070.7,58481.6,0.0,0.53,0.0,586.65,2.02,5.21,0.1,67.11,38.37
1788428775.798,393.21,ndvi_acquire_gee,1,292.4,292.4,0.0,32.7,7204.2,58348.1,0.0,0.53,0.0,587.07,2.02,5.22,0.1,67.11,38.37
1788428776.299,393.71,ndvi_acquire_gee,1,292.4,292.4,0.0,27.2,7252.8,58299.5,0.0,0.53,0.0,587.35,2.02,5.22,0.1,67.11,38.37
1788428776.801,394.21,ndvi_acquire_gee,1,292.4,292.4,0.0,30.0,7236.9,58315.4,0.0,0.53,0.0,587.59,2.02,5.22,0.1,67.11,38.37
1788428777.302,394.71,ndvi_acquire_gee,1,292.4,292.4,0.0,32.9,7095.1,58457.2,0.0,0.54,0.0,587.74,2.03,5.22,0.1,67.11,38.37
1788428777.803,395.21,ndvi_acquire_gee,1,292.4,292.4,4.0,28.8,7101.4,58450.9,0.0,0.54,0.0,587.98,2.03,5.22,0.1,67.11,38.37
1788428778.305,395.71,ndvi_acquire_gee,1,292.4,292.4,0.0,31.7,7134.3,58418.0,0.0,0.54,0.0,587.98,2.03,5.22,0.1,67.11,38.37
1788428778.806,396.22,ndvi_acquire_gee,1,292.4,292.4,0.0,27.0,7039.0,58513.3,0.0,0.54,0.0,588.41,2.04,5.22,0.1,67.11,38.37
1788428779.307,396.72,ndvi_acquire_gee,1,292.4,292.4,0.0,28.6,7072.7,58479.6,0.0,0.54,0.0,588.42,2.04,5.22,0.1,67.11,38.37
1788428779.809,397.22,ndvi_acquire_gee,1,292.4,292.4,0.0,30.3,6899.3,58653.0,0.0,0.54,0.0,589.15,2.04,5.22,0.1,67.11,38.37
1788428780.31,397.72,ndvi_acquire_gee,1,292.4,292.4,0.0,30.0,6849.6,58702.7,0.0,0.54,0.0,589.15,2.04,5.23,0.1,67.11,38.37
1788428780.811,398.22,ndvi_acquire_gee,1,292.4,292.4,0.0,26.4,6852.0,58700.3,0.0,0.54,0.0,589.5,2.04,5.23,0.1,67.11,38.37
1788428781.312,398.72,ndvi_acquire_gee,1,292.4,292.4,2.0,31.3,6958.3,58594.0,0.0,0.54,0.0,589.51,2.04,5.23,0.1,67.11,38.37
1788428781.813,399.22,ndvi_acquire_gee,1,292.4,292.4,0.0,30.7,7076.2,58476.1,0.0,0.54,0.0,589.76,2.05,5.32,0.1,67.11,38.37
1788428782.315,399.72,ndvi_acquire_gee,1,292.4,292.4,0.0,30.4,7071.4,58480.9,0.0,0.54,0.0,589.76,2.05,5.32,0.1,67.11,38.37
1788428782.816,400.23,ndvi_acquire_gee,1,292.4,292.4,0.0,30.6,7170.8,58381.5,0.0,0.54,0.0,590.18,2.05,5.33,0.1,67.11,38.37
1788428783.318,400.73,ndvi_acquire_gee,1,292.4,292.4,0.0,32.3,7279.5,58272.8,0.0,0.54,0.0,590.18,2.05,5.33,0.1,67.11,38.37
1788428783.819,401.23,ndvi_acquire_gee,1,292.4,292.4,0.0,30.8,7210.9,58341.4,0.0,0.54,0.0,590.59,2.06,5.33,0.1,67.11,38.37
1788428784.32,401.73,ndvi_acquire_gee,1,292.4,292.4,0.0,30.3,7098.9,58453.4,0.0,0.54,0.0,590.59,2.06,5.33,0.1,67.11,38.37
1788428784.822,402.23,ndvi_acquire_gee,1,292.4,292.4,0.0,31.8,6949.1,58603.2,0.0,0.54,0.0,591.84,2.06,5.33,0.1,67.11,38.37
1788428785.323,402.73,ndvi_acquire_gee,1,292.4,292.4,0.0,30.6,7125.6,58426.7,0.0,0.54,0.0,592.13,2.06,5.33,0.1,67.11,38.37
1788428785.825,403.23,ndvi_acquire_gee,1,292.4,292.4,0.0,31.1,7232.5,58319.8,0.0,0.54,0.0,592.41,2.06,5.33,0.1,67.11,38.37
1788428786.326,403.74,ndvi_acquire_gee,1,292.4,292.4,0.0,25.2,7116.5,58435.8,0.0,0.54,0.0,592.46,2.06,5.33,0.1,67.11,38.37
1788428786.827,404.24,ndvi_acquire_gee,1,292.4,292.4,0.0,28.0,7051.7,58500.6,0.0,0.54,0.0,592.86,2.06,5.33,0.1,67.11,38.37
1788428787.329,404.74,ndvi_acquire_gee,1,292.4,292.4,0.0,25.1,7130.4,58421.9,0.0,0.54,0.0,596.46,2.06,5.33,0.1,67.11,38.37
1788428787.83,405.24,ndvi_acquire_gee,1,292.4,292.4,0.0,31.3,7253.9,58298.4,0.0,0.54,0.0,597.0,2.06,5.33,0.1,67.11,38.37
1788428788.331,405.74,ndvi_acquire_gee,1,292.4,292.4,0.0,30.4,7192.3,58360.0,0.0,0.54,0.0,597.12,2.06,5.34,0.1,67.11,38.37
1788428788.832,406.24,ndvi_acquire_gee,1,292.4,292.4,2.0,32.2,7260.3,58292.0,0.0,0.54,0.0,598.25,2.07,5.34,0.1,67.11,38.37
1788428789.334,406.74,ndvi_acquire_gee,1,292.4,292.4,2.0,30.8,7192.1,58360.2,0.0,0.54,0.0,598.25,2.07,5.34,0.1,67.11,38.37
1788428789.835,407.24,ndvi_acquire_gee,1,292.4,292.4,0.0,31.7,7199.8,58352.5,0.0,0.54,0.0,598.25,2.07,5.34,0.1,67.11,38.37
1788428790.336,407.75,ndvi_acquire_gee,1,292.4,292.4,0.0,30.9,7377.3,58175.0,0.0,0.54,0.0,598.25,2.07,5.34,0.1,67.11,38.37
1788428790.837,408.25,ndvi_acquire_gee,1,292.4,292.4,0.0,29.8,7237.5,58314.8,0.0,0.54,0.0,599.5,2.07,5.34,0.1,67.11,38.37
1788428791.339,408.75,ndvi_acquire_gee,1,292.4,292.4,0.0,29.2,7341.6,58210.7,0.0,0.54,0.0,599.67,2.07,5.34,0.1,67.11,38.37
1788428791.84,409.25,ndvi_acquire_gee,1,292.4,292.4,0.0,28.2,7221.9,58330.3,0.0,0.54,0.0,599.77,2.07,5.34,0.1,67.11,38.37
1788428792.341,409.75,ndvi_acquire_gee,1,292.4,292.4,0.0,32.6,7260.6,58291.6,0.0,0.54,0.0,600.3,2.08,5.44,0.1,67.11,38.37
1788428792.842,410.25,ndvi_acquire_gee,1,292.4,292.4,0.0,30.3,7227.0,58325.3,0.0,0.54,0.0,600.78,2.09,5.44,0.1,67.11,38.37
1788428793.344,410.75,ndvi_acquire_gee,1,292.4,292.4,0.0,30.8,7214.2,58338.1,0.0,0.54,0.0,600.81,2.09,5.44,0.1,67.11,38.37
1788428793.845,411.25,ndvi_acquire_gee,1,292.4,292.4,0.0,31.3,7375.1,58177.2,0.0,0.54,0.0,601.21,2.09,5.44,0.1,67.11,38.37
1788428794.346,411.76,ndvi_acquire_gee,1,292.4,292.4,0.0,31.1,7328.7,58223.6,0.0,0.54,0.0,601.21,2.09,5.44,0.1,67.11,38.37
1788428794.847,412.26,ndvi_acquire_gee,1,292.4,292.4,0.0,30.1,7230.2,58322.1,0.0,0.54,0.0,601.66,2.09,5.44,0.1,67.11,38.37
1788428795.349,412.76,ndvi_acquire_gee,1,292.4,292.4,0.0,30.2,7249.2,58303.1,0.0,0.54,0.0,601.66,2.09,5.44,0.1,67.11,38.37
1788428795.85,413.26,ndvi_acquire_gee,1,292.4,292.4,0.0,30.0,7211.8,58340.5,0.0,0.54,0.0,602.18,2.09,5.44,0.1,67.11,38.37
1788428796.352,413.76,ndvi_acquire_gee,1,292.4,292.4,0.0,30.0,7278.3,58274.0,0.0,0.54,0.0,602.19,2.1,5.44,0.1,67.11,38.37
1788428796.853,414.26,ndvi_acquire_gee,1,292.4,292.4,0.0,32.0,7101.8,58450.5,0.0,0.54,0.0,602.42,2.1,5.45,0.1,67.11,38.37
1788428797.354,414.76,ndvi_acquire_gee,1,292.4,292.4,2.0,31.9,6993.4,58558.9,0.0,0.54,0.0,602.77,2.1,5.45,0.1,67.11,38.37
1788428797.855,415.27,ndvi_acquire_gee,1,292.4,292.4,0.0,30.9,7054.6,58497.7,0.0,0.54,0.0,602.92,2.1,5.45,0.1,67.11,38.37
1788428798.357,415.77,ndvi_acquire_gee,1,292.4,292.4,0.0,31.2,7135.8,58416.5,0.0,0.54,0.0,603.16,2.1,5.45,0.1,67.11,38.37
1788428798.858,416.27,ndvi_acquire_gee,1,292.4,292.4,0.0,32.5,6924.8,58627.2,0.0,0.54,0.0,603.59,2.1,5.45,0.1,67.11,38.37
1788428799.359,416.77,ndvi_acquire_gee,1,292.4,292.4,0.0,29.3,7098.5,58453.8,0.0,0.54,0.0,603.6,2.11,5.45,0.1,67.11,38.37
1788428799.86,417.27,ndvi_acquire_gee,1,292.4,292.4,0.0,32.6,7151.5,58400.8,0.0,0.54,0.0,604.02,2.11,5.46,0.1,67.11,38.37
1788428800.362,417.77,ndvi_acquire_gee,1,292.4,292.4,2.0,25.7,7172.2,58380.1,0.0,0.54,0.0,604.02,2.11,5.46,0.1,67.11,38.37
1788428800.863,418.27,ndvi_acquire_gee,1,292.4,292.4,2.0,31.4,7396.7,58155.6,0.0,0.54,0.0,604.22,2.11,5.46,0.1,67.11,38.37
1788428801.364,418.77,ndvi_acquire_gee,1,292.4,292.4,0.0,30.6,7430.1,58122.2,0.0,0.54,0.0,604.25,2.11,5.46,0.1,67.11,38.37
1788428801.866,419.28,ndvi_acquire_gee,1,292.4,292.4,0.0,27.5,7341.8,58210.5,0.0,0.54,0.0,604.42,2.12,5.46,0.1,67.11,38.37
1788428802.367,419.78,ndvi_acquire_gee,1,292.4,292.4,0.0,29.3,7451.1,58101.2,0.0,0.54,0.0,604.45,2.12,5.46,0.1,67.11,38.37
1788428802.868,420.28,ndvi_acquire_gee,1,292.4,292.4,0.0,28.3,7469.4,58082.9,0.0,0.54,0.0,604.76,2.13,5.56,0.1,67.11,38.37
1788428803.369,420.78,ndvi_acquire_gee,1,292.4,292.4,0.0,29.7,7350.5,58201.8,0.0,0.54,0.0,604.76,2.13,5.56,0.1,67.11,38.37
1788428803.87,421.28,ndvi_acquire_gee,1,292.4,292.4,0.0,23.6,7238.3,58314.0,0.0,0.54,0.0,604.95,2.13,5.56,0.1,67.11,38.37
1788428804.372,421.78,ndvi_acquire_gee,1,292.4,292.4,0.0,31.5,7252.9,58299.4,0.0,0.54,0.0,604.95,2.13,5.56,0.1,67.11,38.37
1788428804.873,422.28,ndvi_acquire_gee,1,292.4,292.4,2.0,29.2,7138.9,58413.4,0.0,0.54,0.0,605.5,2.13,5.56,0.1,67.11,38.37
1788428805.374,422.78,ndvi_acquire_gee,1,292.4,292.4,0.0,30.2,7227.9,58324.4,0.0,0.54,0.0,605.5,2.13,5.56,0.1,67.11,38.37
1788428805.876,423.29,ndvi_acquire_gee,1,292.4,292.4,0.0,34.0,7087.0,58465.3,0.0,0.54,0.0,605.93,2.13,5.56,0.1,67.11,38.37
1788428806.377,423.79,ndvi_acquire_gee,1,292.4,292.4,0.0,29.0,7036.6,58515.7,0.0,0.54,0.0,605.98,2.14,5.56,0.1,67.11,38.37
1788428806.879,424.29,ndvi_acquire_gee,1,292.4,292.4,0.0,31.3,7173.0,58379.3,0.0,0.54,0.0,606.26,2.14,5.56,0.1,67.11,38.37
1788428807.38,424.79,ndvi_acquire_gee,1,292.4,292.4,0.0,28.7,7139.7,58412.6,0.0,0.54,0.0,606.69,2.14,5.56,0.1,67.11,38.37
1788428807.882,425.29,ndvi_acquire_gee,1,292.4,292.4,0.0,30.4,6978.1,58574.2,0.0,0.55,0.0,607.01,2.14,5.56,0.1,67.11,38.37
1788428808.383,425.79,ndvi_acquire_gee,1,292.4,292.4,0.0,29.2,7138.8,58413.5,0.0,0.55,0.0,607.01,2.14,5.56,0.1,67.11,38.37
1788428808.884,426.29,ndvi_acquire_gee,1,292.4,292.4,2.0,29.9,7175.9,58376.4,0.0,0.55,0.0,607.21,2.14,5.57,0.1,67.11,38.37
1788428809.386,426.8,ndvi_acquire_gee,1,292.4,292.4,0.0,31.9,7355.5,58196.8,0.0,0.55,0.0,607.22,2.14,5.57,0.1,67.11,38.37
1788428809.887,427.3,ndvi_acquire_gee,1,292.4,292.4,0.0,30.5,7119.0,58433.3,0.0,0.55,0.0,607.64,2.14,5.57,0.1,67.11,38.37
1788428810.388,427.8,ndvi_acquire_gee,1,292.4,292.4,0.0,30.8,7183.9,58368.4,0.0,0.55,0.0,607.67,2.15,5.57,0.1,67.11,38.37
1788428810.889,428.3,ndvi_acquire_gee,1,292.4,292.4,0.0,29.3,7082.0,58470.3,0.0,0.55,0.0,608.01,2.15,5.57,0.1,67.11,38.37
1788428811.391,428.8,ndvi_acquire_gee,1,292.4,292.4,0.0,27.8,6982.5,58569.8,0.0,0.55,0.0,608.15,2.15,5.57,0.1,67.11,38.37
1788428811.892,429.3,ndvi_acquire_gee,1,292.4,292.4,0.0,30.0,6912.0,58640.3,0.0,0.55,0.0,608.44,2.15,5.57,0.1,67.11,38.37
1788428812.394,429.8,ndvi_acquire_gee,1,292.4,292.4,0.0,31.6,7062.3,58490.0,0.0,0.55,0.0,610.28,2.15,5.57,0.1,67.11,38.37
1788428812.895,430.3,ndvi_acquire_gee,1,292.4,292.4,2.0,29.7,7241.1,58311.2,0.0,0.55,0.0,610.68,2.15,5.57,0.1,67.11,38.37
1788428813.396,430.81,ndvi_acquire_gee,1,292.4,292.4,0.0,29.4,7134.2,58418.1,0.0,0.55,0.0,610.68,2.16,5.66,0.1,67.11,38.37
1788428813.897,431.31,ndvi_acquire_gee,1,292.4,292.4,0.0,28.6,7197.5,58354.7,0.0,0.55,0.0,611.66,2.16,5.67,0.1,67.11,38.37
1788428814.399,431.81,ndvi_acquire_gee,1,292.4,292.4,0.0,31.3,7199.0,58353.3,0.0,0.55,0.0,611.66,2.16,5.67,0.1,67.11,38.37
1788428814.9,432.31,ndvi_acquire_gee,1,292.4,292.4,0.0,31.0,7288.2,58264.1,0.0,0.55,0.0,611.96,2.16,5.67,0.1,67.11,38.37
1788428815.401,432.81,ndvi_acquire_gee,1,292.4,292.4,0.0,31.6,7232.4,58319.9,0.0,0.55,0.0,611.97,2.16,5.67,0.1,67.11,38.37
1788428815.903,433.31,ndvi_acquire_gee,1,292.4,292.4,0.0,31.0,7100.1,58452.2,0.0,0.55,0.0,612.18,2.17,5.67,0.1,67.11,38.37
1788428816.404,433.81,ndvi_acquire_gee,1,292.4,292.4,0.0,29.0,6972.8,58579.5,0.0,0.55,0.0,612.3,2.17,5.67,0.1,67.11,38.37
1788428816.905,434.31,ndvi_acquire_gee,1,292.4,292.4,2.0,31.5,7059.6,58492.7,0.0,0.55,0.0,612.95,2.17,5.68,0.1,67.11,38.37
1788428817.406,434.82,ndvi_acquire_gee,1,292.4,292.4,0.0,30.7,7196.9,58355.4,0.0,0.55,0.0,613.15,2.17,5.68,0.1,67.11,38.37
1788428817.908,435.32,ndvi_acquire_gee,1,292.4,292.4,0.0,30.3,7109.1,58443.1,0.0,0.55,0.0,613.39,2.17,5.68,0.1,67.11,38.37
1788428818.409,435.82,ndvi_acquire_gee,1,292.4,292.4,0.0,28.8,7246.2,58306.1,0.0,0.55,0.0,613.49,2.18,5.68,0.1,67.11,38.37
1788428818.91,436.32,ndvi_acquire_gee,1,292.4,292.4,0.0,30.3,7012.9,58539.4,0.0,0.55,0.0,613.54,2.18,5.68,0.1,67.11,38.37
1788428819.411,436.82,ndvi_acquire_gee,1,292.4,292.4,0.0,32.3,7088.0,58464.3,0.0,0.55,0.0,613.7,2.18,5.68,0.1,67.11,38.37
1788428819.912,437.32,ndvi_acquire_gee,1,292.4,292.4,0.0,28.9,7130.0,58422.3,0.0,0.55,0.0,613.99,2.18,5.68,0.1,67.11,38.37
1788428820.414,437.82,ndvi_acquire_gee,1,292.4,292.4,2.0,28.1,7106.9,58445.4,0.0,0.55,0.0,613.99,2.18,5.68,0.1,67.11,38.37
1788428820.915,438.32,ndvi_acquire_gee,1,292.4,292.4,0.0,29.6,7150.9,58401.4,0.0,0.55,0.0,614.2,2.18,5.68,0.1,67.11,38.37
1788428821.417,438.83,ndvi_acquire_gee,1,292.4,292.4,0.0,29.5,7058.3,58494.0,0.0,0.55,0.0,614.31,2.19,5.68,0.1,67.11,38.37
1788428821.918,439.33,ndvi_acquire_gee,1,292.4,292.4,0.0,30.2,7159.5,58392.8,0.0,0.55,0.0,614.51,2.19,5.69,0.1,67.11,38.37
1788428822.42,439.83,ndvi_acquire_gee,1,292.4,292.4,0.0,29.6,7179.6,58372.7,0.0,0.55,0.0,614.76,2.19,5.69,0.1,67.11,38.37
1788428822.921,440.33,ndvi_acquire_gee,1,292.4,292.4,0.0,30.0,7179.5,58372.8,0.0,0.55,0.0,615.23,2.19,5.69,0.1,67.11,38.37
1788428823.422,440.83,ndvi_acquire_gee,1,292.4,292.4,2.0,29.7,7135.4,58416.9,0.0,0.55,0.0,615.23,2.19,5.69,0.1,67.11,38.37
1788428823.923,441.33,ndvi_acquire_gee,1,292.4,292.4,0.0,33.1,7183.6,58368.7,0.0,0.55,0.0,615.47,2.19,5.69,0.1,67.11,38.37
1788428824.425,441.83,ndvi_acquire_gee,1,292.4,292.4,0.0,34.8,7182.5,58369.8,0.0,0.55,0.0,615.47,2.2,5.78,0.1,67.11,38.37
1788428824.926,442.34,ndvi_acquire_gee,1,292.4,292.4,0.0,30.1,7287.5,58264.7,0.0,0.55,0.0,615.79,2.2,5.79,0.1,67.11,38.37
1788428825.427,442.84,ndvi_acquire_gee,1,292.4,292.4,0.0,30.7,7344.0,58208.3,0.0,0.55,0.0,615.84,2.2,5.79,0.1,67.11,38.37
1788428825.928,443.34,ndvi_acquire_gee,1,292.4,292.4,0.0,31.2,7432.4,58119.8,0.0,0.55,0.0,615.93,2.2,5.79,0.1,67.11,38.37
1788428826.43,443.84,ndvi_acquire_gee,1,292.4,292.4,0.0,31.8,7509.1,58043.2,0.0,0.55,0.0,615.93,2.21,5.79,0.1,67.11,38.37
1788428826.931,444.34,ndvi_acquire_gee,1,292.4,292.4,0.0,31.1,7505.6,58046.7,0.0,0.55,0.0,616.0,2.21,5.79,0.1,67.11,38.37
1788428827.432,444.84,ndvi_acquire_gee,1,292.4,292.4,2.0,31.2,7412.6,58139.7,0.0,0.55,0.0,616.0,2.21,5.79,0.1,67.11,38.37
1788428827.933,445.34,ndvi_acquire_gee,1,292.4,292.4,0.0,30.2,7419.2,58133.1,0.0,0.55,0.0,616.43,2.21,5.79,0.1,67.11,38.37
1788428828.435,445.84,ndvi_acquire_gee,1,292.4,292.4,0.0,31.7,7250.3,58302.0,0.0,0.55,0.0,616.59,2.21,5.79,0.1,67.11,38.37
1788428828.936,446.35,ndvi_acquire_gee,1,292.4,292.4,0.0,29.0,7244.3,58308.0,0.0,0.55,0.0,616.92,2.21,5.79,0.1,67.11,38.37
1788428829.437,446.85,ndvi_acquire_gee,1,292.4,292.4,0.0,28.2,7123.5,58428.8,0.0,0.55,0.0,617.13,2.21,5.79,0.1,67.11,38.37
1788428829.938,447.35,ndvi_acquire_gee,1,292.4,292.4,0.0,29.6,7106.9,58445.4,0.0,0.55,0.0,617.53,2.21,5.8,0.1,67.11,38.37
1788428830.44,447.85,ndvi_acquire_gee,1,292.4,292.4,0.0,29.8,6988.3,58564.0,0.0,0.55,0.0,617.53,2.21,5.8,0.1,67.11,38.37
1788428830.941,448.35,ndvi_acquire_gee,1,292.4,292.4,0.0,30.1,7047.3,58505.0,0.0,0.55,0.0,617.62,2.21,5.8,0.1,67.11,38.37
1788428831.442,448.85,ndvi_acquire_gee,1,292.4,292.4,0.0,29.5,7048.5,58503.8,0.0,0.55,0.0,617.66,2.22,5.8,0.1,67.11,38.37
1788428831.943,449.35,ndvi_acquire_gee,1,292.4,292.4,2.0,32.7,7044.4,58507.8,0.0,0.55,0.0,617.88,2.22,5.8,0.1,67.11,38.37
1788428832.445,449.85,ndvi_acquire_gee,1,292.4,292.4,0.0,35.1,7044.9,58507.3,0.0,0.55,0.0,618.02,2.22,5.8,0.1,67.11,38.37
1788428832.946,450.36,ndvi_acquire_gee,1,292.4,292.4,0.0,33.7,7041.7,58510.5,0.0,0.55,0.0,624.4,2.22,5.8,0.1,67.11,38.37
1788428833.447,450.86,ndvi_acquire_gee,1,292.4,292.4,0.0,34.1,7041.8,58510.4,0.0,0.56,0.0,624.56,2.22,5.8,0.1,67.11,38.37
1788428833.949,451.36,ndvi_acquire_gee,1,292.4,292.4,0.0,32.8,7039.5,58512.8,0.0,0.56,0.0,624.94,2.22,5.8,0.1,67.11,38.37
1788428834.45,451.86,ndvi_acquire_gee,1,292.4,292.4,0.0,34.8,7039.9,58512.3,0.0,0.56,0.0,624.94,2.23,5.9,0.1,67.11,38.37
1788428834.951,452.36,ndvi_acquire_gee,1,292.4,292.4,0.0,34.0,7039.4,58512.9,0.0,0.56,0.0,625.26,2.23,5.9,0.1,67.11,38.37
1788428835.453,452.86,ndvi_acquire_gee,1,292.4,292.4,0.0,34.5,7036.3,58515.9,0.0,0.56,0.0,625.37,2.24,5.9,0.1,67.11,38.37
1788428835.954,453.36,ndvi_acquire_gee,1,292.4,292.4,2.0,34.6,7032.1,58520.1,0.0,0.56,0.0,625.56,2.24,5.9,0.1,67.11,38.37
1788428836.455,453.87,ndvi_acquire_gee,1,292.4,292.4,0.0,27.7,6919.5,58632.7,0.0,0.56,0.0,625.66,2.24,5.9,0.1,67.11,38.37
1788428836.956,454.37,ndvi_acquire_gee,1,292.4,292.4,0.0,33.3,7003.3,58549.0,0.0,0.56,0.0,625.88,2.24,5.9,0.1,67.11,38.37
1788428837.458,454.87,ndvi_acquire_gee,1,292.4,292.4,0.0,25.4,6786.6,58765.6,0.0,0.56,0.0,625.88,2.24,5.9,0.1,67.11,38.37
1788428837.959,455.37,ndvi_acquire_gee,1,292.4,292.4,0.0,32.4,6857.5,58694.8,0.0,0.56,0.0,626.99,2.24,5.9,0.1,67.11,38.37
1788428838.461,455.87,ndvi_acquire_gee,1,292.4,292.4,0.0,29.3,6840.7,58711.5,0.0,0.56,0.0,626.99,2.24,5.91,0.1,67.11,38.37
1788428838.962,456.37,ndvi_acquire_gee,1,292.4,292.4,0.0,32.9,6950.9,58601.4,0.0,0.56,0.0,627.15,2.25,5.91,0.1,67.11,38.37
1788428839.463,456.87,ndvi_acquire_gee,1,292.4,292.4,0.0,29.7,6924.4,58627.8,0.0,0.56,0.0,627.28,2.25,5.91,0.1,67.11,38.37
1788428839.965,457.37,ndvi_acquire_gee,1,292.4,292.4,0.0,30.0,6909.1,58643.1,0.0,0.56,0.0,627.74,2.25,5.91,0.1,67.11,38.37
1788428840.466,457.88,ndvi_acquire_gee,1,292.4,292.4,2.0,31.1,6902.7,58649.5,0.0,0.56,0.0,627.74,2.25,5.91,0.1,67.11,38.37
1788428840.967,458.38,ndvi_acquire_gee,1,292.4,292.4,0.0,29.9,7099.9,58452.3,0.0,0.56,0.0,628.19,2.25,5.91,0.1,67.11,38.37
1788428841.468,458.88,ndvi_acquire_gee,1,292.4,292.4,0.0,31.2,7073.6,58478.6,0.0,0.56,0.0,628.37,2.25,5.91,0.1,67.11,38.37
1788428841.969,459.38,ndvi_acquire_gee,1,292.4,292.4,0.0,30.5,7155.6,58396.6,0.0,0.56,0.0,628.56,2.25,5.91,0.1,67.11,38.37
1788428842.471,459.88,ndvi_acquire_gee,1,292.4,292.4,0.0,32.6,7228.5,58323.7,0.0,0.56,0.0,628.74,2.26,5.91,0.1,67.11,38.37
1788428842.972,460.38,ndvi_acquire_gee,1,292.4,292.4,0.0,33.8,7290.4,58261.8,0.0,0.56,0.0,629.31,2.26,5.91,0.1,67.11,38.37
1788428843.473,460.88,ndvi_acquire_gee,1,292.4,292.4,2.0,25.4,7408.8,58143.4,0.0,0.56,0.0,629.33,2.26,5.91,0.1,67.11,38.37
1788428843.974,461.38,ndvi_acquire_gee,1,292.4,292.4,0.0,33.6,7495.2,58057.1,0.0,0.56,0.0,629.59,2.26,5.92,0.1,67.11,38.37
1788428844.476,461.89,ndvi_acquire_gee,1,292.4,292.4,0.0,28.6,7248.9,58303.4,0.0,0.56,0.0,629.59,2.26,5.92,0.1,67.11,38.37
1788428844.977,462.39,ndvi_acquire_gee,1,292.4,292.4,0.0,30.4,7289.2,58263.0,0.0,0.56,0.0,630.02,2.27,6.01,0.1,67.11,38.37
1788428845.478,462.89,ndvi_acquire_gee,1,292.4,292.4,0.0,32.0,7353.6,58198.6,0.0,0.56,0.0,630.02,2.27,6.01,0.1,67.11,38.37
1788428845.979,463.39,ndvi_acquire_gee,1,292.4,292.4,0.0,31.8,7227.3,58324.9,0.0,0.56,0.0,630.53,2.27,6.01,0.1,67.11,38.37
1788428846.481,463.89,ndvi_acquire_gee,1,292.4,292.4,0.0,29.6,7124.9,58427.4,0.0,0.56,0.0,630.53,2.27,6.02,0.1,67.11,38.37
1788428846.982,464.39,ndvi_acquire_gee,1,292.4,292.4,0.0,32.5,7206.7,58345.5,0.0,0.56,0.0,631.09,2.27,6.02,0.1,67.11,38.37
1788428847.483,464.89,ndvi_acquire_gee,1,292.4,292.4,2.0,31.8,7285.8,58266.4,0.0,0.56,0.0,631.09,2.27,6.02,0.1,67.11,38.37
1788428847.984,465.39,ndvi_acquire_gee,1,292.4,292.4,0.0,31.3,7146.5,58405.7,0.0,0.56,0.0,631.3,2.27,6.02,0.1,67.11,38.37
1788428848.486,465.9,ndvi_acquire_gee,1,292.4,292.4,0.0,30.6,7231.9,58320.3,0.0,0.56,0.0,631.35,2.27,6.02,0.1,67.11,38.37
1788428848.987,466.4,ndvi_acquire_gee,1,292.4,292.4,0.0,30.1,6979.6,58572.6,0.0,0.56,0.0,631.53,2.28,6.02,0.1,67.11,38.37
1788428849.488,466.9,ndvi_acquire_gee,1,292.4,292.4,0.0,30.5,7096.2,58456.0,0.0,0.56,0.0,631.8,2.28,6.02,0.1,67.11,38.37
1788428849.99,467.4,ndvi_acquire_gee,1,292.4,292.4,0.0,30.0,7197.3,58354.9,0.0,0.57,0.0,631.85,2.28,6.02,0.1,67.11,38.37
1788428850.491,467.9,ndvi_acquire_gee,1,292.4,292.4,0.0,29.5,7303.8,58248.4,0.0,0.57,0.0,631.92,2.28,6.02,0.1,67.11,38.37
1788428850.992,468.4,ndvi_acquire_gee,1,292.4,292.4,0.0,30.4,7239.6,58312.6,0.0,0.57,0.0,632.08,2.28,6.02,0.1,67.11,38.37
1788428851.493,468.9,ndvi_acquire_gee,1,292.4,292.4,0.0,32.6,7081.1,58471.1,0.0,0.57,0.0,632.08,2.28,6.02,0.1,67.11,38.37
1788428851.995,469.4,ndvi_acquire_gee,1,292.4,292.4,0.0,28.8,6948.1,58604.1,0.0,0.57,0.0,632.39,2.28,6.02,0.1,67.11,38.37
1788428852.496,469.91,ndvi_acquire_gee,1,292.4,292.4,0.0,30.7,7009.2,58543.0,0.0,0.57,0.0,632.47,2.28,6.02,0.1,67.11,38.37
1788428852.997,470.41,ndvi_acquire_gee,1,292.4,292.4,0.0,29.9,7089.2,58463.0,0.0,0.57,0.0,632.97,2.28,6.02,0.1,67.11,38.37
1788428853.498,470.91,ndvi_acquire_gee,1,292.4,292.4,0.0,28.1,7051.3,58500.9,0.0,0.57,0.0,632.97,2.28,6.02,0.1,67.11,38.37
1788428854.0,471.41,ndvi_acquire_gee,1,292.4,292.4,0.0,32.4,7148.3,58403.9,0.0,0.57,0.0,633.46,2.28,6.03,0.1,67.11,38.37
1788428854.501,471.91,ndvi_acquire_gee,1,292.4,292.4,0.0,29.9,7119.9,58432.3,0.0,0.57,0.0,633.48,2.28,6.03,0.1,67.11,38.37
1788428855.002,472.41,ndvi_acquire_gee,1,292.4,292.4,0.0,32.7,7084.5,58467.7,0.0,0.57,0.0,634.03,2.28,6.03,0.1,67.11,38.37
1788428855.504,472.91,ndvi_acquire_gee,1,292.4,292.4,4.0,27.4,7002.8,58549.5,0.0,0.57,0.0,634.05,2.28,6.03,0.1,67.11,38.37
1788428856.005,473.41,ndvi_acquire_gee,1,292.4,292.4,0.0,34.3,7152.1,58400.1,0.0,0.57,0.0,634.45,2.29,6.03,0.1,67.11,38.37
1788428856.506,473.92,ndvi_acquire_gee,1,292.4,292.4,0.0,28.0,6997.9,58554.4,0.0,0.57,0.0,634.45,2.3,6.13,0.1,67.11,38.37
1788428857.007,474.42,ndvi_acquire_gee,1,292.4,292.4,0.0,29.3,7079.2,58473.1,0.0,0.57,0.0,634.64,2.3,6.13,0.1,67.11,38.37
1788428857.508,474.92,ndvi_acquire_gee,1,292.4,292.4,0.0,31.9,7055.0,58497.2,0.0,0.57,0.0,634.83,2.3,6.13,0.1,67.11,38.37
1788428858.01,475.42,ndvi_acquire_gee,1,292.4,292.4,0.0,32.5,7012.0,58540.2,0.0,0.57,0.0,640.76,2.31,6.13,0.1,67.11,38.37
1788428858.511,475.92,ndvi_acquire_gee,1,292.4,292.4,0.0,30.6,7163.4,58388.9,0.0,0.57,0.0,640.89,2.31,6.13,0.1,67.11,38.37
1788428859.012,476.42,ndvi_acquire_gee,1,292.4,292.4,0.0,30.1,7130.6,58420.5,0.0,0.57,0.0,641.09,2.31,6.13,0.1,67.11,38.37
1788428859.513,476.92,ndvi_acquire_gee,1,292.4,292.4,2.0,33.3,7271.3,58280.4,0.0,0.57,0.0,641.09,2.31,6.13,0.1,67.11,38.37
1788428860.015,477.42,ndvi_acquire_gee,1,292.4,292.4,0.0,30.5,7342.1,58209.6,0.0,0.57,0.0,641.62,2.31,6.13,0.1,67.11,38.37
1788428860.516,477.93,ndvi_acquire_gee,1,292.4,292.4,0.0,32.0,7423.6,58128.0,0.0,0.57,0.0,641.64,2.31,6.13,0.1,67.11,38.37
1788428861.017,478.43,ndvi_acquire_gee,1,292.4,292.4,0.0,31.5,7523.8,58027.9,0.0,0.57,0.0,641.86,2.32,6.14,0.1,67.11,38.37
1788428861.518,478.93,ndvi_acquire_gee,1,292.4,292.4,0.0,32.6,7511.3,58040.3,0.0,0.57,0.0,642.05,2.32,6.14,0.1,67.11,38.37
1788428862.02,479.43,ndvi_acquire_gee,1,292.4,292.4,0.0,32.3,7564.3,57987.4,0.0,0.57,0.0,642.49,2.32,6.14,0.1,67.11,38.37
1788428862.521,479.93,ndvi_acquire_gee,1,292.4,292.4,0.0,33.0,7224.9,58326.7,0.0,0.57,0.0,642.49,2.32,6.14,0.1,67.11,38.37
1788428863.022,480.43,ndvi_acquire_gee,1,292.4,292.4,2.0,32.1,7306.3,58245.4,0.0,0.57,0.0,643.31,2.32,6.14,0.1,67.11,38.37
1788428863.523,480.93,ndvi_acquire_gee,1,292.4,292.4,0.0,32.9,7152.7,58398.9,0.0,0.57,0.0,643.35,2.32,6.14,0.1,67.11,38.37
1788428864.025,481.43,ndvi_acquire_gee,1,292.4,292.4,0.0,29.3,7269.1,58282.6,0.0,0.57,0.0,643.81,2.32,6.14,0.1,67.11,38.37
1788428864.526,481.94,ndvi_acquire_gee,1,292.4,292.4,0.0,30.7,7346.9,58204.8,0.0,0.57,0.0,643.99,2.32,6.14,0.1,67.11,38.37
1788428865.027,482.44,ndvi_acquire_gee,1,292.4,292.4,0.0,31.5,7589.0,57962.6,0.0,0.57,0.0,644.19,2.32,6.14,0.1,67.11,38.37
1788428865.529,482.94,ndvi_acquire_gee,1,292.4,292.4,0.0,30.4,7398.4,58153.3,0.0,0.57,0.0,644.2,2.32,6.15,0.1,67.11,38.37
1788428866.03,483.44,ndvi_acquire_gee,1,292.4,292.4,0.0,33.3,7420.8,58130.9,0.0,0.57,0.0,644.37,2.33,6.15,0.1,67.11,38.37
1788428866.531,483.94,ndvi_acquire_gee,1,292.4,292.4,2.0,33.6,7358.5,58193.1,0.0,0.57,0.0,644.43,2.34,6.25,0.1,67.11,38.37
1788428867.032,484.44,ndvi_acquire_gee,1,292.4,292.4,0.0,29.9,7409.4,58142.3,0.0,0.57,0.0,644.43,2.34,6.25,0.1,67.11,38.37
1788428867.534,484.94,ndvi_acquire_gee,1,292.4,292.4,0.0,30.4,7451.1,58100.6,0.0,0.57,0.0,644.53,2.34,6.25,0.1,67.11,38.37
1788428868.035,485.44,ndvi_acquire_gee,1,292.4,292.4,0.0,30.5,7336.9,58214.8,0.0,0.57,0.0,645.14,2.34,6.25,0.1,67.11,38.37
1788428868.536,485.95,ndvi_acquire_gee,1,292.4,292.4,0.0,31.4,7253.3,58298.4,0.0,0.57,0.0,645.14,2.34,6.25,0.1,67.11,38.37
1788428869.038,486.45,ndvi_acquire_gee,1,292.4,292.4,0.0,36.0,7254.5,58297.2,0.0,0.57,0.0,645.35,2.34,6.25,0.1,67.11,38.37
1788428869.54,486.95,ndvi_acquire_gee,1,292.4,292.4,0.0,26.0,7232.1,58319.5,0.0,0.57,0.0,645.35,2.35,6.25,0.1,67.11,38.37
1788428870.041,487.45,ndvi_acquire_gee,1,292.4,292.4,0.0,25.7,7244.5,58307.2,0.0,0.57,0.0,645.99,2.35,6.25,0.1,67.11,38.37
1788428870.542,487.95,ndvi_acquire_gee,1,292.4,292.4,2.0,23.5,7248.0,58303.6,0.0,0.57,0.0,646.02,2.35,6.25,0.1,67.11,38.37
1788428871.044,488.45,ndvi_acquire_gee,1,292.4,292.4,0.0,29.8,7296.4,58255.3,0.0,0.57,0.0,646.43,2.35,6.25,0.1,67.11,38.37
1788428871.545,488.95,ndvi_acquire_gee,1,292.4,292.4,0.0,29.1,7192.9,58358.8,0.0,0.57,0.0,646.56,2.35,6.25,0.1,67.11,38.37
1788428872.046,489.46,ndvi_acquire_gee,1,292.4,292.4,0.0,31.5,7354.4,58197.2,0.0,0.57,0.0,646.97,2.35,6.25,0.1,67.11,38.37
1788428872.548,489.96,ndvi_acquire_gee,1,292.4,292.4,0.0,31.0,7030.0,58521.7,0.0,0.57,0.0,647.34,2.35,6.25,0.1,67.11,38.37
1788428873.049,490.46,ndvi_acquire_gee,1,292.4,292.4,0.0,30.5,7256.8,58294.9,0.0,0.57,0.0,647.72,2.36,6.25,0.1,67.11,38.37
1788428873.55,490.96,ndvi_acquire_gee,1,292.4,292.4,0.0,29.7,6936.9,58614.8,0.0,0.57,0.0,648.18,2.36,6.25,0.1,67.11,38.37
1788428874.051,491.46,ndvi_acquire_gee,1,292.4,292.4,0.0,29.7,7176.8,58374.9,0.0,0.57,0.0,649.18,2.36,6.26,0.1,67.11,38.37
1788428874.553,491.96,ndvi_acquire_gee,1,292.4,292.4,0.0,28.6,6955.2,58596.5,0.0,0.57,0.0,649.54,2.36,6.26,0.1,67.11,38.37
1788428875.054,492.46,ndvi_acquire_gee,1,292.4,292.4,0.0,31.1,7183.8,58367.6,0.0,0.57,0.0,649.54,2.36,6.26,0.1,67.11,38.37
1788428875.555,492.96,ndvi_acquire_gee,1,292.4,292.4,0.0,27.1,6957.4,58594.3,0.0,0.57,0.0,649.73,2.36,6.26,0.1,67.11,38.37
1788428876.056,493.47,ndvi_acquire_gee,1,292.4,292.4,0.0,29.2,7167.6,58384.0,0.0,0.57,0.0,649.81,2.36,6.26,0.1,67.11,38.37
1788428876.558,493.97,ndvi_acquire_gee,1,292.4,292.4,0.0,32.3,7074.6,58477.1,0.0,0.57,0.0,650.06,2.36,6.26,0.1,67.11,38.37
1788428877.059,494.47,ndvi_acquire_gee,1,292.4,292.4,0.0,33.6,7171.2,58380.4,0.0,0.57,0.0,650.23,2.37,6.35,0.1,67.11,38.37
1788428877.56,494.97,ndvi_acquire_gee,1,292.4,292.4,0.0,31.9,7172.9,58378.8,0.0,0.57,0.0,650.38,2.38,6.36,0.1,67.11,38.37
1788428878.061,495.47,ndvi_acquire_gee,1,292.4,292.4,0.0,40.2,7078.0,58473.7,0.0,0.57,0.0,653.96,2.38,6.36,0.1,67.11,38.37
1788428878.563,495.97,ndvi_acquire_gee,1,292.4,292.4,0.0,29.7,7286.1,58265.5,0.0,0.57,0.0,654.1,2.38,6.36,0.1,67.11,38.37
1788428879.064,496.47,ndvi_acquire_gee,1,292.4,292.4,2.0,29.2,7380.5,58171.1,0.0,0.57,0.0,654.35,2.38,6.36,0.1,67.11,38.37
1788428879.565,496.97,ndvi_acquire_gee,1,292.4,292.4,0.0,31.3,7366.7,58185.0,0.0,0.57,0.0,654.69,2.38,6.36,0.1,67.11,38.37
1788428880.066,497.48,ndvi_acquire_gee,1,292.4,292.4,0.0,26.7,7178.2,58373.5,0.0,0.57,0.0,654.69,2.38,6.36,0.1,67.11,38.37
1788428880.567,497.98,ndvi_acquire_gee,1,292.4,292.4,0.0,31.2,7178.9,58372.7,0.0,0.57,0.0,654.84,2.38,6.36,0.1,67.11,38.37
1788428881.069,498.48,ndvi_acquire_gee,1,292.4,292.4,0.0,29.5,7216.9,58334.8,0.0,0.57,0.0,654.84,2.38,6.36,0.1,67.11,38.37
1788428881.57,498.98,ndvi_acquire_gee,1,292.4,292.4,0.0,30.4,7265.1,58286.6,0.0,0.57,0.0,655.03,2.38,6.36,0.1,67.11,38.37
1788428882.071,499.48,ndvi_acquire_gee,1,292.4,292.4,0.0,29.2,7213.1,58338.6,0.0,0.57,0.0,655.07,2.38,6.36,0.1,67.11,38.37
1788428882.573,499.98,ndvi_acquire_gee,1,292.4,292.4,2.0,31.0,7168.9,58382.8,0.0,0.57,0.0,655.11,2.39,6.37,0.1,67.11,38.37
1788428883.074,500.48,ndvi_acquire_gee,1,292.4,292.4,2.0,30.8,7224.6,58327.1,0.0,0.58,0.0,655.45,2.39,6.37,0.1,67.11,38.37
1788428883.575,500.99,ndvi_acquire_gee,1,292.4,292.4,0.0,29.1,7289.7,58262.0,0.0,0.58,0.0,655.7,2.39,6.37,0.1,67.11,38.37
1788428884.077,501.49,ndvi_acquire_gee,1,292.4,292.4,0.0,31.5,7347.6,58204.1,0.0,0.58,0.0,655.7,2.39,6.37,0.1,67.11,38.37
1788428884.578,501.99,ndvi_acquire_gee,1,292.4,292.4,0.0,29.2,7387.5,58164.2,0.0,0.58,0.0,656.29,2.39,6.37,0.1,67.11,38.37
1788428885.079,502.49,ndvi_acquire_gee,1,292.4,292.4,0.0,30.5,7549.7,58001.9,0.0,0.58,0.53,656.65,2.39,6.37,0.1,67.11,38.37
1788428885.581,502.99,ndvi_acquire_gee,1,292.4,292.4,0.0,29.5,7455.2,58096.4,0.0,0.58,0.53,657.03,2.4,6.37,0.1,67.11,38.37
1788428886.082,503.49,ndvi_acquire_gee,1,292.4,292.4,0.0,32.5,7539.6,58012.1,0.0,0.58,0.53,657.05,2.4,6.37,0.1,67.11,38.37
1788428886.583,503.99,ndvi_acquire_gee,1,292.4,292.4,2.0,31.0,7292.1,58259.5,0.0,0.58,0.53,657.1,2.4,6.38,0.1,67.11,38.37
1788428887.085,504.49,ndvi_acquire_gee,1,292.4,292.4,0.0,29.6,7412.4,58139.2,0.0,0.58,0.53,657.12,2.4,6.38,0.1,67.11,38.37
1788428887.586,505.0,ndvi_acquire_gee,1,292.4,292.4,0.0,27.9,7101.4,58450.2,0.0,0.58,0.53,657.49,2.4,6.38,0.1,67.11,38.37
1788428888.087,505.5,ndvi_acquire_gee,1,292.4,292.4,0.0,31.0,7092.8,58458.9,0.0,0.58,0.53,657.76,2.42,6.48,0.1,67.11,38.37
1788428888.588,506.0,ndvi_acquire_gee,1,292.4,292.4,0.0,27.4,7208.4,58343.3,0.0,0.58,0.53,657.87,2.42,6.48,0.1,67.11,38.37
1788428889.089,506.5,ndvi_acquire_gee,1,292.4,292.4,0.0,29.9,7248.5,58303.1,0.0,0.58,0.53,658.09,2.42,6.48,0.1,67.11,38.37
1788428889.591,507.0,ndvi_acquire_gee,1,292.4,292.4,0.0,32.0,7096.7,58454.9,0.0,0.58,0.53,658.6,2.42,6.48,0.1,67.11,38.37
1788428890.092,507.5,ndvi_acquire_gee,1,292.4,292.4,2.0,29.4,7203.3,58348.3,0.0,0.58,0.53,658.6,2.42,6.48,0.1,67.11,38.37
1788428890.594,508.0,ndvi_acquire_gee,1,292.4,292.4,0.0,29.6,7071.7,58480.0,0.0,0.58,0.53,658.87,2.42,6.48,0.1,67.11,38.37
1788428891.095,508.5,ndvi_acquire_gee,1,292.4,292.4,0.0,31.6,7153.7,58398.0,0.0,0.58,0.53,658.87,2.42,6.48,0.1,67.11,38.37
1788428891.596,509.01,ndvi_acquire_gee,1,292.4,292.4,0.0,30.2,7115.1,58436.5,0.0,0.58,0.53,659.17,2.42,6.48,0.1,67.11,38.37
1788428892.098,509.51,ndvi_acquire_gee,1,292.4,292.4,0.0,29.4,7116.5,58435.2,0.0,0.58,0.53,659.27,2.42,6.48,0.1,67.11,38.37
1788428892.599,510.01,ndvi_acquire_gee,1,292.4,292.4,0.0,31.2,7210.7,58341.0,0.0,0.58,0.53,659.44,2.42,6.48,0.1,67.11,38.37
1788428893.1,510.51,ndvi_acquire_gee,1,292.4,292.4,0.0,31.4,7227.6,58324.1,0.0,0.58,0.53,659.7,2.42,6.48,0.1,67.11,38.37
1788428893.601,511.01,ndvi_acquire_gee,1,292.4,292.4,0.0,31.7,6804.5,58747.1,0.0,0.58,0.53,659.89,2.43,6.48,0.1,67.11,38.37
1788428894.103,511.51,ndvi_acquire_gee,1,292.4,292.4,0.0,31.1,6947.5,58604.2,0.0,0.58,0.53,659.9,2.43,6.48,0.1,67.11,38.37
1788428894.604,512.01,ndvi_acquire_gee,1,292.4,292.4,2.0,33.2,6980.4,58571.2,0.0,0.58,0.53,660.3,2.43,6.48,0.1,67.11,38.37
1788428895.105,512.51,ndvi_acquire_gee,1,292.4,292.4,0.0,32.5,6971.2,58580.4,0.0,0.58,0.53,660.3,2.43,6.49,0.1,67.11,38.37
1788428895.606,513.02,ndvi_acquire_gee,1,292.4,292.4,0.0,29.9,6941.4,58610.2,0.0,0.58,0.53,660.57,2.43,6.49,0.1,67.11,38.37
1788428896.108,513.52,ndvi_acquire_gee,1,292.4,292.4,0.0,24.0,6922.2,58629.3,0.0,0.58,0.53,660.57,2.43,6.49,0.1,67.11,38.37
1788428896.609,514.02,ndvi_acquire_gee,1,292.4,292.4,0.0,19.0,6939.3,58612.2,0.0,0.58,0.53,660.73,2.43,6.49,0.1,67.11,38.37
1788428897.11,514.52,ndvi_acquire_gee,1,292.4,292.4,0.0,29.6,6993.0,58558.4,0.0,0.58,0.53,660.73,2.43,6.49,0.1,67.11,38.37
1788428897.611,515.02,ndvi_acquire_gee,1,292.4,292.4,0.0,30.8,7052.2,58499.2,0.0,0.58,0.54,660.82,2.43,6.49,0.1,67.11,38.37
1788428898.113,515.52,ndvi_acquire_gee,1,292.4,292.4,2.0,31.9,7069.5,58481.9,0.0,0.58,0.54,660.85,2.44,6.49,0.1,67.11,38.37
1788428898.614,516.02,ndvi_acquire_gee,1,292.4,292.4,0.0,35.9,7080.5,58470.9,0.0,0.58,0.54,660.87,2.44,6.59,0.1,67.11,38.37
1788428899.115,516.52,ndvi_acquire_gee,1,292.4,292.4,0.0,33.0,7081.8,58469.5,0.0,0.58,0.54,660.93,2.45,6.59,0.1,67.11,38.37
1788428899.616,517.03,ndvi_acquire_gee,1,292.4,292.4,0.0,28.9,7082.4,58469.0,0.0,0.58,0.54,661.22,2.45,6.59,0.1,67.11,38.37
1788428900.118,517.53,ndvi_acquire_gee,1,292.4,292.4,0.0,29.0,7084.2,58467.1,0.0,0.58,0.54,661.43,2.45,6.59,0.1,67.11,38.37
1788428900.619,518.03,ndvi_acquire_gee,1,292.4,292.4,0.0,28.9,7084.4,58467.0,0.0,0.58,0.54,661.63,2.45,6.59,0.1,67.11,38.37
1788428901.12,518.53,ndvi_acquire_gee,1,292.4,292.4,0.0,37.7,7087.1,58464.6,0.0,0.58,0.55,661.63,2.45,6.59,0.1,67.11,38.37
1788428901.621,519.03,ndvi_acquire_gee,1,292.4,292.4,0.0,33.3,7087.9,58463.4,0.0,0.58,0.57,661.94,2.45,6.59,0.1,67.11,38.37
1788428902.123,519.53,ndvi_acquire_gee,1,292.4,292.4,0.0,28.4,6921.5,58629.8,0.0,0.58,0.57,661.94,2.45,6.59,0.1,67.11,38.37
1788428902.624,520.03,ndvi_acquire_gee,1,292.4,292.4,0.0,32.6,7038.0,58513.2,0.0,0.58,0.57,662.06,2.46,6.59,0.1,67.11,38.37
1788428903.125,520.53,ndvi_acquire_gee,1,292.4,292.4,2.0,29.8,7049.6,58501.6,0.0,0.58,0.57,662.79,2.46,6.59,0.1,67.11,38.37
1788428903.626,521.04,ndvi_acquire_gee,1,292.4,292.4,0.0,31.0,6999.9,58551.2,0.0,0.58,0.57,663.86,2.46,6.6,0.1,67.11,38.37
1788428904.127,521.54,ndvi_acquire_gee,1,292.4,292.4,0.0,30.1,7098.2,58453.0,0.0,0.58,0.57,664.47,2.46,6.6,0.1,67.11,38.37
1788428904.629,522.04,ndvi_acquire_gee,1,292.4,292.4,0.0,32.6,7176.7,58374.4,0.0,0.58,0.57,665.2,2.46,6.6,0.1,67.11,38.37
1788428905.13,522.54,ndvi_acquire_gee,1,292.4,292.4,0.0,28.1,7050.3,58500.8,0.0,0.58,0.57,665.67,2.46,6.6,0.1,67.11,38.37
1788428905.631,523.04,ndvi_acquire_gee,1,292.4,292.4,2.0,30.4,7204.7,58346.4,0.0,0.58,0.57,666.34,2.47,6.6,0.1,67.11,38.37
1788428906.133,523.54,ndvi_acquire_gee,1,292.4,292.4,0.0,30.7,7180.2,58370.9,0.0,0.58,0.57,666.82,2.47,6.6,0.1,67.11,38.37
1788428906.634,524.04,ndvi_acquire_gee,1,292.4,292.4,0.0,32.0,7236.1,58315.0,0.0,0.58,0.57,667.45,2.47,6.6,0.1,67.11,38.37
1788428907.142,524.55,ndvi_acquire_gee,1,292.4,292.4,0.0,29.7,7157.1,58394.1,0.0,0.58,0.57,667.87,2.47,6.6,0.1,67.11,38.37
1788428907.644,525.05,ndvi_acquire_gee,1,292.4,292.4,0.0,29.8,7084.8,58466.4,0.0,0.58,0.57,668.61,2.47,6.6,0.1,67.11,38.37
1788428908.145,525.55,ndvi_acquire_gee,1,292.4,292.4,0.0,30.8,7242.2,58308.9,0.0,0.58,0.57,669.18,2.47,6.61,0.1,67.11,38.37
1788428908.646,526.06,ndvi_acquire_gee,1,292.4,292.4,0.0,29.8,7269.5,58281.6,0.0,0.59,0.57,670.07,2.47,6.61,0.1,67.11,38.37
1788428909.147,526.56,ndvi_acquire_gee,1,292.4,292.4,0.0,29.0,7189.2,58361.9,0.0,0.59,0.57,670.57,2.48,6.7,0.1,67.11,38.37
1788428909.649,527.06,ndvi_acquire_gee,1,292.4,292.4,0.0,32.9,7290.5,58260.7,0.0,0.59,0.57,671.49,2.49,6.7,0.1,67.11,38.37
1788428910.15,527.56,ndvi_acquire_gee,1,292.4,292.4,0.0,28.7,7204.0,58347.1,0.0,0.59,0.57,671.94,2.49,6.71,0.1,67.11,38.37
1788428910.651,528.06,ndvi_acquire_gee,1,292.4,292.4,2.0,31.2,7263.1,58287.9,0.0,0.59,0.57,672.77,2.49,6.71,0.1,67.11,38.37
1788428911.152,528.56,ndvi_acquire_gee,1,292.4,292.4,0.0,21.3,7313.5,58237.5,0.0,0.59,0.57,673.25,2.49,6.71,0.1,67.11,38.37
1788428911.654,529.06,ndvi_acquire_gee,1,292.4,292.4,0.0,20.6,7376.6,58174.3,0.0,0.59,0.57,673.96,2.49,6.71,0.1,67.11,38.37
1788428912.155,529.57,ndvi_acquire_gee,1,292.4,292.4,0.0,31.5,7401.9,58149.0,0.0,0.59,0.57,674.35,2.49,6.71,0.1,67.11,38.37
1788428912.657,530.07,ndvi_acquire_gee,1,292.4,292.4,0.0,29.9,7154.0,58397.0,0.0,0.59,0.57,674.95,2.49,6.71,0.1,67.11,38.37
1788428913.158,530.57,ndvi_acquire_gee,1,292.4,292.4,0.0,23.8,7349.9,58201.1,0.0,0.59,0.57,675.52,2.49,6.71,0.1,67.11,38.37
1788428913.659,531.07,ndvi_acquire_gee,1,292.4,292.4,2.0,30.0,7255.9,58294.7,0.0,0.59,0.57,676.17,2.49,6.71,0.1,67.11,38.37
1788428914.16,531.57,ndvi_acquire_gee,1,292.4,292.4,0.0,31.6,7210.6,58340.2,0.0,0.59,0.57,676.67,2.49,6.71,0.1,67.11,38.37
1788428914.662,532.07,ndvi_acquire_gee,1,292.4,292.4,0.0,33.0,7347.6,58203.3,0.0,0.59,0.57,677.44,2.49,6.71,0.1,67.11,38.37
1788428915.163,532.57,ndvi_acquire_gee,1,292.4,292.4,0.0,33.6,7166.8,58384.1,0.0,0.59,0.57,677.96,2.5,6.71,0.1,67.11,38.37
1788428915.664,533.07,ndvi_acquire_gee,1,292.4,292.4,0.0,30.4,7273.6,58277.3,0.0,0.59,0.57,678.68,2.5,6.71,0.1,67.11,38.37
1788428916.166,533.58,ndvi_acquire_gee,1,292.4,292.4,0.0,30.3,7266.6,58284.4,0.0,0.59,0.57,679.08,2.5,6.72,0.1,67.11,38.37
1788428916.667,534.08,ndvi_acquire_gee,1,292.4,292.4,0.0,30.8,7134.9,58416.1,0.0,0.59,0.57,679.78,2.5,6.72,0.1,67.11,38.37
1788428917.168,534.58,ndvi_acquire_gee,1,292.4,292.4,0.0,30.7,7000.8,58550.1,0.0,0.59,0.57,680.19,2.5,6.72,0.1,67.11,38.37
1788428917.669,535.08,ndvi_acquire_gee,1,292.4,292.4,0.0,26.4,6937.0,58613.9,0.0,0.59,0.57,681.53,2.51,6.72,0.1,67.11,38.37
1788428918.171,535.58,ndvi_acquire_gee,1,292.4,292.4,2.0,27.9,7079.6,58471.3,0.0,0.59,0.57,684.64,2.51,6.72,0.1,67.11,38.37
1788428918.672,536.08,ndvi_acquire_gee,1,292.4,292.4,0.0,28.9,6978.9,58572.0,0.0,0.59,0.57,685.61,2.51,6.72,0.1,67.11,38.37
1788428919.173,536.58,ndvi_acquire_gee,1,292.4,292.4,0.0,28.9,6964.3,58586.6,0.0,0.59,0.57,686.1,2.51,6.72,0.1,67.11,38.37
1788428919.675,537.08,ndvi_acquire_gee,1,292.4,292.4,0.0,30.5,7132.4,58418.5,0.0,0.59,0.57,686.93,2.52,6.82,0.1,67.11,38.37
1788428920.176,537.59,ndvi_acquire_gee,1,292.4,292.4,0.0,30.1,6973.2,58577.7,0.0,0.59,0.57,687.17,2.53,6.82,0.1,67.11,38.37
1788428920.677,538.09,ndvi_acquire_gee,1,292.4,292.4,0.0,32.9,7129.4,58421.5,0.0,0.59,0.57,687.87,2.53,6.82,0.1,67.11,38.37
1788428921.178,538.59,ndvi_acquire_gee,1,292.4,292.4,0.0,25.7,7072.4,58478.5,0.0,0.59,0.57,687.99,2.53,6.82,0.1,67.11,38.37
1788428921.68,539.09,ndvi_acquire_gee,1,292.4,292.4,0.0,32.8,7179.1,58371.8,0.0,0.59,0.57,688.4,2.53,6.82,0.1,67.11,38.37
1788428922.181,539.59,ndvi_acquire_gee,1,292.4,292.4,0.0,26.3,6882.9,58668.0,0.0,0.59,0.57,688.4,2.53,6.82,0.1,67.11,38.37
1788428922.682,540.09,ndvi_acquire_gee,1,292.4,292.4,2.0,30.5,7103.1,58447.8,0.0,0.59,0.57,688.48,2.53,6.82,0.1,67.11,38.37
1788428923.183,540.59,ndvi_acquire_gee,1,292.4,292.4,0.0,32.4,7124.8,58426.2,0.0,0.59,0.57,688.49,2.53,6.83,0.1,67.11,38.37
1788428923.685,541.09,ndvi_acquire_gee,1,292.4,292.4,0.0,28.0,7047.6,58503.3,0.0,0.59,0.57,688.78,2.53,6.83,0.1,67.11,38.37
1788428924.186,541.6,ndvi_acquire_gee,1,292.4,292.4,0.0,29.9,7078.5,58472.4,0.0,0.59,0.57,688.78,2.53,6.83,0.1,67.11,38.37
1788428924.687,542.1,ndvi_acquire_gee,1,292.4,292.4,0.0,29.2,7118.2,58432.7,0.0,0.59,0.57,689.06,2.53,6.83,0.1,67.11,38.37
1788428925.188,542.6,ndvi_acquire_gee,1,292.4,292.4,0.0,30.3,7125.1,58425.8,0.0,0.59,0.57,689.06,2.53,6.83,0.1,67.11,38.37
1788428925.69,543.1,ndvi_acquire_gee,1,292.4,292.4,0.0,34.2,7020.4,58530.5,0.0,0.59,0.57,689.26,2.54,6.83,0.1,67.11,38.37
1788428926.191,543.6,ndvi_acquire_gee,1,292.4,292.4,2.0,33.8,7111.3,58439.6,0.0,0.59,0.57,689.38,2.54,6.83,0.1,67.11,38.37
1788428926.692,544.1,ndvi_acquire_gee,1,292.4,292.4,0.0,31.9,7219.2,58331.7,0.0,0.59,0.57,689.78,2.54,6.83,0.1,67.11,38.37
1788428927.193,544.6,ndvi_acquire_gee,1,292.4,292.4,0.0,30.2,7325.4,58225.5,0.0,0.59,0.57,689.78,2.54,6.83,0.1,67.11,38.37
1788428927.695,545.1,ndvi_acquire_gee,1,292.4,292.4,0.0,32.7,7410.9,58140.0,0.0,0.59,0.57,690.45,2.55,6.83,0.1,67.11,38.37
1788428928.196,545.61,ndvi_acquire_gee,1,292.4,292.4,0.0,30.3,7385.3,58165.6,0.0,0.59,0.57,690.48,2.55,6.83,0.1,67.11,38.37
1788428928.697,546.11,ndvi_acquire_gee,1,292.4,292.4,0.0,27.7,7087.1,58463.5,0.0,0.59,0.57,690.63,2.55,6.83,0.1,67.11,38.37
1788428929.199,546.61,ndvi_acquire_gee,1,292.4,292.4,0.0,19.4,7206.1,58344.8,0.0,0.59,0.57,690.63,2.55,6.84,0.1,67.11,38.37
1788428929.7,547.11,ndvi_acquire_gee,1,292.4,292.4,0.0,30.7,7068.9,58482.0,0.0,0.59,0.57,690.98,2.55,6.84,0.1,67.11,38.37
1788428930.201,547.61,ndvi_acquire_gee,1,292.4,292.4,2.0,32.6,7264.0,58286.9,0.0,0.59,0.57,690.98,2.56,6.93,0.1,67.11,38.37
1788428930.702,548.11,ndvi_acquire_gee,1,292.4,292.4,0.0,30.5,7118.3,58432.6,0.0,0.59,0.57,691.3,2.57,6.94,0.1,67.11,38.37
1788428931.203,548.61,ndvi_acquire_gee,1,292.4,292.4,0.0,31.3,7336.3,58214.6,0.0,0.59,0.57,693.18,2.57,6.94,0.1,67.11,38.37
1788428931.705,549.11,ndvi_acquire_gee,1,292.4,292.4,0.0,31.1,7218.3,58332.6,0.0,0.59,0.57,693.41,2.57,6.94,0.1,67.11,38.37
1788428932.206,549.62,ndvi_acquire_gee,1,292.4,292.4,0.0,32.5,7340.5,58210.5,0.0,0.59,0.57,693.41,2.57,6.94,0.1,67.11,38.37
1788428932.707,550.12,ndvi_acquire_gee,1,292.4,292.4,0.0,30.0,7189.9,58361.0,0.0,0.59,0.57,694.04,2.57,6.94,0.1,67.11,38.37
1788428933.209,550.62,ndvi_acquire_gee,1,292.4,292.4,0.0,30.1,7404.7,58146.2,0.0,0.59,0.57,694.1,2.57,6.94,0.1,67.11,38.37
1788428933.71,551.12,ndvi_acquire_gee,1,292.4,292.4,0.0,32.7,7389.9,58161.0,0.0,0.59,0.57,695.6,2.57,6.94,0.1,67.11,38.37
1788428934.211,551.62,ndvi_acquire_gee,1,292.4,292.4,0.0,30.6,7274.6,58276.3,0.0,0.59,0.57,695.61,2.57,6.94,0.1,67.11,38.37
1788428934.713,552.12,ndvi_acquire_gee,1,292.4,292.4,2.0,35.5,7377.7,58173.2,0.0,0.59,0.57,696.1,2.57,6.94,0.1,67.11,38.37
1788428935.214,552.62,ndvi_acquire_gee,1,292.4,292.4,0.0,30.2,7428.3,58122.6,0.0,0.59,0.57,696.1,2.57,6.94,0.1,67.11,38.37
1788428935.716,553.13,ndvi_acquire_gee,1,292.4,292.4,0.0,26.4,7404.8,58146.1,0.0,0.59,0.57,696.65,2.57,6.94,0.1,67.11,38.37
1788428936.217,553.63,ndvi_acquire_gee,1,292.4,292.4,0.0,28.5,7232.0,58318.9,0.0,0.59,0.57,696.66,2.58,6.94,0.1,67.11,38.37
1788428936.718,554.13,ndvi_acquire_gee,1,292.4,292.4,0.0,21.3,7202.4,58348.6,0.0,0.59,0.57,696.97,2.58,6.95,0.1,67.11,38.37
1788428937.22,554.63,ndvi_acquire_gee,1,292.4,292.4,0.0,17.6,7203.0,58347.9,0.0,0.59,0.57,697.02,2.58,6.95,0.1,67.11,38.37
1788428937.721,555.13,ndvi_acquire_gee,1,292.4,292.4,0.0,25.7,7284.4,58266.5,0.0,0.59,0.57,697.66,2.58,6.95,0.1,67.11,38.37
1788428938.222,555.63,ndvi_acquire_gee,1,292.4,292.4,2.0,30.2,7359.4,58191.5,0.0,0.59,0.57,697.66,2.58,6.95,0.1,67.11,38.37
1788428938.723,556.13,ndvi_acquire_gee,1,292.4,292.4,0.0,30.8,7510.8,58040.1,0.0,0.59,0.57,697.7,2.58,6.95,0.1,67.11,38.37
1788428939.225,556.63,ndvi_acquire_gee,1,292.4,292.4,0.0,29.4,7431.4,58119.5,0.0,0.59,0.57,697.7,2.58,6.95,0.1,67.11,38.37
1788428939.726,557.14,ndvi_acquire_gee,1,292.4,292.4,0.0,30.5,7488.3,58062.6,0.0,0.59,0.57,698.05,2.58,6.95,0.1,67.11,38.37
1788428940.228,557.64,ndvi_acquire_gee,1,292.4,292.4,0.0,31.9,7588.8,57962.1,0.0,0.59,0.57,698.24,2.58,6.95,0.1,67.11,38.37
1788428940.729,558.14,ndvi_acquire_gee,1,292.4,292.4,0.0,30.5,7584.4,57966.5,0.0,0.59,0.57,698.41,2.59,7.05,0.1,67.11,38.37
1788428941.23,558.64,ndvi_acquire_gee,1,292.4,292.4,0.0,32.2,7425.4,58125.5,0.0,0.59,0.57,698.41,2.6,7.05,0.1,67.11,38.37
1788428941.732,559.14,ndvi_acquire_gee,1,292.4,292.4,0.0,25.5,7299.2,58251.7,0.0,0.59,0.57,698.86,2.6,7.05,0.1,67.11,38.37
1788428942.233,559.64,ndvi_acquire_gee,1,292.4,292.4,2.0,26.8,7384.8,58166.1,0.0,0.59,0.57,698.86,2.6,7.05,0.1,67.11,38.37
1788428942.735,560.14,ndvi_acquire_gee,1,292.4,292.4,0.0,31.1,7195.0,58356.0,0.0,0.59,0.57,699.08,2.6,7.05,0.1,67.11,38.37
1788428943.236,560.65,ndvi_acquire_gee,1,292.4,292.4,0.0,32.1,7252.4,58298.5,0.0,0.59,0.57,699.09,2.6,7.05,0.1,67.11,38.37
1788428943.737,561.15,ndvi_acquire_gee,1,292.4,292.4,0.0,29.5,7269.3,58281.6,0.0,0.6,0.57,699.25,2.6,7.05,0.1,67.11,38.37
1788428944.239,561.65,ndvi_acquire_gee,1,292.4,292.4,0.0,32.2,7276.6,58274.3,0.0,0.6,0.57,699.42,2.6,7.05,0.1,67.11,38.37
1788428944.74,562.15,ndvi_acquire_gee,1,292.4,292.4,2.0,29.1,7197.3,58353.6,0.0,0.6,0.57,699.77,2.6,7.05,0.1,67.11,38.37
1788428945.241,562.65,ndvi_acquire_gee,1,292.4,292.4,0.0,29.5,7308.3,58242.6,0.0,0.6,0.57,699.83,2.61,7.06,0.1,67.11,38.37
1788428945.743,563.15,ndvi_acquire_gee,1,292.4,292.4,0.0,30.9,7305.8,58245.1,0.0,0.6,0.57,699.96,2.61,7.06,0.1,67.11,38.37
1788428946.244,563.65,ndvi_acquire_gee,1,292.4,292.4,0.0,30.4,7402.4,58148.5,0.0,0.6,0.57,699.96,2.61,7.06,0.1,67.11,38.37
1788428946.746,564.16,ndvi_acquire_gee,1,292.4,292.4,0.0,33.6,7270.2,58280.7,0.0,0.6,0.57,700.41,2.61,7.06,0.1,67.11,38.37
1788428947.247,564.66,ndvi_acquire_gee,1,292.4,292.4,0.0,31.5,7377.4,58173.6,0.0,0.6,0.57,700.46,2.62,7.06,0.1,67.11,38.37
1788428947.748,565.16,ndvi_acquire_gee,1,292.4,292.4,2.0,30.5,7297.0,58253.9,0.0,0.6,0.57,700.59,2.62,7.06,0.1,67.11,38.37
1788428948.25,565.66,ndvi_acquire_gee,1,292.4,292.4,0.0,31.6,7242.0,58308.9,0.0,0.6,0.57,700.85,2.62,7.06,0.1,67.11,38.37
1788428948.751,566.16,ndvi_acquire_gee,1,292.4,292.4,0.0,31.3,7233.8,58317.1,0.0,0.6,0.57,703.11,2.62,7.06,0.1,67.11,38.37
1788428949.252,566.66,ndvi_acquire_gee,1,292.4,292.4,0.0,31.8,7349.8,58201.1,0.0,0.6,0.57,703.11,2.62,7.06,0.1,67.11,38.37
1788428949.753,567.16,ndvi_acquire_gee,1,292.4,292.4,0.0,33.9,6994.9,58556.0,0.0,0.6,0.57,703.55,2.62,7.07,0.1,67.11,38.37
1788428950.255,567.66,ndvi_acquire_gee,1,292.4,292.4,0.0,33.0,7157.6,58393.4,0.0,0.6,0.57,703.71,2.62,7.07,0.1,67.11,38.37
1788428950.756,568.17,ndvi_acquire_gee,1,292.4,292.4,0.0,30.8,7162.9,58388.0,0.0,0.6,0.57,703.8,2.62,7.07,0.1,67.11,38.37
1788428951.257,568.67,ndvi_acquire_gee,1,292.4,292.4,0.0,30.1,7229.0,58321.9,0.0,0.6,0.57,703.82,2.63,7.16,0.1,67.11,38.37
1788428951.758,569.17,ndvi_acquire_gee,1,292.4,292.4,0.0,32.0,7376.6,58174.3,0.0,0.6,0.57,704.13,2.63,7.16,0.1,67.11,38.37
1788428952.26,569.67,ndvi_acquire_gee,1,292.4,292.4,0.0,33.3,7419.7,58131.2,0.0,0.6,0.57,704.13,2.64,7.17,0.1,67.11,38.37
1788428952.762,570.17,ndvi_acquire_gee,1,292.4,292.4,2.0,31.2,7202.0,58348.9,0.0,0.6,0.57,704.34,2.64,7.17,0.1,67.11,38.37
1788428953.263,570.67,ndvi_acquire_gee,1,292.4,292.4,0.0,33.2,7379.3,58171.6,0.0,0.6,0.57,704.39,2.64,7.17,0.1,67.11,38.37
1788428953.764,571.17,ndvi_acquire_gee,1,292.4,292.4,0.0,29.4,7211.8,58339.0,0.0,0.6,0.57,705.35,2.64,7.17,0.1,67.11,38.37
1788428954.265,571.68,ndvi_acquire_gee,1,292.4,292.4,0.0,34.0,7322.3,58228.1,0.0,0.6,0.58,706.16,2.64,7.17,0.1,67.11,38.37
1788428954.767,572.18,ndvi_acquire_gee,1,292.4,292.4,0.0,31.7,7399.9,58150.5,0.0,0.6,0.58,707.08,2.64,7.17,0.1,67.11,38.37
1788428955.268,572.68,ndvi_acquire_gee,1,292.4,292.4,0.0,29.6,7369.5,58181.0,0.0,0.6,0.58,707.6,2.64,7.17,0.1,67.11,38.37
1788428955.769,573.18,ndvi_acquire_gee,1,292.4,292.4,2.0,28.4,7339.2,58211.2,0.0,0.6,0.58,708.3,2.64,7.17,0.1,67.11,38.37
1788428956.27,573.68,ndvi_acquire_gee,1,292.4,292.4,0.0,30.7,7297.2,58252.9,0.0,0.6,0.58,708.96,2.64,7.17,0.1,67.11,38.37
1788428956.772,574.18,ndvi_acquire_gee,1,292.4,292.4,0.0,31.0,7367.8,58182.6,0.0,0.6,0.58,709.59,2.64,7.17,0.1,67.11,38.37
1788428957.273,574.68,ndvi_acquire_gee,1,292.4,292.4,0.0,30.0,7368.5,58182.0,0.0,0.6,0.58,710.07,2.65,7.17,0.1,67.11,38.37
1788428957.775,575.18,ndvi_acquire_gee,1,292.4,292.4,0.0,30.0,7316.6,58233.8,0.0,0.6,0.58,710.68,2.65,7.17,0.1,67.11,38.37
1788428958.276,575.69,ndvi_acquire_gee,1,292.4,292.4,0.0,34.4,7423.5,58127.0,0.0,0.6,0.58,711.2,2.65,7.17,0.1,67.11,38.37
1788428958.777,576.19,ndvi_acquire_gee,1,292.4,292.4,0.0,27.6,7278.5,58271.9,0.0,0.6,0.58,712.12,2.65,7.18,0.1,67.11,38.37
1788428959.278,576.69,ndvi_acquire_gee,1,292.4,292.4,0.0,27.3,7294.8,58255.9,0.0,0.6,0.58,712.59,2.65,7.18,0.1,67.11,38.37
1788428959.779,577.19,ndvi_acquire_gee,1,292.4,292.4,2.0,32.2,7327.6,58223.1,0.0,0.6,0.58,713.42,2.65,7.18,0.1,67.11,38.37
1788428960.281,577.69,ndvi_acquire_gee,1,292.4,292.4,0.0,29.5,7202.0,58348.7,0.0,0.6,0.58,713.71,2.66,7.18,0.1,67.11,38.37
1788428960.782,578.19,ndvi_acquire_gee,1,292.4,292.4,0.0,33.7,7236.1,58314.5,0.0,0.6,0.58,714.23,2.66,7.18,0.1,67.11,38.37
1788428961.283,578.69,ndvi_acquire_gee,1,292.4,292.4,0.0,28.5,7022.9,58527.8,0.0,0.6,0.58,714.23,2.66,7.18,0.1,67.11,38.37
1788428961.784,579.19,ndvi_acquire_gee,1,292.4,292.4,0.0,34.3,7119.0,58431.7,0.0,0.6,0.58,714.44,2.67,7.28,0.1,67.11,38.37
1788428962.285,579.7,ndvi_acquire_gee,1,292.4,292.4,0.0,30.4,7157.7,58393.0,0.0,0.6,0.58,714.44,2.67,7.28,0.1,67.11,38.37
1788428962.787,580.2,ndvi_acquire_gee,1,292.4,292.4,0.0,26.7,7152.8,58397.9,0.0,0.6,0.58,714.57,2.67,7.28,0.1,67.11,38.37
1788428963.288,580.7,ndvi_acquire_gee,1,292.4,292.4,0.0,28.7,6995.0,58555.7,0.0,0.6,0.58,714.7,2.67,7.28,0.1,67.11,38.37
1788428963.789,581.2,ndvi_acquire_gee,1,292.4,292.4,0.0,31.1,6823.2,58727.5,0.0,0.6,0.58,714.91,2.67,7.28,0.1,67.11,38.37
1788428964.291,581.7,ndvi_acquire_gee,1,292.4,292.4,0.0,31.4,6950.0,58600.7,0.0,0.6,0.58,714.91,2.68,7.28,0.1,67.11,38.37
1788428964.792,582.2,ndvi_acquire_gee,1,292.4,292.4,2.0,32.6,6847.9,58702.8,0.0,0.6,0.58,715.26,2.68,7.28,0.1,67.11,38.37
1788428965.293,582.7,ndvi_acquire_gee,1,292.4,292.4,0.0,26.1,6916.6,58634.1,0.0,0.6,0.58,715.26,2.68,7.28,0.1,67.11,38.37
1788428965.794,583.2,ndvi_acquire_gee,1,292.4,292.4,0.0,31.3,6926.6,58624.1,0.0,0.61,0.58,715.85,2.68,7.28,0.1,67.11,38.37
1788428966.295,583.71,ndvi_acquire_gee,1,292.4,292.4,0.0,33.6,7004.0,58546.7,0.0,0.61,0.58,715.93,2.68,7.29,0.1,67.11,38.37
1788428966.797,584.21,ndvi_acquire_gee,1,292.4,292.4,0.0,27.6,7015.6,58535.1,0.0,0.61,0.58,716.33,2.68,7.29,0.1,67.11,38.37
1788428967.298,584.71,ndvi_acquire_gee,1,292.4,292.4,0.0,30.5,7033.7,58517.0,0.0,0.61,0.58,716.33,2.68,7.29,0.1,67.11,38.37
1788428967.799,585.21,ndvi_acquire_gee,1,292.4,292.4,2.0,30.7,7029.1,58521.6,0.0,0.61,0.58,716.75,2.68,7.29,0.1,67.11,38.37
1788428968.301,585.71,ndvi_acquire_gee,1,292.4,292.4,0.0,28.1,7030.8,58519.9,0.0,0.61,0.58,716.75,2.69,7.29,0.1,67.11,38.37
1788428968.802,586.21,ndvi_acquire_gee,1,292.4,292.4,0.0,29.6,7026.1,58524.6,0.0,0.61,0.58,716.97,2.69,7.29,0.1,67.11,38.37
1788428969.304,586.71,ndvi_acquire_gee,1,292.4,292.4,0.0,29.0,7026.4,58524.3,0.0,0.61,0.58,717.19,2.69,7.29,0.1,67.11,38.37
1788428969.805,587.22,ndvi_acquire_gee,1,292.4,292.4,0.0,32.8,7022.1,58528.6,0.0,0.61,0.58,717.5,2.69,7.29,0.1,67.11,38.37
1788428970.307,587.72,ndvi_acquire_gee,1,292.4,292.4,0.0,33.6,7023.3,58527.4,0.0,0.61,0.58,717.51,2.69,7.29,0.1,67.11,38.37
1788428970.808,588.22,ndvi_acquire_gee,1,292.4,292.4,2.0,34.0,7018.5,58532.2,0.0,0.61,0.58,717.59,2.69,7.29,0.1,67.11,38.37
1788428971.309,588.72,ndvi_acquire_gee,1,292.4,292.4,0.0,32.0,7029.1,58521.6,0.0,0.61,0.58,717.67,2.69,7.3,0.1,67.11,38.37
1788428971.811,589.22,ndvi_acquire_gee,1,292.4,292.4,0.0,20.4,6870.9,58679.8,0.0,0.61,0.58,717.88,2.7,7.39,0.1,67.11,38.37
1788428972.312,589.72,ndvi_acquire_gee,1,292.4,292.4,0.0,15.4,6919.3,58631.4,0.0,0.61,0.58,717.88,2.7,7.39,0.1,67.11,38.37
1788428972.814,590.22,ndvi_acquire_gee,1,292.4,292.4,0.0,27.3,7000.6,58550.1,0.0,0.61,0.58,718.09,2.7,7.39,0.1,67.11,38.37
1788428973.316,590.73,ndvi_acquire_gee,1,292.4,292.4,0.0,31.4,6991.9,58558.8,0.0,0.61,0.58,718.14,2.71,7.4,0.1,67.11,38.37
1788428973.817,591.23,ndvi_acquire_gee,1,292.4,292.4,0.0,30.3,7013.6,58537.1,0.0,0.61,0.58,718.3,2.71,7.4,0.1,67.11,38.37
1788428974.318,591.73,ndvi_acquire_gee,1,292.4,292.4,0.0,31.6,7030.1,58520.6,0.0,0.61,0.58,718.34,2.71,7.4,0.1,67.11,38.37
1788428974.819,592.23,ndvi_acquire_gee,1,292.4,292.4,0.0,28.9,7037.6,58513.0,0.0,0.61,0.58,718.86,2.71,7.4,0.1,67.11,38.37
1788428975.321,592.73,ndvi_acquire_gee,1,292.4,292.4,2.0,31.3,7121.5,58429.2,0.0,0.61,0.58,719.02,2.71,7.4,0.1,67.11,38.37
1788428975.822,593.23,ndvi_acquire_gee,1,292.4,292.4,0.0,29.2,6922.4,58628.3,0.0,0.61,0.58,719.24,2.71,7.4,0.1,67.11,38.37
1788428976.323,593.73,ndvi_acquire_gee,1,292.4,292.4,0.0,31.8,7076.5,58474.2,0.0,0.61,0.58,719.33,2.71,7.4,0.1,67.11,38.37
1788428976.824,594.23,ndvi_acquire_gee,1,292.4,292.4,0.0,28.4,6801.7,58749.0,0.0,0.61,0.58,719.77,2.71,7.4,0.1,67.11,38.37
1788428977.326,594.74,ndvi_acquire_gee,1,292.4,292.4,0.0,21.3,6862.7,58688.0,0.0,0.61,0.58,719.8,2.72,7.4,0.1,67.11,38.37
1788428977.827,595.24,ndvi_acquire_gee,1,292.4,292.4,0.0,30.1,7008.2,58542.5,0.0,0.61,0.58,720.03,2.72,7.4,0.1,67.11,38.37
1788428978.328,595.74,ndvi_acquire_gee,1,292.4,292.4,0.0,29.6,6975.7,58575.0,0.0,0.61,0.58,720.33,2.72,7.4,0.1,67.11,38.37
1788428978.829,596.24,ndvi_acquire_gee,1,292.4,292.4,0.0,31.0,7068.3,58482.4,0.0,0.61,0.58,720.43,2.72,7.4,0.1,67.11,38.37
1788428979.33,596.74,ndvi_acquire_gee,1,292.4,292.4,0.0,29.0,6885.1,58665.6,0.0,0.61,0.58,720.45,2.73,7.4,0.1,67.11,38.37
1788428979.832,597.24,ndvi_acquire_gee,1,292.4,292.4,2.0,32.1,7036.0,58514.7,0.0,0.61,0.58,721.41,2.73,7.41,0.1,67.11,38.37
1788428980.333,597.74,ndvi_acquire_gee,1,292.4,292.4,0.0,29.7,7033.9,58516.8,0.0,0.61,0.58,721.6,2.73,7.41,0.1,67.11,38.37
1788428980.835,598.24,ndvi_acquire_gee,1,292.4,292.4,0.0,30.7,7253.9,58296.8,0.0,0.61,0.58,721.78,2.73,7.41,0.1,67.11,38.37
1788428981.336,598.75,ndvi_acquire_gee,1,292.4,292.4,0.0,26.1,7277.2,58273.5,0.0,0.61,0.58,721.84,2.73,7.41,0.1,67.11,38.37
1788428981.837,599.25,ndvi_acquire_gee,1,292.4,292.4,0.0,31.6,7321.6,58229.1,0.0,0.61,0.58,722.28,2.73,7.41,0.1,67.11,38.37
1788428982.339,599.75,ndvi_acquire_gee,1,292.4,292.4,0.0,31.3,7493.3,58057.3,0.0,0.61,0.58,722.28,2.74,7.51,0.1,67.11,38.37
1788428982.84,600.25,ndvi_acquire_gee,1,292.4,292.4,0.0,30.4,7387.0,58163.7,0.0,0.61,0.58,722.51,2.74,7.51,0.1,67.11,38.37
1788428983.341,600.75,ndvi_acquire_gee,1,292.4,292.4,0.0,30.4,7460.6,58090.1,0.0,0.61,0.58,722.55,2.75,7.51,0.1,67.11,38.37
1788428983.842,601.25,ndvi_acquire_gee,1,292.4,292.4,2.0,29.3,7525.9,58024.8,0.0,0.61,0.58,722.76,2.75,7.51,0.1,67.11,38.37
1788428984.344,601.75,ndvi_acquire_gee,1,292.4,292.4,0.0,32.6,7598.3,57952.4,0.0,0.61,0.58,722.92,2.75,7.51,0.1,67.11,38.37
1788428984.845,602.25,ndvi_acquire_gee,1,292.4,292.4,0.0,33.5,7521.2,58029.5,0.0,0.61,0.58,726.25,2.75,7.51,0.1,67.11,38.37
1788428985.346,602.76,ndvi_acquire_gee,1,292.4,292.4,0.0,28.9,7461.0,58089.7,0.0,0.61,0.58,726.25,2.75,7.51,0.1,67.11,38.37
1788428985.847,603.26,ndvi_acquire_gee,1,292.4,292.4,0.0,31.6,7503.2,58047.5,0.0,0.61,0.58,726.59,2.75,7.51,0.1,67.11,38.37
1788428986.349,603.76,ndvi_acquire_gee,1,292.4,292.4,0.0,29.7,7472.7,58078.0,0.0,0.61,0.58,726.59,2.75,7.51,0.1,67.11,38.37
1788428986.85,604.26,ndvi_acquire_gee,1,292.4,292.4,2.0,30.2,7295.7,58255.0,0.0,0.61,0.58,726.69,2.75,7.52,0.1,67.11,38.37
1788428987.352,604.76,ndvi_acquire_gee,1,292.4,292.4,0.0,29.1,7336.4,58214.3,0.0,0.61,0.58,726.74,2.76,7.52,0.1,67.11,38.37
1788428987.853,605.26,ndvi_acquire_gee,1,292.4,292.4,0.0,32.0,7139.3,58411.4,0.0,0.61,0.58,727.05,2.76,7.52,0.1,67.11,38.37
1788428988.355,605.76,ndvi_acquire_gee,1,292.4,292.4,0.0,28.5,7054.3,58496.4,0.0,0.61,0.58,727.05,2.76,7.52,0.1,67.11,38.37
1788428988.856,606.27,ndvi_acquire_gee,1,292.4,292.4,0.0,30.5,6962.3,58588.4,0.0,0.61,0.58,727.23,2.76,7.52,0.1,67.11,38.37
1788428989.357,606.77,ndvi_acquire_gee,1,292.4,292.4,0.0,26.7,7001.6,58549.1,0.0,0.61,0.58,727.23,2.77,7.52,0.1,67.11,38.37
1788428989.859,607.27,ndvi_acquire_gee,1,292.4,292.4,0.0,34.1,7087.7,58463.0,0.0,0.61,0.58,727.93,2.77,7.52,0.1,67.11,38.37
1788428990.36,607.77,ndvi_acquire_gee,1,292.4,292.4,0.0,29.9,7085.4,58465.3,0.0,0.61,0.58,728.03,2.77,7.52,0.1,67.11,38.37
1788428990.861,608.27,ndvi_acquire_gee,1,292.4,292.4,0.0,30.1,7152.4,58398.3,0.0,0.61,0.58,728.43,2.77,7.52,0.1,67.11,38.37
1788428991.363,608.77,ndvi_acquire_gee,1,292.4,292.4,0.0,28.3,7074.5,58476.2,0.0,0.61,0.58,728.43,2.77,7.52,0.1,67.11,38.37
1788428991.864,609.27,ndvi_acquire_gee,1,292.4,292.4,0.0,31.1,7126.1,58424.6,0.0,0.61,0.58,728.61,2.77,7.52,0.1,67.11,38.37
1788428992.365,609.77,ndvi_acquire_gee,1,292.4,292.4,2.0,26.1,7003.8,58546.9,0.0,0.61,0.58,728.62,2.77,7.53,0.1,67.11,38.37
1788428992.866,610.28,ndvi_acquire_gee,1,292.4,292.4,0.0,28.9,7056.6,58494.1,0.0,0.61,0.58,729.09,2.78,7.62,0.1,67.11,38.37
1788428993.368,610.78,ndvi_acquire_gee,1,292.4,292.4,0.0,31.3,7111.0,58439.6,0.0,0.61,0.58,729.1,2.78,7.62,0.1,67.11,38.37
1788428993.869,611.28,ndvi_acquire_gee,1,292.4,292.4,0.0,30.8,7283.5,58267.2,0.0,0.61,0.58,730.5,2.78,7.62,0.1,67.11,38.37
1788428994.371,611.78,ndvi_acquire_gee,1,292.4,292.4,0.0,30.5,7239.5,58311.2,0.0,0.61,0.58,730.5,2.79,7.63,0.1,67.11,38.37
1788428994.872,612.28,ndvi_acquire_gee,1,292.4,292.4,2.0,30.7,7191.8,58358.9,0.0,0.61,0.58,731.14,2.79,7.63,0.1,67.11,38.37
1788428995.373,612.78,ndvi_acquire_gee,1,292.4,292.4,0.0,30.4,7110.0,58440.7,0.0,0.61,0.58,731.15,2.79,7.63,0.1,67.11,38.37
1788428995.875,613.28,ndvi_acquire_gee,1,292.4,292.4,0.0,30.0,7096.1,58454.6,0.0,0.61,0.58,731.54,2.79,7.63,0.1,67.11,38.37
1788428996.376,613.79,ndvi_acquire_gee,1,292.4,292.4,0.0,29.9,7250.1,58300.6,0.0,0.61,0.58,731.54,2.79,7.63,0.1,67.11,38.37
1788428996.877,614.29,ndvi_acquire_gee,1,292.4,292.4,0.0,32.5,7064.7,58486.0,0.0,0.61,0.58,731.64,2.79,7.63,0.1,67.11,38.37
1788428997.379,614.79,ndvi_acquire_gee,1,292.4,292.4,0.0,19.9,7061.9,58488.8,0.0,0.61,0.58,731.69,2.79,7.63,0.1,67.11,38.37
1788428997.88,615.29,ndvi_acquire_gee,1,292.4,292.4,0.0,21.1,7131.5,58419.2,0.0,0.61,0.58,731.82,2.79,7.63,0.1,67.11,38.37
1788428998.381,615.79,ndvi_acquire_gee,1,292.4,292.4,0.0,30.3,7264.2,58286.5,0.0,0.61,0.58,731.88,2.79,7.63,0.1,67.11,38.37
1788428998.882,616.29,ndvi_acquire_gee,1,292.4,292.4,0.0,28.6,7124.8,58425.9,0.0,0.62,0.58,731.91,2.79,7.63,0.1,67.11,38.37
1788428999.384,616.79,ndvi_acquire_gee,1,292.4,292.4,0.0,33.0,7105.5,58445.2,0.0,0.62,0.58,731.96,2.8,7.63,0.1,67.11,38.37
1788428999.885,617.29,ndvi_acquire_gee,1,292.4,292.4,0.0,30.9,7151.9,58398.8,0.0,0.62,0.58,732.34,2.8,7.64,0.1,67.11,38.37
1788429000.387,617.8,ndvi_acquire_gee,1,292.4,292.4,0.0,31.5,7004.4,58546.3,0.0,0.62,0.58,732.5,2.8,7.64,0.1,67.11,38.37
1788429000.888,618.3,ndvi_acquire_gee,1,292.4,292.4,2.0,30.2,7177.4,58373.3,0.0,0.62,0.58,732.87,2.8,7.64,0.1,67.11,38.37
1788429001.389,618.8,ndvi_acquire_gee,1,292.4,292.4,0.0,28.5,7267.9,58282.8,0.0,0.62,0.58,732.97,2.8,7.64,0.1,67.11,38.37
1788429001.89,619.3,ndvi_acquire_gee,1,292.4,292.4,0.0,28.4,7342.3,58208.4,0.0,0.62,0.58,733.17,2.8,7.64,0.1,67.11,38.37
1788429002.392,619.8,ndvi_acquire_gee,1,292.4,292.4,0.0,29.9,7196.7,58354.0,0.0,0.62,0.58,733.17,2.81,7.64,0.1,67.11,38.37
1788429002.893,620.3,ndvi_acquire_gee,1,292.4,292.4,2.0,30.4,7326.2,58224.5,0.0,0.62,0.58,733.29,2.81,7.64,0.1,67.11,38.37
1788429003.394,620.8,ndvi_acquire_gee,1,292.4,292.4,0.0,27.1,7350.7,58200.0,0.0,0.62,0.58,733.3,2.82,7.74,0.1,67.11,38.37
1788429003.895,621.3,ndvi_acquire_gee,1,292.4,292.4,0.0,28.9,7308.4,58242.3,0.0,0.62,0.58,733.5,2.82,7.74,0.1,67.11,38.37
1788429004.396,621.81,ndvi_acquire_gee,1,292.4,292.4,0.0,32.4,7354.3,58196.4,0.0,0.62,0.58,733.5,2.82,7.74,0.1,67.11,38.37
1788429004.898,622.31,ndvi_acquire_gee,1,292.4,292.4,0.0,26.6,7406.9,58143.8,0.0,0.62,0.58,733.79,2.82,7.74,0.1,67.11,38.37
1788429005.399,622.81,ndvi_acquire_gee,1,292.4,292.4,0.0,30.8,7441.3,58109.3,0.0,0.62,0.58,734.15,2.82,7.74,0.1,67.11,38.37
1788429005.9,623.31,ndvi_acquire_gee,1,292.4,292.4,0.0,20.7,7162.1,58388.6,0.0,0.62,0.58,734.71,2.83,7.74,0.1,67.11,38.37
1788429006.401,623.81,ndvi_acquire_gee,1,292.4,292.4,0.0,27.8,7329.6,58221.1,0.0,0.62,0.58,734.71,2.83,7.74,0.1,67.11,38.37
1788429006.902,624.31,ndvi_acquire_gee,1,292.4,292.4,0.0,30.0,7246.9,58303.8,0.0,0.62,0.58,734.77,2.83,7.74,0.1,67.11,38.37
1788429007.404,624.81,ndvi_acquire_gee,1,292.4,292.4,2.0,28.7,7232.1,58318.6,0.0,0.62,0.58,734.85,2.83,7.74,0.1,67.11,38.37
1788429007.905,625.31,ndvi_acquire_gee,1,292.4,292.4,0.0,32.1,7240.9,58309.8,0.0,0.62,0.58,735.16,2.83,7.74,0.1,67.11,38.37
1788429008.406,625.82,ndvi_acquire_gee,1,292.4,292.4,0.0,29.7,7293.8,58256.9,0.0,0.62,0.58,735.24,2.83,7.74,0.1,67.11,38.37
1788429008.907,626.32,ndvi_acquire_gee,1,292.4,292.4,0.0,28.6,7347.1,58203.6,0.0,0.62,0.58,735.47,2.83,7.75,0.1,67.11,38.37
1788429009.409,626.82,ndvi_acquire_gee,1,292.4,292.4,0.0,31.6,7200.9,58349.8,0.0,0.62,0.58,735.47,2.83,7.75,0.1,67.11,38.37
1788429009.91,627.32,ndvi_acquire_gee,1,292.4,292.4,0.0,31.1,7185.9,58364.8,0.0,0.62,0.58,735.76,2.84,7.75,0.1,67.11,38.37
1788429010.412,627.82,ndvi_acquire_gee,1,292.4,292.4,2.0,30.2,7251.7,58299.0,0.0,0.62,0.58,736.05,2.84,7.75,0.1,67.11,38.37
1788429010.913,628.32,ndvi_acquire_gee,1,292.4,292.4,0.0,29.0,7238.6,58312.1,0.0,0.62,0.58,736.21,2.84,7.75,0.1,67.11,38.37
1788429011.414,628.82,ndvi_acquire_gee,1,292.4,292.4,0.0,28.5,7080.5,58470.2,0.0,0.62,0.58,736.24,2.84,7.75,0.1,67.11,38.37
1788429011.915,629.32,ndvi_acquire_gee,1,292.4,292.4,0.0,29.7,7039.5,58511.1,0.0,0.62,0.58,736.62,2.84,7.75,0.1,67.11,38.37
1788429012.416,629.83,ndvi_acquire_gee,1,292.4,292.4,0.0,32.9,7125.6,58425.0,0.0,0.62,0.58,736.62,2.84,7.75,0.1,67.11,38.37
1788429012.918,630.33,ndvi_acquire_gee,1,292.4,292.4,2.0,28.3,7056.7,58493.9,0.0,0.62,0.58,736.81,2.84,7.75,0.1,67.11,38.37
1788429013.419,630.83,ndvi_acquire_gee,1,292.4,292.4,0.0,30.5,7179.0,58371.7,0.0,0.62,0.58,736.81,2.84,7.75,0.1,67.11,38.37
1788429013.92,631.33,ndvi_acquire_gee,1,292.4,292.4,0.0,27.8,7094.0,58456.6,0.0,0.62,0.58,736.95,2.85,7.85,0.1,67.11,38.37
1788429014.422,631.83,ndvi_acquire_gee,1,292.4,292.4,0.0,31.8,7101.0,58449.7,0.0,0.62,0.58,736.98,2.85,7.85,0.1,67.11,38.37
1788429014.923,632.33,ndvi_acquire_gee,1,292.4,292.4,0.0,26.9,7219.2,58331.5,0.0,0.62,0.58,737.23,2.85,7.85,0.1,67.11,38.37
1788429015.424,632.83,ndvi_acquire_gee,1,292.4,292.4,0.0,29.7,7417.9,58132.8,0.0,0.63,0.58,737.23,2.86,7.86,0.1,67.11,38.37
1788429015.926,633.34,ndvi_acquire_gee,1,292.4,292.4,0.0,29.7,7281.7,58269.0,0.0,0.63,0.58,737.98,2.86,7.86,0.1,67.11,38.37
1788429016.427,633.84,ndvi_acquire_gee,1,292.4,292.4,0.0,28.8,7192.8,58357.9,0.0,0.63,0.58,737.98,2.86,7.86,0.1,67.11,38.37
1788429016.929,634.34,ndvi_acquire_gee,1,292.4,292.4,2.0,31.3,7223.3,58327.4,0.0,0.63,0.58,738.1,2.86,7.86,0.1,67.11,38.37
1788429017.43,634.84,ndvi_acquire_gee,1,292.4,292.4,0.0,28.9,6961.4,58589.3,0.0,0.63,0.58,738.19,2.86,7.86,0.1,67.11,38.37
1788429017.931,635.34,ndvi_acquire_gee,1,292.4,292.4,0.0,31.8,7066.1,58484.6,0.0,0.63,0.58,738.28,2.86,7.86,0.1,67.11,38.37
1788429018.433,635.84,ndvi_acquire_gee,1,292.4,292.4,0.0,30.5,7017.3,58533.4,0.0,0.63,0.58,738.28,2.86,7.86,0.1,67.11,38.37
1788429018.934,636.34,ndvi_acquire_gee,1,292.4,292.4,0.0,28.9,6940.1,58610.6,0.0,0.63,0.58,738.33,2.86,7.86,0.1,67.11,38.37
1788429019.436,636.85,ndvi_acquire_gee,1,292.4,292.4,0.0,29.4,7038.4,58512.3,0.0,0.63,0.58,738.33,2.87,7.86,0.1,67.11,38.37
1788429019.937,637.35,ndvi_acquire_gee,1,292.4,292.4,0.0,31.9,7028.0,58522.6,0.0,0.63,0.58,738.7,2.87,7.86,0.1,67.11,38.37
1788429020.439,637.85,ndvi_acquire_gee,1,292.4,292.4,2.0,31.1,7148.8,58401.9,0.0,0.63,0.58,738.9,2.87,7.86,0.1,67.11,38.37
1788429020.94,638.35,ndvi_acquire_gee,1,292.4,292.4,0.0,29.5,7139.5,58411.2,0.0,0.63,0.58,741.35,2.88,7.86,0.1,67.11,38.37
1788429021.441,638.85,ndvi_acquire_gee,1,292.4,292.4,0.0,31.4,7238.2,58312.5,0.0,0.63,0.58,741.35,2.88,7.86,0.1,67.11,38.37
1788429021.943,639.35,ndvi_acquire_gee,1,292.4,292.4,0.0,28.6,7242.9,58307.8,0.0,0.63,0.58,742.02,2.88,7.87,0.1,67.11,38.37
1788429022.444,639.85,ndvi_acquire_gee,1,292.4,292.4,0.0,31.2,7234.8,58315.9,0.0,0.63,0.58,742.09,2.88,7.87,0.1,67.11,38.37
1788429022.946,640.36,ndvi_acquire_gee,1,292.4,292.4,0.0,30.7,7140.6,58410.1,0.0,0.63,0.58,742.28,2.88,7.87,0.1,67.11,38.37
1788429023.447,640.86,ndvi_acquire_gee,1,292.4,292.4,0.0,31.9,7215.8,58334.9,0.0,0.63,0.58,742.28,2.88,7.87,0.1,67.11,38.37
1788429023.948,641.36,ndvi_acquire_gee,1,292.4,292.4,0.0,30.6,7305.5,58245.2,0.0,0.63,0.58,742.52,2.88,7.87,0.1,67.11,38.37
1788429024.449,641.86,ndvi_acquire_gee,1,292.4,292.4,2.0,16.4,7168.1,58382.6,0.0,0.63,0.58,742.55,2.89,7.97,0.1,67.11,38.37
1788429024.951,642.36,ndvi_acquire_gee,1,292.4,292.4,0.0,18.8,7252.8,58297.9,0.0,0.63,0.58,742.72,2.89,7.97,0.1,67.11,38.37
1788429025.452,642.86,ndvi_acquire_gee,1,292.4,292.4,0.0,28.4,7228.7,58322.0,0.0,0.63,0.58,742.95,2.89,7.97,0.1,67.11,38.37
1788429025.953,643.36,ndvi_acquire_gee,1,292.4,292.4,0.0,32.9,7383.0,58167.7,0.0,0.63,0.58,743.65,2.9,7.97,0.1,67.11,38.37
1788429026.454,643.86,ndvi_acquire_gee,1,292.4,292.4,0.0,27.4,7229.7,58321.0,0.0,0.63,0.58,743.94,2.9,7.97,0.1,67.11,38.37
1788429026.956,644.37,ndvi_acquire_gee,1,292.4,292.4,0.0,30.8,7361.7,58188.9,0.0,0.63,0.58,744.12,2.9,7.97,0.1,67.11,38.37
1788429027.457,644.87,ndvi_acquire_gee,1,292.4,292.4,0.0,27.9,7337.7,58213.0,0.0,0.63,0.58,744.19,2.9,7.97,0.1,67.11,38.37
1788429027.958,645.37,ndvi_acquire_gee,1,292.4,292.4,0.0,33.0,7461.7,58089.0,0.0,0.63,0.58,744.39,2.9,7.97,0.1,67.11,38.37
1788429028.459,645.87,ndvi_acquire_gee,1,292.4,292.4,2.0,29.3,7371.9,58178.8,0.0,0.63,0.58,744.39,2.9,7.97,0.1,67.11,38.37
1788429028.961,646.37,ndvi_acquire_gee,1,292.4,292.4,0.0,31.9,7446.6,58104.1,0.0,0.63,0.58,744.71,2.9,7.97,0.1,67.11,38.37
1788429029.462,646.87,ndvi_acquire_gee,1,292.4,292.4,0.0,30.9,7336.0,58214.7,0.0,0.63,0.58,744.71,2.9,7.97,0.1,67.11,38.37
1788429029.964,647.37,ndvi_acquire_gee,1,292.4,292.4,0.0,31.9,7339.8,58210.9,0.0,0.63,0.58,744.9,2.9,7.97,0.1,67.11,38.37
1788429030.465,647.87,ndvi_acquire_gee,1,292.4,292.4,0.0,34.4,7213.2,58337.5,0.0,0.63,0.58,745.23,2.9,7.98,0.1,67.11,38.37
1788429030.966,648.38,ndvi_acquire_gee,1,292.4,292.4,0.0,26.6,7216.0,58334.7,0.0,0.63,0.58,745.68,2.9,7.98,0.1,67.11,38.37
1788429031.468,648.88,ndvi_acquire_gee,1,292.4,292.4,0.0,35.5,7174.3,58376.3,0.0,0.63,0.58,745.73,2.91,7.98,0.1,67.11,38.37
1788429031.969,649.38,ndvi_acquire_gee,1,292.4,292.4,0.0,28.6,7049.8,58500.9,0.0,0.63,0.58,745.92,2.91,7.98,0.1,67.11,38.37
1788429032.47,649.88,ndvi_acquire_gee,1,292.4,292.4,2.0,30.3,7011.4,58539.3,0.0,0.63,0.58,745.92,2.91,7.98,0.1,67.11,38.37
1788429032.971,650.38,ndvi_acquire_gee,1,292.4,292.4,0.0,28.6,7095.7,58455.0,0.0,0.63,0.58,746.07,2.91,7.98,0.1,67.11,38.37
1788429033.472,650.88,ndvi_acquire_gee,1,292.4,292.4,0.0,31.7,6966.2,58584.5,0.0,0.63,0.58,746.07,2.91,7.98,0.1,67.11,38.37
1788429033.974,651.38,ndvi_acquire_gee,1,292.4,292.4,0.0,29.5,7021.2,58529.5,0.0,0.63,0.58,746.39,2.92,7.98,0.1,67.11,38.37
1788429034.475,651.88,ndvi_acquire_gee,1,292.4,292.4,0.0,28.4,7132.1,58418.6,0.0,0.63,0.58,746.4,2.92,7.98,0.1,67.11,38.37
1788429034.976,652.39,ndvi_acquire_gee,1,292.4,292.4,0.0,35.1,7209.0,58341.7,0.0,0.63,0.58,746.54,2.93,8.08,0.1,67.11,38.37
1788429035.477,652.89,ndvi_acquire_gee,1,292.4,292.4,0.0,34.9,7213.3,58337.4,0.0,0.63,0.58,746.63,2.93,8.08,0.1,67.11,38.37
1788429035.979,653.39,ndvi_acquire_gee,1,292.4,292.4,0.0,31.5,7208.8,58341.9,0.0,0.63,0.58,746.97,2.93,8.08,0.1,67.11,38.37
1788429036.48,653.89,ndvi_acquire_gee,1,292.4,292.4,0.0,33.3,7200.8,58349.9,0.0,0.63,0.58,746.98,2.93,8.08,0.1,67.11,38.37
1788429036.981,654.39,ndvi_acquire_gee,1,292.4,292.4,0.0,33.0,7190.2,58360.5,0.0,0.63,0.58,747.14,2.93,8.08,0.1,67.11,38.37
1788429037.482,654.89,ndvi_acquire_gee,1,292.4,292.4,2.0,33.3,7182.8,58367.9,0.0,0.63,0.58,747.2,2.93,8.09,0.1,67.11,38.37
1788429037.984,655.39,ndvi_acquire_gee,1,292.4,292.4,0.0,35.5,7180.8,58369.9,0.0,0.63,0.58,747.71,2.93,8.09,0.1,67.11,38.37
1788429038.485,655.89,ndvi_acquire_gee,1,292.4,292.4,0.0,31.6,7172.8,58377.9,0.0,0.63,0.58,747.81,2.94,8.09,0.1,67.11,38.37
1788429038.987,656.4,ndvi_acquire_gee,1,292.4,292.4,0.0,30.1,7170.1,58380.6,0.0,0.63,0.58,748.03,2.94,8.09,0.1,67.11,38.37
1788429039.488,656.9,ndvi_acquire_gee,1,292.4,292.4,2.0,31.2,7163.0,58387.7,0.0,0.63,0.58,748.1,2.94,8.09,0.1,67.11,38.37
1788429039.99,657.4,ndvi_acquire_gee,1,292.4,292.4,0.0,34.2,7159.9,58390.7,0.0,0.63,0.58,748.3,2.94,8.09,0.1,67.11,38.37
1788429040.491,657.9,ndvi_acquire_gee,1,292.4,292.4,0.0,24.0,7015.3,58535.4,0.0,0.63,0.58,748.99,2.94,8.09,0.1,67.11,38.37
1788429040.992,658.4,ndvi_acquire_gee,1,292.4,292.4,0.0,16.3,7005.2,58545.4,0.0,0.63,0.58,749.53,2.94,8.09,0.1,67.11,38.37
1788429041.494,658.9,ndvi_acquire_gee,1,292.4,292.4,0.0,18.8,6913.2,58637.5,0.0,0.63,0.58,749.53,2.94,8.09,0.1,67.11,38.37
1788429041.995,659.4,ndvi_acquire_gee,1,292.4,292.4,0.0,29.3,7058.8,58491.9,0.0,0.63,0.58,749.92,2.95,8.09,0.1,67.11,38.37
1788429042.496,659.91,ndvi_acquire_gee,1,292.4,292.4,0.0,28.4,7001.3,58549.4,0.0,0.63,0.58,749.92,2.95,8.1,0.1,67.11,38.37
1788429042.997,660.41,ndvi_acquire_gee,1,292.4,292.4,0.0,28.2,7090.6,58460.1,0.0,0.63,0.58,750.08,2.95,8.1,0.1,67.11,38.37
1788429043.499,660.91,ndvi_acquire_gee,1,292.4,292.4,0.0,29.4,7005.9,58544.8,0.0,0.63,0.58,750.09,2.95,8.1,0.1,67.11,38.37
1788429044.0,661.41,ndvi_acquire_gee,1,292.4,292.4,0.0,30.3,7155.0,58395.7,0.0,0.63,0.58,750.39,2.95,8.1,0.1,67.11,38.37
1788429044.501,661.91,ndvi_acquire_gee,1,292.4,292.4,0.0,29.3,7043.0,58507.7,0.0,0.63,0.58,750.39,2.95,8.1,0.1,67.11,38.37
1788429045.002,662.41,ndvi_acquire_gee,1,292.4,292.4,2.0,28.2,6903.1,58647.6,0.0,0.63,0.58,750.57,2.96,8.1,0.1,67.11,38.37
1788429045.504,662.91,ndvi_acquire_gee,1,292.4,292.4,0.0,29.7,6865.5,58685.2,0.0,0.63,0.58,750.59,2.96,8.1,0.1,67.11,38.37
1788429046.005,663.41,ndvi_acquire_gee,1,292.4,292.4,0.0,34.1,6914.4,58636.3,0.0,0.63,0.58,750.96,2.97,8.2,0.1,67.11,38.37
1788429046.506,663.92,ndvi_acquire_gee,1,292.4,292.4,0.0,31.0,7016.8,58533.8,0.0,0.63,0.58,750.96,2.97,8.2,0.1,67.11,38.37
1788429047.007,664.42,ndvi_acquire_gee,1,292.4,292.4,0.0,31.3,7145.9,58404.8,0.0,0.63,0.58,751.3,2.97,8.2,0.1,67.11,38.37
1788429047.508,664.92,ndvi_acquire_gee,1,292.4,292.4,0.0,30.5,7177.5,58373.2,0.0,0.63,0.58,751.39,2.97,8.2,0.1,67.11,38.37
1788429048.01,665.42,ndvi_acquire_gee,1,292.4,292.4,0.0,31.5,7212.8,58337.8,0.0,0.63,0.58,751.59,2.97,8.2,0.1,67.11,38.37
1788429048.511,665.92,ndvi_acquire_gee,1,292.4,292.4,0.0,28.8,7066.6,58484.1,0.0,0.64,0.58,751.59,2.98,8.2,0.1,67.11,38.37
1788429049.012,666.42,ndvi_acquire_gee,1,292.4,292.4,0.0,29.0,7025.3,58525.3,0.0,0.64,0.58,751.98,2.98,8.2,0.1,67.11,38.37
1788429049.513,666.92,ndvi_acquire_gee,1,292.4,292.4,2.0,29.4,6984.0,58566.7,0.0,0.64,0.58,752.08,2.98,8.2,0.1,67.11,38.37
1788429050.015,667.42,ndvi_acquire_gee,1,292.4,292.4,0.0,29.1,7048.7,58502.0,0.0,0.64,0.58,752.52,2.98,8.2,0.1,67.11,38.37
1788429050.516,667.93,ndvi_acquire_gee,1,292.4,292.4,0.0,30.0,6967.3,58583.4,0.0,0.64,0.58,752.8,2.98,8.21,0.1,67.11,38.37
1788429051.017,668.43,ndvi_acquire_gee,1,292.4,292.4,0.0,30.3,7125.6,58425.0,0.0,0.64,0.58,753.25,2.98,8.21,0.1,67.11,38.37
1788429051.519,668.93,ndvi_acquire_gee,1,292.4,292.4,0.0,23.2,7100.3,58450.4,0.0,0.64,0.58,753.3,2.98,8.21,0.1,67.11,38.37
1788429052.02,669.43,ndvi_acquire_gee,1,292.4,292.4,0.0,14.9,7040.0,58510.7,0.0,0.64,0.58,753.69,2.98,8.21,0.1,67.11,38.37
1788429052.521,669.93,ndvi_acquire_gee,1,292.4,292.4,2.0,31.0,7164.9,58385.8,0.0,0.64,0.58,753.69,2.98,8.21,0.1,67.11,38.37
1788429053.022,670.43,ndvi_acquire_gee,1,292.4,292.4,0.0,28.4,7024.3,58526.4,0.0,0.64,0.58,753.91,2.99,8.21,0.1,67.11,38.37
1788429053.524,670.93,ndvi_acquire_gee,1,292.4,292.4,0.0,24.0,7030.7,58520.0,0.0,0.64,0.58,753.91,2.99,8.21,0.1,67.11,38.37
1788429054.025,671.43,ndvi_acquire_gee,1,292.4,292.4,0.0,27.6,6956.2,58594.5,0.0,0.64,0.58,754.39,2.99,8.21,0.1,67.11,38.37
1788429054.526,671.94,ndvi_acquire_gee,1,292.4,292.4,2.0,15.6,6979.1,58571.6,0.0,0.64,0.58,754.39,2.99,8.21,0.1,67.11,38.37
1788429055.027,672.44,ndvi_acquire_gee,1,292.4,292.4,0.0,20.8,7106.4,58444.3,0.0,0.64,0.58,754.77,2.99,8.21,0.1,67.11,38.37
1788429055.529,672.94,ndvi_acquire_gee,1,292.4,292.4,0.0,32.0,7115.0,58435.7,0.0,0.64,0.58,754.77,2.99,8.22,0.1,67.11,38.37
1788429056.03,673.44,ndvi_acquire_gee,1,292.4,292.4,0.0,31.3,7017.1,58533.6,0.0,0.64,0.58,755.22,3.0,8.22,0.1,67.11,38.37
1788429056.531,673.94,ndvi_acquire_gee,1,292.4,292.4,0.0,30.8,6934.0,58616.7,0.0,0.64,0.58,755.34,3.0,8.31,0.1,67.11,38.37
1788429057.033,674.44,ndvi_acquire_gee,1,292.4,292.4,0.0,30.0,7018.8,58531.8,0.0,0.64,0.58,757.9,3.0,8.31,0.1,67.11,38.37
1788429057.534,674.94,ndvi_acquire_gee,1,292.4,292.4,0.0,29.5,6954.5,58596.2,0.0,0.64,0.58,758.02,3.0,8.31,0.1,67.11,38.37
1788429058.035,675.44,ndvi_acquire_gee,1,292.4,292.4,0.0,28.7,7093.1,58457.6,0.0,0.64,0.58,758.19,3.01,8.32,0.1,67.11,38.37
1788429058.536,675.95,ndvi_acquire_gee,1,292.4,292.4,2.0,20.5,7072.1,58478.6,0.0,0.64,0.58,758.3,3.01,8.32,0.1,67.11,38.37
1788429059.038,676.45,ndvi_acquire_gee,1,292.4,292.4,0.0,29.4,7130.9,58419.8,0.0,0.64,0.58,758.42,3.01,8.32,0.1,67.11,38.37
1788429059.539,676.95,ndvi_acquire_gee,1,292.4,292.4,0.0,30.9,7042.6,58508.1,0.0,0.64,0.58,758.42,3.01,8.32,0.1,67.11,38.37
1788429060.041,677.45,ndvi_acquire_gee,1,292.4,292.4,0.0,29.3,7082.4,58468.3,0.0,0.64,0.58,758.7,3.01,8.32,0.1,67.11,38.37
1788429060.542,677.95,ndvi_acquire_gee,1,292.4,292.4,0.0,32.3,7254.4,58296.3,0.0,0.64,0.58,758.84,3.02,8.32,0.1,67.11,38.37
1788429061.043,678.45,ndvi_acquire_gee,1,292.4,292.4,0.0,30.9,6905.3,58645.4,0.0,0.64,0.58,759.04,3.02,8.32,0.1,67.11,38.37
1788429061.544,678.95,ndvi_acquire_gee,1,292.4,292.4,0.0,30.5,7004.4,58546.3,0.0,0.64,0.58,759.17,3.02,8.32,0.1,67.11,38.37
1788429062.046,679.46,ndvi_acquire_gee,1,292.4,292.4,0.0,30.1,7054.7,58496.0,0.0,0.64,0.58,759.5,3.02,8.32,0.1,67.11,38.37
1788429062.547,679.96,ndvi_acquire_gee,1,292.4,292.4,2.0,29.8,7240.4,58310.3,0.0,0.64,0.58,759.63,3.02,8.32,0.1,67.11,38.37
1788429063.048,680.46,ndvi_acquire_gee,1,292.4,292.4,0.0,24.5,7114.8,58435.9,0.0,0.64,0.58,759.8,3.02,8.33,0.1,67.11,38.37
1788429063.55,680.96,ndvi_acquire_gee,1,292.4,292.4,0.0,32.8,7188.4,58362.3,0.0,0.64,0.58,759.8,3.03,8.33,0.1,67.11,38.37
1788429064.051,681.46,ndvi_acquire_gee,1,292.4,292.4,0.0,28.9,7154.7,58396.0,0.0,0.64,0.58,760.05,3.03,8.33,0.1,67.11,38.37
1788429064.552,681.96,ndvi_acquire_gee,1,292.4,292.4,0.0,28.8,7160.8,58389.9,0.0,0.64,0.58,760.05,3.03,8.33,0.1,67.11,38.37
1788429065.054,682.46,ndvi_acquire_gee,1,292.4,292.4,0.0,31.1,7152.8,58397.9,0.0,0.64,0.58,760.42,3.03,8.33,0.1,67.11,38.37
1788429065.555,682.97,ndvi_acquire_gee,1,292.4,292.4,0.0,29.4,7164.8,58385.9,0.0,0.64,0.58,760.42,3.03,8.33,0.1,67.11,38.37
1788429066.057,683.47,ndvi_acquire_gee,1,292.4,292.4,0.0,30.4,7275.1,58275.6,0.0,0.64,0.58,761.0,3.03,8.33,0.1,67.11,38.37
1788429066.558,683.97,ndvi_acquire_gee,1,292.4,292.4,2.0,29.0,7348.5,58202.2,0.0,0.64,0.58,761.03,3.04,8.33,0.1,67.11,38.37
1788429067.059,684.47,ndvi_acquire_gee,1,292.4,292.4,0.0,30.5,7184.1,58366.6,0.0,0.64,0.58,761.52,3.04,8.43,0.1,67.11,38.37
1788429067.56,684.97,ndvi_acquire_gee,1,292.4,292.4,0.0,26.0,7142.2,58408.4,0.0,0.64,0.58,761.75,3.04,8.43,0.1,67.11,38.37
1788429068.062,685.47,ndvi_acquire_gee,1,292.4,292.4,0.0,18.9,7222.9,58327.8,0.0,0.64,0.58,762.31,3.04,8.43,0.1,67.11,38.37
1788429068.563,685.97,ndvi_acquire_gee,1,292.4,292.4,0.0,22.6,7095.8,58454.9,0.0,0.64,0.58,762.45,3.04,8.43,0.1,67.11,38.37
1788429069.064,686.47,ndvi_acquire_gee,1,292.4,292.4,0.0,32.6,7200.8,58349.9,0.0,0.64,0.58,762.87,3.05,8.43,0.1,67.11,38.37
1788429069.566,686.98,ndvi_acquire_gee,1,292.4,292.4,0.0,27.4,7193.8,58356.9,0.0,0.64,0.58,762.88,3.05,8.43,0.1,67.11,38.37
1788429070.067,687.48,ndvi_acquire_gee,1,292.4,292.4,0.0,30.6,7072.8,58477.9,0.0,0.64,0.58,763.31,3.05,8.43,0.1,67.11,38.37
1788429070.568,687.98,ndvi_acquire_gee,1,292.4,292.4,2.0,31.7,6903.2,58647.5,0.0,0.64,0.58,763.7,3.05,8.43,0.1,67.11,38.37
1788429071.07,688.48,ndvi_acquire_gee,1,292.4,292.4,0.0,28.4,6971.5,58579.2,0.0,0.64,0.58,764.12,3.05,8.43,0.1,67.11,38.37
1788429071.571,688.98,ndvi_acquire_gee,1,292.4,292.4,0.0,30.6,6988.3,58562.4,0.0,0.64,0.58,764.12,3.05,8.44,0.1,67.11,38.37
1788429072.072,689.48,ndvi_acquire_gee,1,292.4,292.4,0.0,31.4,6982.9,58567.8,0.0,0.64,0.58,764.53,3.05,8.44,0.1,67.11,38.37
1788429072.573,689.98,ndvi_acquire_gee,1,292.4,292.4,0.0,28.5,6884.3,58666.4,0.0,0.64,0.58,764.67,3.05,8.44,0.1,67.11,38.37
1788429073.075,690.48,ndvi_acquire_gee,1,292.4,292.4,0.0,30.3,6970.5,58580.2,0.0,0.64,0.58,765.39,3.05,8.44,0.1,67.11,38.37
1788429073.576,690.99,ndvi_acquire_gee,1,292.4,292.4,2.0,29.3,7135.7,58415.0,0.0,0.64,0.58,765.39,3.06,8.44,0.1,67.11,38.37
1788429074.078,691.49,ndvi_acquire_gee,1,292.4,292.4,0.0,28.2,7128.4,58422.3,0.0,0.64,0.58,765.93,3.06,8.44,0.1,67.11,38.37
1788429074.579,691.99,ndvi_acquire_gee,1,292.4,292.4,0.0,29.1,7242.9,58307.8,0.0,0.65,0.58,765.93,3.06,8.44,0.1,67.11,38.37
1788429075.081,692.49,ndvi_acquire_gee,1,292.4,292.4,0.0,30.4,7284.0,58266.7,0.0,0.65,0.58,766.5,3.06,8.44,0.1,67.11,38.37
1788429075.582,692.99,ndvi_acquire_gee,1,292.4,292.4,0.0,25.5,7353.2,58197.5,0.0,0.65,0.58,766.5,3.07,8.44,0.1,67.11,38.37
1788429076.083,693.49,ndvi_acquire_gee,1,292.4,292.4,0.0,29.3,7283.0,58267.7,0.0,0.65,0.58,767.18,3.07,8.44,0.1,67.11,38.37
1788429076.585,693.99,ndvi_acquire_gee,1,292.4,292.4,0.0,17.3,7100.0,58450.7,0.0,0.65,0.58,767.26,3.07,8.45,0.1,67.11,38.37
1788429077.086,694.5,ndvi_acquire_gee,1,292.4,292.4,2.0,28.7,7178.0,58372.7,0.0,0.65,0.58,767.73,3.07,8.45,0.1,67.11,38.37
1788429077.587,695.0,ndvi_acquire_gee,1,292.4,292.4,0.0,29.5,7202.4,58348.3,0.0,0.65,0.58,767.82,3.08,8.54,0.1,67.11,38.37
1788429078.088,695.5,ndvi_acquire_gee,1,292.4,292.4,0.0,31.9,7124.8,58425.9,0.0,0.65,0.58,768.52,3.08,8.54,0.1,67.11,38.37
1788429078.59,696.0,ndvi_acquire_gee,1,292.4,292.4,0.0,32.9,7189.5,58361.2,0.0,0.65,0.58,768.52,3.08,8.55,0.1,67.11,38.37
1788429079.091,696.5,ndvi_acquire_gee,1,292.4,292.4,0.0,31.7,7114.5,58436.2,0.0,0.65,0.58,769.86,3.08,8.55,0.1,67.11,38.37
1788429079.592,697.0,ndvi_acquire_gee,1,292.4,292.4,0.0,33.8,7240.9,58309.8,0.0,0.65,0.58,769.86,3.09,8.55,0.1,67.11,38.37
1788429080.093,697.5,ndvi_acquire_gee,1,292.4,292.4,0.0,31.5,7154.8,58395.9,0.0,0.65,0.58,770.16,3.09,8.55,0.1,67.11,38.37
1788429080.595,698.0,ndvi_acquire_gee,1,292.4,292.4,0.0,29.4,7181.6,58369.1,0.0,0.65,0.58,770.36,3.09,8.55,0.1,67.11,38.37
1788429081.096,698.51,ndvi_acquire_gee,1,292.4,292.4,0.0,29.0,7205.9,58344.8,0.0,0.65,0.58,770.56,3.09,8.55,0.1,67.11,38.37
1788429081.597,699.01,ndvi_acquire_gee,1,292.4,292.4,2.0,30.3,7125.7,58425.0,0.0,0.65,0.58,770.61,3.09,8.55,0.1,67.11,38.37
1788429082.098,699.51,ndvi_acquire_gee,1,292.4,292.4,0.0,29.7,7083.6,58467.1,0.0,0.65,0.58,771.01,3.09,8.55,0.1,67.11,38.37
1788429082.599,700.01,ndvi_acquire_gee,1,292.4,292.4,0.0,30.0,7099.2,58451.5,0.0,0.65,0.58,771.28,3.09,8.55,0.1,67.11,38.37
1788429083.101,700.51,ndvi_acquire_gee,1,292.4,292.4,0.0,31.7,7216.8,58333.9,0.0,0.65,0.58,772.79,3.09,8.55,0.1,67.11,38.37
1788429083.602,701.01,ndvi_acquire_gee,1,292.4,292.4,0.0,32.7,7347.3,58203.4,0.0,0.65,0.58,772.79,3.09,8.55,0.1,67.11,38.37
1788429084.103,701.51,ndvi_acquire_gee,1,292.4,292.4,0.0,30.0,7419.5,58131.6,0.0,0.65,0.58,773.12,3.09,8.55,0.1,67.11,38.37
1788429084.605,702.01,ndvi_acquire_gee,1,292.4,292.4,0.0,30.6,7411.3,58139.4,0.0,0.65,0.58,773.13,3.1,8.56,0.1,67.11,38.37
1788429085.106,702.52,ndvi_acquire_gee,1,292.4,292.4,0.0,29.4,7394.5,58156.2,0.0,0.65,0.58,773.41,3.1,8.56,0.1,67.11,38.37
1788429085.607,703.02,ndvi_acquire_gee,1,292.4,292.4,2.0,31.4,7212.6,58338.1,0.0,0.65,0.58,773.41,3.1,8.56,0.1,67.11,38.37
1788429086.108,703.52,ndvi_acquire_gee,1,292.4,292.4,0.0,27.8,7136.2,58414.5,0.0,0.65,0.58,773.68,3.1,8.56,0.1,67.11,38.37
1788429086.61,704.02,ndvi_acquire_gee,1,292.4,292.4,0.0,28.7,7020.8,58529.9,0.0,0.65,0.58,773.75,3.1,8.56,0.1,67.11,38.37
1788429087.111,704.52,ndvi_acquire_gee,1,292.4,292.4,0.0,30.6,7069.3,58481.4,0.0,0.65,0.58,773.86,3.11,8.56,0.1,67.11,38.37
1788429087.612,705.02,ndvi_acquire_gee,1,292.4,292.4,0.0,30.8,6844.4,58706.3,0.0,0.65,0.58,773.97,3.11,8.56,0.1,67.11,38.37
1788429088.114,705.52,ndvi_acquire_gee,1,292.4,292.4,0.0,32.4,7061.2,58489.5,0.0,0.65,0.58,774.48,3.11,8.66,0.1,67.11,38.37
1788429088.615,706.02,ndvi_acquire_gee,1,292.4,292.4,0.0,27.8,7084.3,58466.4,0.0,0.65,0.58,774.57,3.11,8.66,0.1,67.11,38.37
1788429089.116,706.53,ndvi_acquire_gee,1,292.4,292.4,0.0,30.1,7196.3,58354.4,0.0,0.65,0.58,774.95,3.11,8.66,0.1,67.11,38.37
1788429089.617,707.03,ndvi_acquire_gee,1,292.4,292.4,0.0,32.1,7153.1,58397.6,0.0,0.65,0.58,775.02,3.11,8.66,0.1,67.11,38.37
1788429090.119,707.53,ndvi_acquire_gee,1,292.4,292.4,2.0,29.7,7100.1,58450.6,0.0,0.65,0.58,775.44,3.12,8.66,0.1,67.11,38.37
1788429090.62,708.03,ndvi_acquire_gee,1,292.4,292.4,0.0,31.9,7203.9,58346.8,0.0,0.65,0.58,775.44,3.12,8.66,0.1,67.11,38.37
1788429091.121,708.53,ndvi_acquire_gee,1,292.4,292.4,0.0,30.3,7016.8,58533.9,0.0,0.65,0.58,776.01,3.12,8.66,0.1,67.11,38.37
1788429091.622,709.03,ndvi_acquire_gee,1,292.4,292.4,0.0,31.5,7164.8,58385.8,0.0,0.65,0.58,776.02,3.12,8.66,0.1,67.11,38.37
1788429092.123,709.53,ndvi_acquire_gee,1,292.4,292.4,0.0,29.7,6939.3,58611.4,0.0,0.65,0.58,776.43,3.12,8.66,0.1,67.11,38.37
1788429092.625,710.03,ndvi_acquire_gee,1,292.4,292.4,0.0,29.0,7137.4,58413.3,0.0,0.65,0.58,776.43,3.12,8.66,0.1,67.11,38.37
1788429093.126,710.54,ndvi_acquire_gee,1,292.4,292.4,0.0,29.2,6897.6,58653.1,0.0,0.65,0.58,776.81,3.12,8.67,0.1,67.11,38.37
1788429093.627,711.04,ndvi_acquire_gee,1,292.4,292.4,0.0,32.6,7092.8,58457.9,0.0,0.65,0.58,776.83,3.13,8.67,0.1,67.11,38.37
1788429094.128,711.54,ndvi_acquire_gee,1,292.4,292.4,2.0,31.6,6995.6,58555.1,0.0,0.65,0.58,776.93,3.13,8.67,0.1,67.11,38.37
1788429094.63,712.04,ndvi_acquire_gee,1,292.4,292.4,0.0,32.7,7112.2,58438.5,0.0,0.65,0.58,777.02,3.13,8.67,0.1,67.11,38.37
1788429095.131,712.54,ndvi_acquire_gee,1,292.4,292.4,0.0,30.4,7159.7,58391.0,0.0,0.65,0.58,777.17,3.14,8.67,0.1,67.11,38.37
1788429095.632,713.04,ndvi_acquire_gee,1,292.4,292.4,0.0,29.8,7258.1,58292.6,0.0,0.65,0.58,777.17,3.14,8.67,0.1,67.11,38.37
1788429096.133,713.54,ndvi_acquire_gee,1,292.4,292.4,0.0,28.6,7233.5,58317.2,0.0,0.65,0.58,777.61,3.14,8.67,0.1,67.11,38.37
1788429096.635,714.04,ndvi_acquire_gee,1,292.4,292.4,0.0,33.7,7331.8,58218.9,0.0,0.65,0.58,777.67,3.14,8.67,0.1,67.11,38.37
1788429097.136,714.55,ndvi_acquire_gee,1,292.4,292.4,2.0,28.5,7199.6,58351.1,0.0,0.65,0.58,777.93,3.14,8.68,0.1,67.11,38.37
1788429097.637,715.05,ndvi_acquire_gee,1,292.4,292.4,0.0,32.0,7267.0,58283.7,0.0,0.65,0.58,778.15,3.14,8.68,0.1,67.11,38.37
1788429098.139,715.55,ndvi_acquire_gee,1,292.4,292.4,0.0,28.5,7349.9,58200.8,0.0,0.66,0.58,778.42,3.15,8.77,0.1,67.11,38.37
1788429098.64,716.05,ndvi_acquire_gee,1,292.4,292.4,0.0,29.4,7244.5,58306.2,0.0,0.66,0.58,778.53,3.15,8.77,0.1,67.11,38.37
1788429099.142,716.55,ndvi_acquire_gee,1,292.4,292.4,0.0,32.2,7340.8,58209.9,0.0,0.66,0.58,779.01,3.15,8.77,0.1,67.11,38.37
1788429099.644,717.05,ndvi_acquire_gee,1,292.4,292.4,0.0,31.7,7344.3,58206.3,0.0,0.66,0.58,779.02,3.15,8.78,0.1,67.11,38.37
1788429100.145,717.55,ndvi_acquire_gee,1,292.4,292.4,0.0,26.0,7409.5,58141.2,0.0,0.66,0.58,779.2,3.15,8.78,0.1,67.11,38.37
1788429100.646,718.06,ndvi_acquire_gee,1,292.4,292.4,2.0,30.3,7296.0,58254.7,0.0,0.66,0.58,779.39,3.16,8.78,0.1,67.11,38.37
1788429101.148,718.56,ndvi_acquire_gee,1,292.4,292.4,0.0,32.6,7401.7,58149.0,0.0,0.66,0.58,779.78,3.16,8.78,0.1,67.11,38.37
1788429101.649,719.06,ndvi_acquire_gee,1,292.4,292.4,0.0,29.8,7408.4,58142.3,0.0,0.66,0.58,779.85,3.16,8.78,0.1,67.11,38.37
1788429102.15,719.56,ndvi_acquire_gee,1,292.4,292.4,0.0,29.7,7158.9,58391.8,0.0,0.66,0.58,780.32,3.16,8.78,0.1,67.11,38.37
1788429102.652,720.06,ndvi_acquire_gee,1,292.4,292.4,0.0,22.4,7235.9,58314.8,0.0,0.66,0.58,780.41,3.16,8.78,0.1,67.11,38.37
1788429103.153,720.56,ndvi_acquire_gee,1,292.4,292.4,0.0,29.4,7012.1,58538.6,0.0,0.66,0.58,783.4,3.16,8.78,0.1,67.11,38.37
1788429103.654,721.06,ndvi_acquire_gee,1,292.4,292.4,0.0,30.8,7126.5,58424.2,0.0,0.66,0.58,783.5,3.17,8.78,0.1,67.11,38.37
1788429104.155,721.57,ndvi_acquire_gee,1,292.4,292.4,0.0,28.7,6857.6,58693.1,0.0,0.66,0.58,783.81,3.17,8.79,0.1,67.11,38.37
1788429104.657,722.07,ndvi_acquire_gee,1,292.4,292.4,2.0,31.7,6859.7,58691.0,0.0,0.66,0.58,784.04,3.17,8.79,0.1,67.11,38.37
1788429105.158,722.57,ndvi_acquire_gee,1,292.4,292.4,0.0,31.2,7039.7,58511.0,0.0,0.66,0.58,784.2,3.17,8.79,0.1,67.11,38.37
1788429105.659,723.07,ndvi_acquire_gee,1,292.4,292.4,0.0,32.6,7065.9,58484.8,0.0,0.66,0.58,784.2,3.17,8.79,0.1,67.11,38.37
1788429106.161,723.57,ndvi_acquire_gee,1,292.4,292.4,0.0,30.2,7118.7,58432.0,0.0,0.66,0.58,784.48,3.18,8.79,0.1,67.11,38.37
1788429106.662,724.07,ndvi_acquire_gee,1,292.4,292.4,0.0,33.0,7144.8,58405.9,0.0,0.66,0.58,784.48,3.18,8.79,0.1,67.11,38.37
1788429107.163,724.57,ndvi_acquire_gee,1,292.4,292.4,0.0,30.7,7177.0,58373.7,0.0,0.66,0.58,784.54,3.18,8.79,0.1,67.11,38.37
1788429107.665,725.07,ndvi_acquire_gee,1,292.4,292.4,0.0,31.2,7168.8,58381.9,0.0,0.66,0.58,784.54,3.18,8.79,0.1,67.11,38.37
1788429108.166,725.58,ndvi_acquire_gee,1,292.4,292.4,0.0,31.2,7170.3,58380.4,0.0,0.66,0.58,785.09,3.18,8.79,0.1,67.11,38.37
1788429108.668,726.08,ndvi_acquire_gee,1,292.4,292.4,0.0,33.3,7143.4,58407.3,0.0,0.66,0.58,785.09,3.19,8.89,0.1,67.11,38.37
1788429109.17,726.58,ndvi_acquire_gee,1,292.4,292.4,0.0,33.6,7143.3,58407.4,0.0,0.66,0.58,785.34,3.19,8.89,0.1,67.11,38.37
1788429109.671,727.08,ndvi_acquire_gee,1,292.4,292.4,0.0,33.2,7127.8,58422.9,0.0,0.66,0.58,785.38,3.19,8.89,0.1,67.11,38.37
1788429110.172,727.58,ndvi_acquire_gee,1,292.4,292.4,0.0,33.9,7129.3,58421.4,0.0,0.66,0.58,785.84,3.19,8.89,0.1,67.11,38.37
1788429110.674,728.08,ndvi_acquire_gee,1,292.4,292.4,2.0,35.0,7109.0,58441.7,0.0,0.66,0.58,785.84,3.19,8.89,0.1,67.11,38.37
1788429111.175,728.58,ndvi_acquire_gee,1,292.4,292.4,0.0,34.8,7108.9,58441.8,0.0,0.66,0.58,786.23,3.2,8.89,0.1,67.11,38.37
1788429111.676,729.09,ndvi_acquire_gee,1,292.4,292.4,0.0,28.9,6832.3,58718.4,0.0,0.66,0.58,786.35,3.2,8.89,0.1,67.11,38.37
1788429112.178,729.59,ndvi_acquire_gee,1,292.4,292.4,2.0,33.0,7020.3,58530.4,0.0,0.66,0.58,786.71,3.2,8.9,0.1,67.11,38.37
1788429112.679,730.09,ndvi_acquire_gee,1,292.4,292.4,0.0,25.1,6793.7,58757.0,0.0,0.66,0.58,786.71,3.2,8.9,0.1,67.11,38.37
1788429113.18,730.59,ndvi_acquire_gee,1,292.4,292.4,0.0,32.4,7024.4,58526.3,0.0,0.66,0.58,787.46,3.2,8.9,0.1,67.11,38.37
1788429113.681,731.09,ndvi_acquire_gee,1,292.4,292.4,0.0,30.1,7100.1,58450.6,0.0,0.66,0.58,787.54,3.2,8.9,0.1,67.11,38.37
1788429114.183,731.59,ndvi_acquire_gee,1,292.4,292.4,0.0,29.8,7136.3,58414.4,0.0,0.66,0.58,787.68,3.21,8.9,0.1,67.11,38.37
1788429114.684,732.09,ndvi_acquire_gee,1,292.4,292.4,0.0,30.3,7108.9,58441.8,0.0,0.66,0.58,787.71,3.21,8.9,0.1,67.11,38.37
1788429115.185,732.6,ndvi_acquire_gee,1,292.4,292.4,0.0,33.1,7045.1,58505.6,0.0,0.66,0.58,787.85,3.21,8.9,0.1,67.11,38.37
1788429115.687,733.1,ndvi_acquire_gee,1,292.4,292.4,2.0,40.0,7056.1,58494.6,0.0,0.66,0.58,788.11,3.21,8.9,0.1,67.11,38.37
1788429116.188,733.6,ndvi_acquire_gee,1,292.4,292.4,0.0,36.9,7254.9,58295.8,0.0,0.66,0.58,788.47,3.21,8.9,0.1,67.11,38.37
1788429116.689,734.1,ndvi_acquire_gee,1,292.4,292.4,0.0,33.6,7301.7,58249.0,0.0,0.66,0.58,788.6,3.21,8.9,0.1,67.11,38.37
1788429117.191,734.6,ndvi_acquire_gee,1,292.4,292.4,0.0,27.1,7237.5,58313.2,0.0,0.66,0.58,788.8,3.22,8.9,0.1,67.11,38.37
1788429117.692,735.1,ndvi_acquire_gee,1,292.4,292.4,0.0,32.6,7264.7,58286.0,0.0,0.66,0.58,788.92,3.22,8.91,0.1,67.11,38.37
1788429118.193,735.6,ndvi_acquire_gee,1,292.4,292.4,0.0,31.3,7099.5,58451.2,0.0,0.66,0.58,789.34,3.22,8.91,0.1,67.11,38.37
1788429118.695,736.1,ndvi_acquire_gee,1,292.4,292.4,2.0,32.9,7196.2,58354.5,0.0,0.66,0.58,789.45,3.22,8.91,0.1,67.11,38.37
1788429119.196,736.61,ndvi_acquire_gee,1,292.4,292.4,0.0,33.3,7221.0,58329.7,0.0,0.66,0.58,789.64,3.23,9.01,0.1,67.11,38.37
1788429119.698,737.11,ndvi_acquire_gee,1,292.4,292.4,0.0,27.6,7073.6,58477.1,0.0,0.66,0.58,789.64,3.23,9.01,0.1,67.11,38.37
1788429120.199,737.61,ndvi_acquire_gee,1,292.4,292.4,0.0,31.5,7225.6,58325.1,0.0,0.66,0.58,789.82,3.23,9.01,0.1,67.11,38.37
1788429120.7,738.11,ndvi_acquire_gee,1,292.4,292.4,0.0,27.2,7131.0,58419.7,0.0,0.66,0.58,789.82,3.23,9.01,0.1,67.11,38.37
1788429121.202,738.61,ndvi_acquire_gee,1,292.4,292.4,0.0,32.1,7211.0,58339.7,0.0,0.66,0.58,790.22,3.23,9.01,0.1,67.11,38.37
1788429121.703,739.11,ndvi_acquire_gee,1,292.4,292.4,0.0,26.5,7185.5,58365.2,0.0,0.66,0.58,790.29,3.24,9.01,0.1,67.11,38.37
1788429122.204,739.61,ndvi_acquire_gee,1,292.4,292.4,0.0,33.3,7324.2,58226.5,0.0,0.66,0.58,790.38,3.24,9.01,0.1,67.11,38.37
1788429122.705,740.11,ndvi_acquire_gee,1,292.4,292.4,2.0,30.7,7391.0,58159.7,0.0,0.66,0.58,790.52,3.24,9.01,0.1,67.11,38.37
1788429123.207,740.62,ndvi_acquire_gee,1,292.4,292.4,0.0,30.7,7374.8,58175.9,0.0,0.66,0.58,790.52,3.24,9.01,0.1,67.11,38.37
1788429123.708,741.12,ndvi_acquire_gee,1,292.4,292.4,0.0,30.9,7427.6,58123.1,0.0,0.66,0.58,790.52,3.24,9.01,0.1,67.11,38.37
1788429124.209,741.62,ndvi_acquire_gee,1,292.4,292.4,0.0,33.3,7422.0,58128.7,0.0,0.66,0.58,790.71,3.24,9.01,0.1,67.11,38.37
1788429124.711,742.12,ndvi_acquire_gee,1,292.4,292.4,0.0,28.6,7410.2,58140.5,0.0,0.66,0.58,790.98,3.24,9.01,0.1,67.11,38.37
1788429125.212,742.62,ndvi_acquire_gee,1,292.4,292.4,0.0,28.9,7494.4,58056.3,0.0,0.66,0.58,790.99,3.24,9.01,0.1,67.11,38.37
1788429125.713,743.12,ndvi_acquire_gee,1,292.4,292.4,0.0,31.2,7395.2,58155.5,0.0,0.66,0.58,791.38,3.24,9.01,0.1,67.11,38.37
1788429126.214,743.62,ndvi_acquire_gee,1,292.4,292.4,0.0,29.9,7306.7,58244.0,0.0,0.66,0.58,791.42,3.24,9.02,0.1,67.11,38.37
1788429126.715,744.13,ndvi_acquire_gee,1,292.4,292.4,0.0,32.5,7403.7,58147.0,0.0,0.66,0.58,791.59,3.25,9.02,0.1,67.11,38.37
1788429127.217,744.63,ndvi_acquire_gee,1,292.4,292.4,0.0,25.4,7396.4,58154.3,0.0,0.66,0.58,791.59,3.25,9.02,0.1,67.11,38.37
1788429127.718,745.13,ndvi_acquire_gee,1,292.4,292.4,0.0,30.2,7390.6,58160.1,0.0,0.66,0.58,791.86,3.25,9.02,0.1,67.11,38.37
1788429128.219,745.63,ndvi_acquire_gee,1,292.4,292.4,0.0,26.4,7274.7,58276.0,0.0,0.66,0.58,791.98,3.26,9.02,0.1,67.11,38.37
1788429128.721,746.13,ndvi_acquire_gee,1,292.4,292.4,0.0,22.7,7292.3,58258.4,0.0,0.66,0.58,800.95,3.26,9.02,0.1,67.11,38.37
1788429129.222,746.63,ndvi_acquire_gee,1,292.4,292.4,0.0,18.1,7391.8,58158.9,0.0,0.66,0.58,800.95,3.26,9.02,0.1,67.11,38.37
1788429129.723,747.13,ndvi_acquire_gee,1,292.4,292.4,0.0,29.4,7296.8,58253.9,0.0,0.66,0.58,801.14,3.26,9.12,0.1,67.11,38.37
1788429130.224,747.63,ndvi_acquire_gee,1,292.4,292.4,0.0,28.8,7423.8,58126.9,0.0,0.66,0.58,801.21,3.26,9.12,0.1,67.11,38.37
1788429130.726,748.14,ndvi_acquire_gee,1,292.4,292.4,2.0,31.4,7471.8,58078.9,0.0,0.67,0.58,801.42,3.27,9.12,0.1,67.11,38.37
1788429131.228,748.64,ndvi_acquire_gee,1,292.4,292.4,0.0,29.0,7320.5,58230.2,0.0,0.67,0.58,801.44,3.27,9.12,0.1,67.11,38.37
1788429131.729,749.14,ndvi_acquire_gee,1,292.4,292.4,0.0,33.7,7320.0,58230.7,0.0,0.67,0.58,801.58,3.27,9.12,0.1,67.11,38.37
1788429132.23,749.64,ndvi_acquire_gee,1,292.4,292.4,0.0,30.5,7099.8,58450.9,0.0,0.67,0.58,801.8,3.27,9.12,0.1,67.11,38.37
1788429132.731,750.14,ndvi_acquire_gee,1,292.4,292.4,0.0,31.8,7157.3,58393.4,0.0,0.67,0.58,802.02,3.27,9.12,0.1,67.11,38.37
1788429133.232,750.64,ndvi_acquire_gee,1,292.4,292.4,0.0,30.2,7150.2,58400.5,0.0,0.67,0.58,802.02,3.27,9.12,0.1,67.11,38.37
1788429133.734,751.14,ndvi_acquire_gee,1,292.4,292.4,0.0,31.6,7250.1,58300.6,0.0,0.67,0.58,802.98,3.27,9.13,0.1,67.11,38.37
1788429134.235,751.64,ndvi_acquire_gee,1,292.4,292.4,0.0,29.1,7092.1,58458.6,0.0,0.67,0.58,802.98,3.27,9.13,0.1,67.11,38.37
1788429134.736,752.15,ndvi_acquire_gee,1,292.4,292.4,2.0,30.3,7065.8,58484.9,0.0,0.67,0.58,803.38,3.28,9.13,0.1,67.11,38.37
1788429135.237,752.65,ndvi_acquire_gee,1,292.4,292.4,0.0,30.8,6986.7,58564.0,0.0,0.67,0.58,803.38,3.28,9.13,0.1,67.11,38.37
1788429135.739,753.15,ndvi_acquire_gee,1,292.4,292.4,0.0,27.5,6886.1,58664.6,0.0,0.67,0.58,803.67,3.28,9.13,0.1,67.11,38.37
1788429136.24,753.65,ndvi_acquire_gee,1,292.4,292.4,0.0,29.9,7013.8,58536.9,0.0,0.67,0.58,803.69,3.28,9.13,0.1,67.11,38.37
1788429136.742,754.15,ndvi_acquire_gee,1,292.4,292.4,0.0,26.5,6938.9,58611.8,0.0,0.67,0.58,803.83,3.28,9.13,0.1,67.11,38.37
1788429137.243,754.65,ndvi_acquire_gee,1,292.4,292.4,0.0,31.9,7070.9,58479.8,0.0,0.67,0.58,803.83,3.29,9.13,0.1,67.11,38.37
1788429137.744,755.15,ndvi_acquire_gee,1,292.4,292.4,2.0,30.4,6966.3,58584.4,0.0,0.67,0.58,803.91,3.29,9.13,0.1,67.11,38.37
1788429138.245,755.66,ndvi_acquire_gee,1,292.4,292.4,0.0,30.5,7073.0,58477.7,0.0,0.67,0.58,804.01,3.29,9.14,0.1,67.11,38.37
1788429138.747,756.16,ndvi_acquire_gee,1,292.4,292.4,0.0,28.3,6881.6,58669.1,0.0,0.67,0.58,804.01,3.29,9.14,0.1,67.11,38.37
1788429139.248,756.66,ndvi_acquire_gee,1,292.4,292.4,0.0,31.5,6966.1,58584.6,0.0,0.67,0.58,805.36,3.29,9.14,0.1,67.11,38.37
1788429139.749,757.16,ndvi_acquire_gee,1,292.4,292.4,0.0,32.2,7091.5,58459.1,0.0,0.67,0.58,805.62,3.3,9.23,0.1,67.11,38.37
1788429140.25,757.66,ndvi_acquire_gee,1,292.4,292.4,0.0,29.7,6878.2,58672.4,0.0,0.67,0.58,805.62,3.3,9.23,0.1,67.11,38.37
1788429140.751,758.16,ndvi_acquire_gee,1,292.4,292.4,0.0,32.9,6893.0,58657.7,0.0,0.67,0.58,805.88,3.3,9.23,0.1,67.11,38.37
1788429141.252,758.66,ndvi_acquire_gee,1,292.4,292.4,0.0,31.6,6974.7,58576.0,0.0,0.67,0.58,805.9,3.3,9.24,0.1,67.11,38.37
1788429141.754,759.16,ndvi_acquire_gee,1,292.4,292.4,2.0,23.5,6945.8,58604.9,0.0,0.67,0.58,806.06,3.3,9.24,0.1,67.11,38.37
1788429142.255,759.66,ndvi_acquire_gee,1,292.4,292.4,0.0,17.3,7043.7,58507.0,0.0,0.67,0.58,806.06,3.3,9.24,0.1,67.11,38.37
1788429142.756,760.17,ndvi_acquire_gee,1,292.4,292.4,0.0,20.9,7083.7,58467.0,0.0,0.67,0.58,806.2,3.31,9.24,0.1,67.11,38.37
1788429143.258,760.67,ndvi_acquire_gee,1,292.4,292.4,0.0,30.8,7178.5,58372.2,0.0,0.67,0.58,806.2,3.31,9.24,0.1,67.11,38.37
1788429143.759,761.17,ndvi_acquire_gee,1,292.4,292.4,0.0,27.0,7259.3,58291.4,0.0,0.67,0.58,806.48,3.31,9.24,0.1,67.11,38.37
1788429144.26,761.67,ndvi_acquire_gee,1,292.4,292.4,0.0,28.3,7233.1,58317.6,0.0,0.67,0.58,806.48,3.31,9.24,0.1,67.11,38.37
1788429144.761,762.17,ndvi_acquire_gee,1,292.4,292.4,0.0,27.5,7220.0,58330.7,0.0,0.67,0.58,806.92,3.31,9.24,0.1,67.11,38.37
1788429145.262,762.67,ndvi_acquire_gee,1,292.4,292.4,0.0,26.3,7309.0,58241.7,0.0,0.67,0.58,806.92,3.31,9.24,0.1,67.11,38.37
1788429145.764,763.17,ndvi_acquire_gee,1,292.4,292.4,0.0,25.7,7214.4,58336.3,0.0,0.67,0.58,807.69,3.32,9.24,0.1,67.11,38.37
1788429146.265,763.67,ndvi_acquire_gee,1,292.4,292.4,2.0,28.9,7312.0,58238.7,0.0,0.67,0.58,807.69,3.32,9.24,0.1,67.11,38.37
1788429146.766,764.18,ndvi_acquire_gee,1,292.4,292.4,0.0,29.7,7165.4,58385.3,0.0,0.67,0.58,808.21,3.32,9.24,0.1,67.11,38.37
1788429147.267,764.68,ndvi_acquire_gee,1,292.4,292.4,0.0,30.0,7173.9,58376.8,0.0,0.68,0.58,808.21,3.32,9.25,0.1,67.11,38.37
1788429147.769,765.18,ndvi_acquire_gee,1,292.4,292.4,0.0,32.8,7007.8,58542.9,0.0,0.68,0.58,808.62,3.32,9.25,0.1,67.11,38.37
1788429148.27,765.68,ndvi_acquire_gee,1,292.4,292.4,0.0,30.0,7007.0,58543.7,0.0,0.68,0.58,808.64,3.32,9.25,0.1,67.11,38.37
1788429148.771,766.18,ndvi_acquire_gee,1,292.4,292.4,0.0,31.5,7069.7,58481.0,0.0,0.68,0.58,808.8,3.33,9.25,0.1,67.11,38.37
1788429149.272,766.68,ndvi_acquire_gee,1,292.4,292.4,0.0,31.2,6868.4,58682.3,0.0,0.68,0.58,808.8,3.33,9.25,0.1,67.11,38.37
1788429149.774,767.18,ndvi_acquire_gee,1,292.4,292.4,0.0,33.7,7037.4,58513.3,0.0,0.68,0.58,809.23,3.33,9.25,0.1,67.11,38.37
1788429150.275,767.68,ndvi_acquire_gee,1,292.4,292.4,2.0,30.9,7073.3,58477.4,0.0,0.68,0.58,809.23,3.33,9.34,0.1,67.11,38.37
1788429150.776,768.19,ndvi_acquire_gee,1,292.4,292.4,0.0,34.1,7163.9,58386.8,0.0,0.68,0.58,809.52,3.34,9.35,0.1,67.11,38.37
1788429151.278,768.69,ndvi_acquire_gee,1,292.4,292.4,0.0,17.3,7063.8,58487.2,0.0,0.68,0.58,809.61,3.34,9.35,0.1,67.11,38.37
1788429151.779,769.19,ndvi_acquire_gee,1,292.4,292.4,0.0,18.0,7159.6,58391.1,0.0,0.68,0.58,810.17,3.34,9.35,0.1,67.11,38.37
1788429152.28,769.69,ndvi_acquire_gee,1,292.4,292.4,0.0,24.9,7143.6,58407.1,0.0,0.68,0.58,810.18,3.34,9.35,0.1,67.11,38.37
1788429152.782,770.19,ndvi_acquire_gee,1,292.4,292.4,0.0,30.7,7280.7,58270.0,0.0,0.68,0.58,810.4,3.34,9.35,0.1,67.11,38.37
1788429153.283,770.69,ndvi_acquire_gee,1,292.4,292.4,0.0,30.5,7172.4,58378.3,0.0,0.68,0.58,810.4,3.34,9.35,0.1,67.11,38.37
1788429153.785,771.19,ndvi_acquire_gee,1,292.4,292.4,0.0,27.4,7089.2,58461.5,0.0,0.68,0.58,810.7,3.35,9.35,0.1,67.11,38.37
1788429154.286,771.7,ndvi_acquire_gee,1,292.4,292.4,2.0,30.2,7262.2,58288.5,0.0,0.68,0.58,810.7,3.35,9.35,0.1,67.11,38.37
1788429154.787,772.2,ndvi_acquire_gee,1,292.4,292.4,0.0,31.3,7343.1,58207.9,0.0,0.68,0.58,811.05,3.35,9.35,0.1,67.11,38.37
1788429155.288,772.7,ndvi_acquire_gee,1,292.4,292.4,0.0,30.7,7307.8,58242.5,0.0,0.68,0.58,811.05,3.35,9.35,0.1,67.11,38.37
1788429155.789,773.2,ndvi_acquire_gee,1,292.4,292.4,0.0,29.3,7191.5,58359.2,0.0,0.68,0.58,811.35,3.35,9.36,0.1,67.11,38.37
1788429156.291,773.7,ndvi_acquire_gee,1,292.4,292.4,0.0,32.2,7410.0,58140.7,0.0,0.68,0.58,811.35,3.35,9.36,0.1,67.11,38.37
1788429156.792,774.2,ndvi_acquire_gee,1,292.4,292.4,0.0,30.5,7400.4,58150.3,0.0,0.68,0.58,811.48,3.35,9.36,0.1,67.11,38.37
1788429157.293,774.7,ndvi_acquire_gee,1,292.4,292.4,0.0,30.0,7493.7,58057.0,0.0,0.68,0.58,811.48,3.35,9.36,0.1,67.11,38.37
1788429157.795,775.2,ndvi_acquire_gee,1,292.4,292.4,0.0,30.5,7518.9,58031.8,0.0,0.68,0.58,811.66,3.35,9.36,0.1,67.11,38.37
1788429158.296,775.71,ndvi_acquire_gee,1,292.4,292.4,2.0,30.7,7560.0,57990.7,0.0,0.68,0.58,811.86,3.35,9.36,0.1,67.11,38.37
1788429158.798,776.21,ndvi_acquire_gee,1,292.4,292.4,0.0,30.5,7332.5,58218.2,0.0,0.68,0.58,823.4,3.35,9.36,0.1,67.11,38.37
1788429159.299,776.71,ndvi_acquire_gee,1,292.4,292.4,0.0,28.6,7488.1,58062.6,0.0,0.68,0.58,823.4,3.35,9.36,0.1,67.11,38.37
1788429159.8,777.21,ndvi_acquire_gee,1,292.4,292.4,0.0,31.2,7285.9,58264.8,0.0,0.68,0.58,823.57,3.36,9.37,0.1,67.11,38.37
1788429160.301,777.71,ndvi_acquire_gee,1,292.4,292.4,0.0,29.1,7317.2,58233.5,0.0,0.68,0.58,823.57,3.36,9.37,0.1,67.11,38.37
1788429160.803,778.21,ndvi_acquire_gee,1,292.4,292.4,2.0,30.5,7342.1,58208.5,0.0,0.68,0.58,823.98,3.37,9.46,0.1,67.11,38.37
1788429161.304,778.71,ndvi_acquire_gee,1,292.4,292.4,0.0,30.8,7440.7,58110.0,0.0,0.68,0.58,823.99,3.37,9.46,0.1,67.11,38.37
1788429161.805,779.22,ndvi_acquire_gee,1,292.4,292.4,0.0,27.3,7310.5,58240.2,0.0,0.68,0.58,824.12,3.37,9.46,0.1,67.11,38.37
1788429162.307,779.72,ndvi_acquire_gee,1,292.4,292.4,0.0,33.3,7418.5,58132.2,0.0,0.68,0.58,824.34,3.37,9.46,0.1,67.11,38.37
1788429162.808,780.22,ndvi_acquire_gee,1,292.4,292.4,0.0,28.2,7023.4,58527.3,0.0,0.68,0.58,824.64,3.37,9.47,0.1,67.11,38.37
1788429163.31,780.72,ndvi_acquire_gee,1,292.4,292.4,0.0,31.9,7244.6,58306.1,0.0,0.68,0.58,824.65,3.37,9.47,0.1,67.11,38.37
1788429163.811,781.22,ndvi_acquire_gee,1,292.4,292.4,0.0,28.1,7254.6,58296.1,0.0,0.68,0.58,827.97,3.37,9.47,0.1,67.11,38.37
1788429164.312,781.72,ndvi_acquire_gee,1,292.4,292.4,0.0,30.1,7355.9,58194.8,0.0,0.68,0.58,827.97,3.37,9.47,0.1,67.11,38.37
1788429164.814,782.22,ndvi_acquire_gee,1,292.4,292.4,0.0,30.0,7155.3,58395.4,0.0,0.68,0.58,828.22,3.38,9.47,0.1,67.11,38.37
1788429165.315,782.72,ndvi_acquire_gee,1,292.4,292.4,2.0,29.9,7260.5,58290.2,0.0,0.68,0.58,828.26,3.38,9.47,0.1,67.11,38.37
1788429165.817,783.23,ndvi_acquire_gee,1,292.4,292.4,0.0,41.5,7181.6,58369.1,0.0,0.68,0.58,828.88,3.38,9.47,0.1,67.11,38.37
1788429166.318,783.73,ndvi_acquire_gee,1,292.4,292.4,0.0,30.3,7064.9,58485.8,0.0,0.68,0.58,828.88,3.38,9.47,0.1,67.11,38.37
1788429166.819,784.23,ndvi_acquire_gee,1,292.4,292.4,0.0,31.3,7123.4,58427.3,0.0,0.68,0.58,829.01,3.38,9.47,0.1,67.11,38.37
1788429167.32,784.73,ndvi_acquire_gee,1,292.4,292.4,0.0,29.9,7028.9,58521.8,0.0,0.68,0.58,829.01,3.38,9.47,0.1,67.11,38.37
1788429167.821,785.23,ndvi_acquire_gee,1,292.4,292.4,0.0,29.8,7141.5,58409.2,0.0,0.68,0.58,829.15,3.38,9.47,0.1,67.11,38.37
1788429168.322,785.73,ndvi_acquire_gee,1,292.4,292.4,0.0,28.2,7299.1,58251.6,0.0,0.68,0.58,829.17,3.38,9.47,0.1,67.11,38.37
1788429168.824,786.23,ndvi_acquire_gee,1,292.4,292.4,0.0,29.6,7068.2,58482.5,0.0,0.68,0.58,829.39,3.38,9.47,0.1,67.11,38.37
1788429169.325,786.73,ndvi_acquire_gee,1,292.4,292.4,2.0,30.0,7224.6,58326.1,0.0,0.68,0.58,829.51,3.38,9.47,0.1,67.11,38.37
1788429169.826,787.24,ndvi_acquire_gee,1,292.4,292.4,0.0,33.0,7293.6,58257.1,0.0,0.68,0.58,829.76,3.38,9.47,0.1,67.11,38.37
1788429170.328,787.74,ndvi_acquire_gee,1,292.4,292.4,0.0,30.5,7324.1,58226.6,0.0,0.68,0.58,829.76,3.38,9.48,0.1,67.11,38.37
1788429170.829,788.24,ndvi_acquire_gee,1,292.4,292.4,0.0,29.2,7113.6,58437.1,0.0,0.68,0.58,830.29,3.38,9.48,0.1,67.11,38.37
1788429171.33,788.74,ndvi_acquire_gee,1,292.4,292.4,0.0,29.0,7192.4,58358.3,0.0,0.68,0.58,830.29,3.38,9.48,0.1,67.11,38.37
1788429171.831,789.24,ndvi_acquire_gee,1,292.4,292.4,0.0,30.4,7413.2,58137.5,0.0,0.68,0.58,830.64,3.38,9.48,0.1,67.11,38.37
1788429172.333,789.74,ndvi_acquire_gee,1,292.4,292.4,0.0,31.2,7434.9,58115.8,0.0,0.68,0.58,830.65,3.38,9.48,0.1,67.11,38.37
1788429172.834,790.24,ndvi_acquire_gee,1,292.4,292.4,0.0,27.5,7429.6,58121.1,0.0,0.68,0.58,830.87,3.38,9.48,0.1,67.11,38.37
1788429173.336,790.75,ndvi_acquire_gee,1,292.4,292.4,2.0,28.6,7431.5,58119.2,0.0,0.68,0.58,830.88,3.38,9.48,0.1,67.11,38.37
1788429173.844,791.25,ndvi_acquire_gee,1,292.4,292.4,0.0,34.3,7431.9,58118.8,0.0,0.68,0.58,832.04,3.38,9.48,0.1,67.11,38.37
1788429174.345,791.75,ndvi_acquire_gee,1,292.4,292.4,0.0,28.6,7436.3,58114.4,0.0,0.68,0.58,832.07,3.38,9.48,0.1,67.11,38.37
1788429174.846,792.26,ndvi_acquire_gee,1,292.4,292.4,0.0,30.6,7418.8,58131.9,0.0,0.68,0.58,832.48,3.39,9.48,0.1,67.11,38.37
1788429175.348,792.76,ndvi_acquire_gee,1,292.4,292.4,0.0,33.7,7418.5,58132.2,0.0,0.68,0.58,832.48,3.39,9.48,0.1,67.11,38.37
1788429175.849,793.26,ndvi_acquire_gee,1,292.4,292.4,0.0,31.5,7395.8,58154.9,0.0,0.68,0.58,832.94,3.39,9.48,0.1,67.11,38.37
1788429176.35,793.76,ndvi_acquire_gee,1,292.4,292.4,0.0,32.4,7390.1,58160.5,0.0,0.68,0.58,832.94,3.39,9.48,0.1,67.11,38.37
1788429176.852,794.26,ndvi_acquire_gee,1,292.4,292.4,0.0,30.5,7361.6,58189.1,0.0,0.68,0.58,833.08,3.39,9.48,0.1,67.11,38.37
1788429177.353,794.76,ndvi_acquire_gee,1,292.4,292.4,2.0,29.5,7357.3,58193.4,0.0,0.68,0.58,833.14,3.39,9.49,0.1,67.11,38.37
1788429177.854,795.26,ndvi_acquire_gee,1,292.4,292.4,2.0,29.3,7330.2,58220.5,0.0,0.68,0.58,833.34,3.39,9.49,0.1,67.11,38.37
1788429178.355,795.77,ndvi_acquire_gee,1,292.4,292.4,0.0,28.7,7323.1,58227.5,0.0,0.68,0.58,833.35,3.39,9.49,0.1,67.11,38.37
1788429178.857,796.27,ndvi_acquire_gee,1,292.4,292.4,0.0,28.5,7312.8,58237.9,0.0,0.68,0.58,833.6,3.39,9.49,0.1,67.11,38.37
1788429179.358,796.77,ndvi_acquire_gee,1,292.4,292.4,0.0,23.2,7052.7,58498.0,0.0,0.68,0.58,833.6,3.39,9.49,0.1,67.11,38.37
1788429179.859,797.27,ndvi_acquire_gee,1,292.4,292.4,0.0,30.8,7183.2,58367.5,0.0,0.68,0.58,833.82,3.39,9.49,0.1,67.11,38.37
1788429180.36,797.77,ndvi_acquire_gee,1,292.4,292.4,0.0,25.4,7001.7,58549.0,0.0,0.69,0.58,833.82,3.39,9.49,0.1,67.11,38.37
1788429180.861,798.27,ndvi_acquire_gee,1,292.4,292.4,0.0,29.5,7038.2,58512.5,0.0,0.69,0.58,834.07,3.39,9.49,0.1,67.11,38.37
1788429181.363,798.77,ndvi_acquire_gee,1,292.4,292.4,0.0,31.3,6924.3,58626.4,0.0,0.69,0.58,834.07,3.39,9.49,0.1,67.11,38.37
1788429181.864,799.27,ndvi_acquire_gee,1,292.4,292.4,0.0,33.0,7069.1,58481.6,0.0,0.69,0.58,834.27,3.39,9.49,0.1,67.11,38.37
1788429182.365,799.77,ndvi_acquire_gee,1,292.4,292.4,2.0,29.1,7049.7,58501.0,0.0,0.69,0.58,834.28,3.4,9.49,0.1,67.11,38.37
1788429182.866,800.28,ndvi_acquire_gee,1,292.4,292.4,0.0,30.1,7169.4,58381.3,0.0,0.69,0.58,834.36,3.4,9.5,0.1,67.11,38.37
1788429183.368,800.78,ndvi_acquire_gee,1,292.4,292.4,0.0,29.7,7040.3,58510.4,0.0,0.69,0.58,834.36,3.4,9.5,0.1,67.11,38.37
1788429183.869,801.28,ndvi_acquire_gee,1,292.4,292.4,0.0,29.5,7065.5,58485.2,0.0,0.69,0.58,834.58,3.4,9.5,0.1,67.11,38.37
1788429184.37,801.78,ndvi_acquire_gee,1,292.4,292.4,0.0,29.1,7059.7,58490.9,0.0,0.69,0.58,834.76,3.4,9.5,0.1,67.11,38.37
1788429184.871,802.28,ndvi_acquire_gee,1,292.4,292.4,0.0,30.3,7231.7,58318.9,0.0,0.69,0.58,834.9,3.4,9.5,0.1,67.11,38.37
1788429185.373,802.78,ndvi_acquire_gee,1,292.4,292.4,2.0,27.9,7019.7,58531.0,0.0,0.69,0.58,834.92,3.4,9.5,0.1,67.11,38.37
1788429185.874,803.28,ndvi_acquire_gee,1,292.4,292.4,0.0,33.3,7232.4,58318.3,0.0,0.69,0.58,835.27,3.4,9.5,0.1,67.11,38.37
1788429186.375,803.79,ndvi_acquire_gee,1,292.4,292.4,0.0,31.7,7302.4,58248.3,0.0,0.69,0.58,835.27,3.4,9.5,0.1,67.11,38.37
1788429186.877,804.29,ndvi_acquire_gee,1,292.4,292.4,0.0,25.4,7349.4,58201.3,0.0,0.69,0.58,835.41,3.4,9.5,0.1,67.11,38.37
1788429187.378,804.79,ndvi_acquire_gee,1,292.4,292.4,0.0,28.1,7359.9,58190.8,0.0,0.69,0.58,835.42,3.4,9.5,0.1,67.11,38.37
1788429187.879,805.29,ndvi_acquire_gee,1,292.4,292.4,0.0,29.1,7403.6,58147.1,0.0,0.69,0.58,835.72,3.4,9.5,0.1,67.11,38.37
1788429188.38,805.79,ndvi_acquire_gee,1,292.4,292.4,0.0,27.9,7365.8,58184.9,0.0,0.69,0.58,835.82,3.4,9.5,0.1,67.11,38.37
1788429188.881,806.29,ndvi_acquire_gee,1,292.4,292.4,0.0,30.8,7391.4,58159.3,0.0,0.69,0.58,836.53,3.4,9.5,0.1,67.11,38.37
1788429189.382,806.79,ndvi_acquire_gee,1,292.4,292.4,0.0,26.3,7516.3,58034.4,0.0,0.69,0.58,836.59,3.4,9.5,0.1,67.11,38.37
1788429189.884,807.29,ndvi_acquire_gee,1,292.4,292.4,2.0,33.7,7540.4,58010.3,0.0,0.69,0.58,837.0,3.4,9.5,0.1,67.11,38.37
1788429190.385,807.79,ndvi_acquire_gee,1,292.4,292.4,0.0,28.9,7384.9,58165.7,0.0,0.69,0.58,837.0,3.4,9.5,0.1,67.11,38.37
1788429190.886,808.3,ndvi_acquire_gee,1,292.4,292.4,0.0,31.2,7438.6,58112.1,0.0,0.69,0.58,837.32,3.4,9.5,0.1,67.11,38.37
1788429191.388,808.8,ndvi_acquire_gee,1,292.4,292.4,0.0,29.1,7521.5,58029.2,0.0,0.69,0.58,837.32,3.4,9.51,0.1,67.11,38.37
1788429191.889,809.3,ndvi_acquire_gee,1,292.4,292.4,0.0,31.0,7379.9,58170.8,0.0,0.69,0.58,837.62,3.4,9.51,0.1,67.11,38.37
1788429192.39,809.8,ndvi_acquire_gee,1,292.4,292.4,0.0,30.2,7254.9,58295.8,0.0,0.69,0.58,837.86,3.4,9.51,0.1,67.11,38.37
1788429192.891,810.3,ndvi_acquire_gee,1,292.4,292.4,0.0,30.4,7198.2,58352.5,0.0,0.69,0.58,838.0,3.41,9.51,0.1,67.11,38.37
1788429193.393,810.8,ndvi_acquire_gee,1,292.4,292.4,0.0,29.4,7152.0,58398.7,0.0,0.69,0.58,838.08,3.41,9.51,0.1,67.11,38.37
1788429193.894,811.3,ndvi_acquire_gee,1,292.4,292.4,2.0,31.1,7298.1,58252.6,0.0,0.69,0.58,843.15,3.41,9.51,0.1,67.11,38.37
1788429194.395,811.8,ndvi_acquire_gee,1,292.4,292.4,0.0,27.7,7241.4,58309.3,0.0,0.69,0.58,843.29,3.41,9.51,0.1,67.11,38.37
1788429194.896,812.31,ndvi_acquire_gee,1,292.4,292.4,0.0,22.7,7031.4,58519.3,0.0,0.69,0.58,843.53,3.41,9.51,0.1,67.11,38.37
1788429195.397,812.81,ndvi_acquire_gee,1,292.4,292.4,0.0,29.0,7024.1,58526.6,0.0,0.69,0.58,843.53,3.41,9.51,0.1,67.11,38.37
1788429195.899,813.31,ndvi_acquire_gee,1,292.4,292.4,0.0,29.3,7141.7,58409.0,0.0,0.69,0.58,843.87,3.41,9.51,0.1,67.11,38.37
1788429196.4,813.81,ndvi_acquire_gee,1,292.4,292.4,0.0,22.1,7059.7,58491.0,0.0,0.69,0.58,843.88,3.41,9.51,0.1,67.11,38.37
1788429196.901,814.31,ndvi_acquire_gee,1,292.4,292.4,0.0,19.1,7116.6,58434.1,0.0,0.69,0.58,844.14,3.41,9.51,0.1,67.11,38.37
1788429197.403,814.81,ndvi_acquire_gee,1,292.4,292.4,0.0,25.1,7190.2,58360.5,0.0,0.69,0.58,844.14,3.41,9.51,0.1,67.11,38.37
1788429197.904,815.31,ndvi_acquire_gee,1,292.4,292.4,0.0,31.0,7154.7,58396.0,0.0,0.69,0.58,844.4,3.41,9.51,0.1,67.11,38.37
1788429198.405,815.81,ndvi_acquire_gee,1,292.4,292.4,0.0,29.6,7121.4,58429.3,0.0,0.69,0.58,844.4,3.41,9.52,0.1,67.11,38.37
1788429198.906,816.32,ndvi_acquire_gee,1,292.4,292.4,2.0,30.0,7247.4,58303.3,0.0,0.69,0.58,844.61,3.41,9.52,0.1,67.11,38.37
1788429199.408,816.82,ndvi_acquire_gee,1,292.4,292.4,0.0,28.5,7362.5,58188.1,0.0,0.69,0.58,844.79,3.41,9.52,0.1,67.11,38.37
1788429199.909,817.32,ndvi_acquire_gee,1,292.4,292.4,0.0,29.1,7211.5,58339.2,0.0,0.69,0.58,845.23,3.41,9.52,0.1,67.11,38.37
1788429200.41,817.82,ndvi_acquire_gee,1,292.4,292.4,0.0,31.5,7078.5,58472.2,0.0,0.69,0.58,845.24,3.41,9.52,0.1,67.11,38.37
1788429200.912,818.32,ndvi_acquire_gee,1,292.4,292.4,0.0,31.0,6980.2,58570.5,0.0,0.7,0.58,845.45,3.41,9.52,0.1,67.11,38.37
1788429201.414,818.82,ndvi_acquire_gee,1,292.4,292.4,0.0,31.9,6958.4,58592.3,0.0,0.7,0.58,845.45,3.42,9.52,0.1,67.11,38.37
1788429201.915,819.32,ndvi_acquire_gee,1,292.4,292.4,0.0,29.8,7134.5,58416.2,0.0,0.7,0.58,845.59,3.42,9.52,0.1,67.11,38.37
1788429202.416,819.83,ndvi_acquire_gee,1,292.4,292.4,0.0,28.5,7244.9,58305.8,0.0,0.7,0.58,845.6,3.42,9.52,0.1,67.11,38.37
1788429202.917,820.33,ndvi_acquire_gee,1,292.4,292.4,0.0,30.1,7229.7,58321.0,0.0,0.7,0.58,845.69,3.42,9.52,0.1,67.11,38.37
1788429203.418,820.83,ndvi_acquire_gee,1,292.4,292.4,2.0,30.8,7103.9,58446.8,0.0,0.7,0.58,845.69,3.42,9.52,0.1,67.11,38.37
1788429203.92,821.33,ndvi_acquire_gee,1,292.4,292.4,0.0,29.7,7253.4,58297.3,0.0,0.7,0.58,846.05,3.42,9.52,0.1,67.11,38.37
1788429204.421,821.83,ndvi_acquire_gee,1,292.4,292.4,0.0,29.7,7060.1,58490.5,0.0,0.7,0.58,846.18,3.42,9.53,0.1,67.11,38.37
1788429204.922,822.33,ndvi_acquire_gee,1,292.4,292.4,0.0,33.7,7259.6,58291.1,0.0,0.7,0.58,846.42,3.42,9.53,0.1,67.11,38.37
1788429205.424,822.83,ndvi_acquire_gee,1,292.4,292.4,0.0,30.1,7410.3,58140.4,0.0,0.7,0.58,846.45,3.42,9.53,0.1,67.11,38.37
1788429205.925,823.33,ndvi_acquire_gee,1,292.4,292.4,2.0,32.1,7477.7,58073.0,0.0,0.7,0.58,847.44,3.42,9.53,0.1,67.11,38.37
1788429206.426,823.84,ndvi_acquire_gee,1,292.4,292.4,0.0,28.6,7412.9,58137.8,0.0,0.7,0.58,847.44,3.42,9.53,0.1,67.11,38.37
1788429206.927,824.34,ndvi_acquire_gee,1,292.4,292.4,0.0,30.6,7398.3,58152.4,0.0,0.7,0.58,847.59,3.42,9.53,0.1,67.11,38.37
1788429207.428,824.84,ndvi_acquire_gee,1,292.4,292.4,0.0,31.1,7391.1,58159.6,0.0,0.7,0.58,847.61,3.42,9.53,0.1,67.11,38.37
1788429207.93,825.34,ndvi_acquire_gee,1,292.4,292.4,0.0,31.0,7186.3,58364.4,0.0,0.7,0.58,847.82,3.42,9.53,0.1,67.11,38.37
1788429208.431,825.84,ndvi_acquire_gee,1,292.4,292.4,0.0,29.9,7114.4,58436.3,0.0,0.7,0.58,847.82,3.42,9.53,0.1,67.11,38.37
1788429208.932,826.34,ndvi_acquire_gee,1,292.4,292.4,0.0,31.3,7260.5,58290.2,0.0,0.7,0.58,848.02,3.43,9.53,0.1,67.11,38.37
1788429209.434,826.84,ndvi_acquire_gee,1,292.4,292.4,0.0,26.9,7402.4,58148.2,0.0,0.7,0.58,848.02,3.43,9.53,0.1,67.11,38.37
1788429209.935,827.34,ndvi_acquire_gee,1,292.4,292.4,0.0,32.6,7491.0,58059.7,0.0,0.7,0.58,848.42,3.43,9.53,0.1,67.11,38.37
1788429210.436,827.85,ndvi_acquire_gee,1,292.4,292.4,2.0,26.5,7484.4,58066.3,0.0,0.7,0.58,848.42,3.43,9.53,0.1,67.11,38.37
1788429210.938,828.35,ndvi_acquire_gee,1,292.4,292.4,0.0,28.0,7352.0,58198.7,0.0,0.7,0.58,848.99,3.43,9.53,0.1,67.11,38.37
1788429211.439,828.85,ndvi_acquire_gee,1,292.4,292.4,0.0,29.7,7364.0,58186.7,0.0,0.7,0.58,848.99,3.43,9.54,0.1,67.11,38.37
1788429211.94,829.35,ndvi_acquire_gee,1,292.4,292.4,0.0,28.6,7289.2,58261.5,0.0,0.7,0.58,849.3,3.43,9.54,0.1,67.11,38.37
1788429212.441,829.85,ndvi_acquire_gee,1,292.4,292.4,0.0,20.0,7156.0,58394.7,0.0,0.7,0.58,849.34,3.43,9.54,0.1,67.11,38.37
1788429212.942,830.35,ndvi_acquire_gee,1,292.4,292.4,0.0,29.5,7173.9,58376.8,0.0,0.7,0.58,849.46,3.43,9.54,0.1,67.11,38.37
1788429213.444,830.85,ndvi_acquire_gee,1,292.4,292.4,0.0,30.7,7269.4,58281.3,0.0,0.7,0.58,849.46,3.43,9.54,0.1,67.11,38.37
1788429213.945,831.35,ndvi_acquire_gee,1,292.4,292.4,0.0,33.6,7526.6,58024.1,0.0,0.7,0.58,849.95,3.43,9.54,0.1,67.11,38.37
1788429214.446,831.86,ndvi_acquire_gee,1,292.4,292.4,0.0,30.3,7504.8,58045.9,0.0,0.7,0.58,849.95,3.43,9.54,0.1,67.11,38.37
1788429214.947,832.36,ndvi_acquire_gee,1,292.4,292.4,0.0,30.7,7345.4,58205.3,0.0,0.7,0.58,850.19,3.43,9.54,0.1,67.11,38.37
1788429215.449,832.86,ndvi_acquire_gee,1,292.4,292.4,2.0,31.0,7447.0,58103.6,0.0,0.7,0.58,850.19,3.43,9.54,0.1,67.11,38.37
1788429215.95,833.36,ndvi_acquire_gee,1,292.4,292.4,0.0,29.8,7321.2,58229.5,0.0,0.7,0.58,850.52,3.43,9.54,0.1,67.11,38.37
1788429216.451,833.86,ndvi_acquire_gee,1,292.4,292.4,0.0,27.8,7091.7,58459.0,0.0,0.7,0.58,850.59,3.43,9.54,0.1,67.11,38.37
1788429216.953,834.36,ndvi_acquire_gee,1,292.4,292.4,0.0,29.4,7124.6,58426.1,0.0,0.7,0.58,850.71,3.43,9.54,0.1,67.11,38.37
1788429217.454,834.86,ndvi_acquire_gee,1,292.4,292.4,0.0,21.9,6994.1,58556.6,0.0,0.7,0.58,850.82,3.43,9.54,0.1,67.11,38.37
1788429217.955,835.36,ndvi_acquire_gee,1,292.4,292.4,0.0,3.5,6948.1,58602.6,0.0,0.7,0.58,851.13,3.43,9.54,0.1,67.11,38.37
1788429218.456,835.87,ndvi_acquire_gee,1,292.4,292.4,2.0,2.7,6949.4,58601.3,0.0,0.7,0.58,851.35,3.43,9.54,0.1,67.11,38.37
1788429218.958,836.37,ndvi_acquire_gee,1,292.4,292.4,0.0,31.1,7069.2,58481.5,0.0,0.7,0.58,851.86,3.43,9.54,0.1,67.11,38.37
1788429219.459,836.87,ndvi_acquire_gee,1,292.4,292.4,0.0,28.1,6754.3,58796.4,0.0,0.7,0.58,852.43,3.44,9.55,0.1,67.11,38.37
1788429219.961,837.37,ndvi_acquire_gee,1,292.4,292.4,0.0,30.3,6960.3,58590.4,0.0,0.7,0.58,852.66,3.44,9.55,0.1,67.11,38.37
1788429220.462,837.87,ndvi_acquire_gee,1,292.4,292.4,0.0,29.0,6726.8,58823.9,0.0,0.7,0.58,852.66,3.44,9.55,0.1,67.11,38.37
1788429220.963,838.37,ndvi_acquire_gee,1,292.4,292.4,0.0,30.9,6859.8,58690.9,0.0,0.7,0.58,852.94,3.44,9.55,0.1,67.11,38.37
1788429221.465,838.87,ndvi_acquire_gee,1,292.4,292.4,0.0,27.3,7012.3,58538.4,0.0,0.7,0.58,853.01,3.44,9.55,0.1,67.11,38.37
1788429221.966,839.38,ndvi_acquire_gee,1,292.4,292.4,2.0,31.1,7140.2,58410.5,0.0,0.7,0.58,853.45,3.44,9.55,0.1,67.11,38.37
1788429222.467,839.88,ndvi_acquire_gee,1,292.4,292.4,0.0,30.4,7269.3,58281.4,0.0,0.7,0.58,853.5,3.44,9.55,0.1,67.11,38.37
1788429222.968,840.38,ndvi_acquire_gee,1,292.4,292.4,0.0,31.2,7409.9,58140.8,0.0,0.7,0.58,853.97,3.44,9.55,0.1,67.11,38.37
1788429223.47,840.88,ndvi_acquire_gee,1,292.4,292.4,0.0,31.0,7347.4,58203.3,0.0,0.7,0.58,853.98,3.44,9.55,0.1,67.11,38.37
1788429223.971,841.38,ndvi_acquire_gee,1,292.4,292.4,0.0,29.1,7446.2,58104.5,0.0,0.7,0.58,854.22,3.44,9.55,0.1,67.11,38.37
1788429224.472,841.88,ndvi_acquire_gee,1,292.4,292.4,0.0,30.0,7399.6,58151.1,0.0,0.7,0.58,854.36,3.44,9.55,0.1,67.11,38.37
1788429224.973,842.38,ndvi_acquire_gee,1,292.4,292.4,0.0,31.5,7445.7,58105.0,0.0,0.7,0.58,854.58,3.44,9.55,0.1,67.11,38.37
1788429225.475,842.88,ndvi_acquire_gee,1,292.4,292.4,2.0,26.5,7358.9,58191.8,0.0,0.7,0.58,854.58,3.44,9.56,0.1,67.11,38.37
1788429225.976,843.39,ndvi_acquire_gee,1,292.4,292.4,0.0,33.8,7331.5,58219.2,0.0,0.7,0.58,854.92,3.44,9.56,0.1,67.11,38.37
1788429226.478,843.89,ndvi_acquire_gee,1,292.4,292.4,0.0,31.0,7415.7,58135.0,0.0,0.7,0.58,854.92,3.44,9.56,0.1,67.11,38.37
1788429226.979,844.39,ndvi_acquire_gee,1,292.4,292.4,0.0,31.5,7449.0,58101.6,0.0,0.7,0.58,855.41,3.44,9.56,0.1,67.11,38.37
1788429227.48,844.89,ndvi_acquire_gee,1,292.4,292.4,0.0,30.1,7504.6,58046.1,0.0,0.7,0.58,855.41,3.44,9.56,0.1,67.11,38.37
1788429227.982,845.39,ndvi_acquire_gee,1,292.4,292.4,0.0,33.3,7541.0,58009.7,0.0,0.7,0.58,855.65,3.45,9.56,0.1,67.11,38.37
1788429228.483,845.89,ndvi_acquire_gee,1,292.4,292.4,0.0,28.9,7453.1,58097.6,0.0,0.7,0.58,855.67,3.45,9.56,0.1,67.11,38.37
1788429228.985,846.39,ndvi_acquire_gee,1,292.4,292.4,2.0,32.1,7310.0,58240.7,0.0,0.7,0.58,855.78,3.45,9.56,0.1,67.11,38.37
1788429229.486,846.9,ndvi_acquire_gee,1,292.4,292.4,0.0,30.3,7352.7,58198.0,0.0,0.7,0.58,855.94,3.45,9.56,0.1,67.11,38.37
1788429229.987,847.4,ndvi_acquire_gee,1,292.4,292.4,0.0,29.7,7074.5,58476.2,0.0,0.7,0.58,856.36,3.45,9.56,0.1,67.11,38.37
1788429230.489,847.9,ndvi_acquire_gee,1,292.4,292.4,0.0,31.1,7113.3,58437.4,0.0,0.7,0.58,856.47,3.45,9.56,0.1,67.11,38.37
1788429230.99,848.4,ndvi_acquire_gee,1,292.4,292.4,0.0,27.2,7059.3,58491.4,0.0,0.7,0.58,856.83,3.45,9.56,0.1,67.11,38.37
1788429231.491,848.9,ndvi_acquire_gee,1,292.4,292.4,0.0,30.7,7190.5,58360.2,0.0,0.7,0.58,856.83,3.45,9.56,0.1,67.11,38.37
1788429231.993,849.4,ndvi_acquire_gee,1,292.4,292.4,0.0,32.3,7138.9,58411.8,0.0,0.7,0.58,857.15,3.45,9.56,0.1,67.11,38.37
1788429232.494,849.9,ndvi_acquire_gee,1,292.4,292.4,0.0,29.8,7193.5,58357.2,0.0,0.7,0.58,857.15,3.45,9.56,0.1,67.11,38.37
1788429232.996,850.41,ndvi_acquire_gee,1,292.4,292.4,2.0,27.1,7130.8,58419.9,0.0,0.7,0.58,857.4,3.45,9.56,0.1,67.11,38.37
1788429233.497,850.91,ndvi_acquire_gee,1,292.4,292.4,0.0,31.5,7305.4,58245.3,0.0,0.7,0.58,857.4,3.45,9.57,0.1,67.11,38.37
1788429233.999,851.41,ndvi_acquire_gee,1,292.4,292.4,0.0,32.8,7266.5,58284.2,0.0,0.7,0.58,857.87,3.45,9.57,0.1,67.11,38.37
1788429234.5,851.91,ndvi_acquire_gee,1,292.4,292.4,0.0,26.6,7216.4,58334.2,0.0,0.7,0.58,859.97,3.45,9.57,0.1,67.11,38.37
1788429235.002,852.41,ndvi_acquire_gee,1,292.4,292.4,0.0,30.2,7128.9,58421.8,0.0,0.7,0.58,860.61,3.45,9.57,0.1,67.11,38.37
1788429235.503,852.91,ndvi_acquire_gee,1,292.4,292.4,0.0,32.0,7286.0,58264.7,0.0,0.7,0.58,860.63,3.45,9.57,0.1,67.11,38.37
1788429236.004,853.41,ndvi_acquire_gee,1,292.4,292.4,0.0,32.2,7227.0,58323.7,0.0,0.71,0.58,861.25,3.45,9.57,0.1,67.11,38.37
1788429236.505,853.92,ndvi_acquire_gee,1,292.4,292.4,0.0,29.4,7286.0,58264.7,0.0,0.71,0.58,861.34,3.46,9.57,0.1,67.11,38.37
1788429237.007,854.42,ndvi_acquire_gee,1,292.4,292.4,0.0,29.6,7359.5,58191.2,0.0,0.71,0.58,861.74,3.46,9.57,0.1,67.11,38.37
1788429237.508,854.92,ndvi_acquire_gee,1,292.4,292.4,2.0,29.8,7446.4,58104.3,0.0,0.71,0.58,861.75,3.46,9.57,0.1,67.11,38.37
1788429238.009,855.42,ndvi_acquire_gee,1,292.4,292.4,0.0,29.1,7333.8,58216.9,0.0,0.71,0.58,862.15,3.46,9.57,0.1,67.11,38.37
1788429238.511,855.92,ndvi_acquire_gee,1,292.4,292.4,0.0,32.3,7357.8,58192.9,0.0,0.71,0.58,862.15,3.46,9.57,0.1,67.11,38.37
1788429239.012,856.42,ndvi_acquire_gee,1,292.4,292.4,0.0,27.2,7104.8,58445.9,0.0,0.71,0.58,862.62,3.46,9.57,0.1,67.11,38.37
1788429239.513,856.92,ndvi_acquire_gee,1,292.4,292.4,0.0,31.9,7137.6,58413.1,0.0,0.71,0.58,862.79,3.46,9.58,0.1,67.11,38.37
1788429240.015,857.42,ndvi_acquire_gee,1,292.4,292.4,0.0,29.8,7282.1,58268.6,0.0,0.71,0.58,863.36,3.46,9.58,0.1,67.11,38.37
1788429240.516,857.93,ndvi_acquire_gee,1,292.4,292.4,2.0,30.5,7277.1,58273.5,0.0,0.71,0.58,863.4,3.46,9.58,0.1,67.11,38.37
1788429241.017,858.43,ndvi_acquire_gee,1,292.4,292.4,0.0,30.3,7294.5,58256.2,0.0,0.71,0.58,863.86,3.46,9.58,0.1,67.11,38.37
1788429241.518,858.93,ndvi_acquire_gee,1,292.4,292.4,0.0,33.9,7279.3,58271.4,0.0,0.71,0.58,863.86,3.46,9.58,0.1,67.11,38.37
1788429242.02,859.43,ndvi_acquire_gee,1,292.4,292.4,0.0,33.3,7271.4,58279.3,0.0,0.71,0.58,864.31,3.46,9.58,0.1,67.11,38.37
1788429242.521,859.93,ndvi_acquire_gee,1,292.4,292.4,0.0,33.6,7247.9,58302.8,0.0,0.71,0.58,864.31,3.46,9.58,0.1,67.11,38.37
1788429243.023,860.43,ndvi_acquire_gee,1,292.4,292.4,0.0,33.8,7248.6,58302.1,0.0,0.71,0.58,864.7,3.46,9.58,0.1,67.11,38.37
1788429243.524,860.93,ndvi_acquire_gee,1,292.4,292.4,2.0,31.3,7218.9,58331.8,0.0,0.71,0.58,864.7,3.46,9.58,0.1,67.11,38.37
1788429244.025,861.44,ndvi_acquire_gee,1,292.4,292.4,0.0,31.6,7220.0,58330.7,0.0,0.71,0.58,864.92,3.46,9.58,0.1,67.11,38.37
1788429244.527,861.94,ndvi_acquire_gee,1,292.4,292.4,0.0,32.6,7197.0,58353.7,0.0,0.71,0.58,865.01,3.46,9.58,0.1,67.11,38.37
1788429245.028,862.44,ndvi_acquire_gee,1,292.4,292.4,0.0,33.3,7197.5,58353.2,0.0,0.71,0.58,865.28,3.47,9.58,0.1,67.11,38.37
1788429245.529,862.94,ndvi_acquire_gee,1,292.4,292.4,0.0,26.6,6802.1,58748.6,0.0,0.71,0.58,865.28,3.47,9.58,0.1,67.11,38.37
1788429246.03,863.44,ndvi_acquire_gee,1,292.4,292.4,0.0,20.8,6851.2,58699.5,0.0,0.71,0.58,865.83,3.47,9.58,0.1,67.11,38.37
1788429246.531,863.94,ndvi_acquire_gee,1,292.4,292.4,0.0,21.0,6751.0,58799.7,0.0,0.71,0.58,865.83,3.47,9.59,0.1,67.11,38.37
1788429247.033,864.44,ndvi_acquire_gee,1,292.4,292.4,0.0,31.2,6866.8,58683.9,0.0,0.71,0.58,866.23,3.47,9.59,0.1,67.11,38.37
1788429247.535,864.94,ndvi_acquire_gee,1,292.4,292.4,0.0,30.1,6942.9,58607.8,0.0,0.71,0.58,866.23,3.47,9.59,0.1,67.11,38.37
1788429248.036,865.45,ndvi_acquire_gee,1,292.4,292.4,2.0,31.5,6998.7,58552.0,0.0,0.71,0.58,866.77,3.47,9.59,0.1,67.11,38.37
1788429248.537,865.95,ndvi_acquire_gee,1,292.4,292.4,0.0,28.9,7029.7,58521.0,0.0,0.71,0.58,866.86,3.47,9.59,0.1,67.11,38.37
1788429249.038,866.45,ndvi_acquire_gee,1,292.4,292.4,0.0,30.2,6963.5,58587.2,0.0,0.71,0.58,867.32,3.47,9.59,0.1,67.11,38.37
1788429249.539,866.95,ndvi_acquire_gee,1,292.4,292.4,0.0,30.9,6936.2,58614.5,0.0,0.71,0.58,867.43,3.47,9.59,0.1,67.11,38.37
1788429250.041,867.45,ndvi_acquire_gee,1,292.4,292.4,0.0,30.5,6889.6,58661.1,0.0,0.71,0.58,868.02,3.47,9.59,0.1,67.11,38.37
1788429250.542,867.95,ndvi_acquire_gee,1,292.4,292.4,0.0,31.2,6911.9,58638.8,0.0,0.71,0.58,868.02,3.47,9.59,0.1,67.11,38.37
1788429251.043,868.45,ndvi_acquire_gee,1,292.4,292.4,0.0,30.5,6980.0,58570.7,0.0,0.71,0.58,868.47,3.47,9.59,0.1,67.11,38.37
1788429251.545,868.95,ndvi_acquire_gee,1,292.4,292.4,0.0,28.9,6974.3,58576.4,0.0,0.71,0.58,868.48,3.47,9.59,0.1,67.11,38.37
1788429252.046,869.46,ndvi_acquire_gee,1,292.4,292.4,0.0,34.0,7030.8,58519.8,0.0,0.71,0.58,868.88,3.47,9.59,0.1,67.11,38.37
1788429252.548,869.96,ndvi_acquire_gee,1,292.4,292.4,2.0,30.8,7160.2,58390.5,0.0,0.71,0.58,868.97,3.47,9.59,0.1,67.11,38.37
1788429253.049,870.46,ndvi_acquire_gee,1,292.4,292.4,0.0,27.9,7138.1,58412.6,0.0,0.71,0.58,869.12,3.47,9.59,0.1,67.11,38.37
1788429253.55,870.96,ndvi_acquire_gee,1,292.4,292.4,0.0,29.1,7155.1,58395.6,0.0,0.71,0.58,869.14,3.47,9.59,0.1,67.11,38.37
1788429254.051,871.46,ndvi_acquire_gee,1,292.4,292.4,0.0,26.2,7094.7,58456.0,0.0,0.71,0.58,869.28,3.47,9.59,0.1,67.11,38.37
1788429254.553,871.96,ndvi_acquire_gee,1,292.4,292.4,0.0,31.3,7204.6,58346.1,0.0,0.71,0.58,869.28,3.47,9.6,0.1,67.11,38.37
1788429255.054,872.46,ndvi_acquire_gee,1,292.4,292.4,0.0,29.8,7234.0,58316.6,0.0,0.71,0.58,869.51,3.47,9.6,0.1,67.11,38.37
1788429255.555,872.97,ndvi_acquire_gee,1,292.4,292.4,0.0,27.8,7292.7,58258.0,0.0,0.71,0.58,869.51,3.48,9.6,0.1,67.11,38.37
1788429256.057,873.47,ndvi_acquire_gee,1,292.4,292.4,0.0,29.3,7276.6,58274.1,0.0,0.71,0.58,869.88,3.48,9.6,0.1,67.11,38.37
1788429256.558,873.97,ndvi_acquire_gee,1,292.4,292.4,2.0,28.0,7322.9,58227.8,0.0,0.71,0.58,869.88,3.48,9.6,0.1,67.11,38.37
1788429257.059,874.47,ndvi_acquire_gee,1,292.4,292.4,0.0,31.2,7213.3,58337.4,0.0,0.71,0.58,870.13,3.48,9.6,0.1,67.11,38.37
1788429257.561,874.97,ndvi_acquire_gee,1,292.4,292.4,0.0,30.5,7335.5,58215.2,0.0,0.71,0.58,870.13,3.48,9.6,0.1,67.11,38.37
1788429258.062,875.47,ndvi_acquire_gee,1,292.4,292.4,0.0,31.0,7356.6,58194.1,0.0,0.71,0.58,870.31,3.48,9.6,0.1,67.11,38.37
1788429258.563,875.97,ndvi_acquire_gee,1,292.4,292.4,0.0,30.1,7209.6,58341.1,0.0,0.71,0.58,871.2,3.48,9.6,0.1,67.11,38.37
1788429259.064,876.47,ndvi_acquire_gee,1,292.4,292.4,0.0,31.4,7365.1,58185.6,0.0,0.71,0.58,871.61,3.48,9.6,0.1,67.11,38.37
1788429259.566,876.98,ndvi_acquire_gee,1,292.4,292.4,2.0,30.3,7201.2,58349.5,0.0,0.71,0.58,871.61,3.48,9.6,0.1,67.11,38.37
1788429260.067,877.48,ndvi_acquire_gee,1,292.4,292.4,0.0,31.0,7151.0,58399.7,0.0,0.71,0.58,871.9,3.48,9.6,0.1,67.11,38.37
1788429260.568,877.98,ndvi_acquire_gee,1,292.4,292.4,0.0,32.3,7140.1,58410.6,0.0,0.71,0.58,871.9,3.48,9.6,0.1,67.11,38.37
1788429261.069,878.48,ndvi_acquire_gee,1,292.4,292.4,0.0,31.3,7057.7,58493.0,0.0,0.71,0.58,872.08,3.48,9.6,0.1,67.11,38.37
1788429261.571,878.98,ndvi_acquire_gee,1,292.4,292.4,0.0,24.5,7087.0,58463.7,0.0,0.71,0.58,872.08,3.48,9.61,0.1,67.11,38.37
1788429262.072,879.48,ndvi_acquire_gee,1,292.4,292.4,0.0,28.9,7088.5,58462.2,0.0,0.71,0.58,872.48,3.48,9.61,0.1,67.11,38.37
1788429262.573,879.98,ndvi_acquire_gee,1,292.4,292.4,0.0,28.4,7044.5,58506.1,0.0,0.71,0.58,872.49,3.48,9.61,0.1,67.11,38.37
1788429263.074,880.48,ndvi_acquire_gee,1,292.4,292.4,2.0,28.0,7183.3,58367.4,0.0,0.72,0.58,872.68,3.48,9.61,0.1,67.11,38.37
1788429263.576,880.99,ndvi_acquire_gee,1,292.4,292.4,0.0,29.7,7252.7,58298.0,0.0,0.72,0.58,872.69,3.49,9.61,0.1,67.11,38.37
1788429264.077,881.49,ndvi_acquire_gee,1,292.4,292.4,0.0,30.3,7007.1,58543.6,0.0,0.72,0.58,872.87,3.49,9.61,0.1,67.11,38.37
1788429264.578,881.99,ndvi_acquire_gee,1,292.4,292.4,0.0,32.7,6988.3,58562.4,0.0,0.72,0.58,873.04,3.49,9.61,0.1,67.11,38.37
1788429265.079,882.49,ndvi_acquire_gee,1,292.4,292.4,0.0,27.8,7035.2,58515.5,0.0,0.72,0.58,875.66,3.49,9.61,0.1,67.11,38.37
1788429265.581,882.99,ndvi_acquire_gee,1,292.4,292.4,0.0,31.0,7182.8,58367.9,0.0,0.72,0.58,875.9,3.49,9.61,0.1,67.11,38.37
1788429266.082,883.49,ndvi_acquire_gee,1,292.4,292.4,0.0,27.7,6987.3,58563.4,0.0,0.72,0.58,876.22,3.49,9.61,0.1,67.11,38.37
1788429266.583,883.99,ndvi_acquire_gee,1,292.4,292.4,0.0,31.0,7094.0,58456.7,0.0,0.72,0.58,876.22,3.49,9.61,0.1,67.11,38.37
1788429267.085,884.49,ndvi_acquire_gee,1,292.4,292.4,2.0,26.9,7076.1,58474.6,0.0,0.72,0.58,876.83,3.49,9.61,0.1,67.11,38.37
1788429267.586,885.0,ndvi_acquire_gee,1,292.4,292.4,0.0,31.5,7201.6,58349.1,0.0,0.72,0.58,876.83,3.49,9.61,0.1,67.11,38.37
1788429268.087,885.5,ndvi_acquire_gee,1,292.4,292.4,0.0,31.6,7218.4,58332.3,0.0,0.72,0.58,876.86,3.49,9.61,0.1,67.11,38.37
1788429268.589,886.0,ndvi_acquire_gee,1,292.4,292.4,0.0,30.4,7356.1,58194.6,0.0,0.72,0.58,877.01,3.49,9.62,0.1,67.11,38.37
1788429269.09,886.5,ndvi_acquire_gee,1,292.4,292.4,0.0,29.8,7112.0,58438.7,0.0,0.72,0.58,877.21,3.49,9.62,0.1,67.11,38.37
1788429269.591,887.0,ndvi_acquire_gee,1,292.4,292.4,0.0,35.2,7120.8,58429.9,0.0,0.72,0.58,877.24,3.49,9.62,0.1,67.11,38.37
1788429270.092,887.5,ndvi_acquire_gee,1,292.4,292.4,0.0,30.0,7107.3,58443.4,0.0,0.72,0.58,877.37,3.49,9.62,0.1,67.11,38.37
1788429270.594,888.0,ndvi_acquire_gee,1,292.4,292.4,0.0,30.6,6932.8,58617.9,0.0,0.72,0.58,877.37,3.49,9.62,0.1,67.11,38.37
1788429271.095,888.5,ndvi_acquire_gee,1,292.4,292.4,0.0,28.3,7081.9,58468.8,0.0,0.72,0.58,877.56,3.49,9.62,0.1,67.11,38.37
1788429271.597,889.01,ndvi_acquire_gee,1,292.4,292.4,0.0,29.6,7192.2,58358.4,0.0,0.72,0.58,877.79,3.49,9.62,0.1,67.11,38.37
1788429272.098,889.51,ndvi_acquire_gee,1,292.4,292.4,2.0,30.5,7293.1,58257.6,0.0,0.72,0.72,877.88,3.49,9.62,0.1,67.11,38.37
1788429272.599,890.01,ndvi_acquire_gee,1,292.4,292.4,0.0,31.9,7131.3,58419.4,0.0,0.72,0.74,877.88,3.49,9.62,0.1,67.11,38.37
1788429273.1,890.51,ndvi_acquire_gee,1,292.4,292.4,0.0,28.4,7201.6,58349.1,0.0,0.72,0.74,877.92,3.49,9.62,0.1,67.11,38.37
1788429273.601,891.01,ndvi_acquire_gee,1,292.4,292.4,0.0,30.1,7157.0,58393.7,0.0,0.72,0.74,877.94,3.49,9.62,0.1,67.11,38.37
1788429274.103,891.51,ndvi_acquire_gee,1,292.4,292.4,0.0,30.8,7238.8,58311.9,0.0,0.72,0.74,877.94,3.49,9.62,0.1,67.11,38.37
1788429274.604,892.01,ndvi_acquire_gee,1,292.4,292.4,0.0,29.3,7195.2,58355.5,0.0,0.72,0.74,877.94,3.5,9.62,0.1,67.11,38.37
1788429275.105,892.51,ndvi_acquire_gee,1,292.4,292.4,0.0,27.6,7099.5,58451.2,0.0,0.72,0.74,877.94,3.5,9.62,0.1,67.11,38.37
1788429275.607,893.02,ndvi_acquire_gee,1,292.4,292.4,0.0,31.5,7206.4,58344.3,0.0,0.72,0.74,878.61,3.5,9.62,0.1,67.11,38.37
1788429276.108,893.52,ndvi_acquire_gee,1,292.4,292.4,0.0,31.0,7108.4,58442.2,0.0,0.72,0.74,878.91,3.5,9.62,0.1,67.11,38.37
1788429276.61,894.02,ndvi_acquire_gee,1,292.4,292.4,2.0,17.7,7012.5,58538.1,0.0,0.72,0.74,879.0,3.5,9.63,0.1,67.11,38.37
1788429277.111,894.52,ndvi_acquire_gee,1,292.4,292.4,0.0,27.4,7051.3,58499.4,0.0,0.72,0.74,879.09,3.5,9.63,0.1,67.11,38.37
1788429277.613,895.02,ndvi_acquire_gee,1,292.4,292.4,0.0,30.6,7069.4,58481.3,0.0,0.72,0.74,879.09,3.5,9.63,0.1,67.11,38.37
1788429278.114,895.52,ndvi_acquire_gee,1,292.4,292.4,0.0,29.0,7078.4,58472.3,0.0,0.72,0.74,879.24,3.5,9.63,0.1,67.11,38.37
1788429278.615,896.03,ndvi_acquire_gee,1,292.4,292.4,0.0,24.9,6989.9,58560.8,0.0,0.72,0.74,879.34,3.5,9.63,0.1,67.11,38.37
1788429279.117,896.53,ndvi_acquire_gee,1,292.4,292.4,0.0,27.6,7014.5,58536.2,0.0,0.72,0.74,879.46,3.5,9.63,0.1,67.11,38.37
1788429279.618,897.03,ndvi_acquire_gee,1,292.4,292.4,0.0,31.2,7176.4,58374.3,0.0,0.72,0.74,879.46,3.5,9.63,0.1,67.11,38.37
1788429280.119,897.53,ndvi_acquire_gee,1,292.4,292.4,0.0,29.9,7276.0,58274.7,0.0,0.72,0.74,879.53,3.5,9.63,0.1,67.11,38.37
1788429280.621,898.03,ndvi_acquire_gee,1,292.4,292.4,2.0,31.9,7342.6,58208.1,0.0,0.72,0.74,879.53,3.5,9.63,0.1,67.11,38.37
1788429281.122,898.53,ndvi_acquire_gee,1,292.4,292.4,2.0,30.3,7159.4,58391.3,0.0,0.72,0.74,879.71,3.5,9.63,0.1,67.11,38.37
1788429281.624,899.03,ndvi_acquire_gee,1,292.4,292.4,0.0,31.1,7170.2,58380.5,0.0,0.72,0.74,879.75,3.5,9.63,0.1,67.11,38.37
1788429282.125,899.53,ndvi_acquire_gee,1,292.4,292.4,0.0,31.0,7062.7,58488.0,0.0,0.72,0.74,879.79,3.5,9.63,0.1,67.11,38.37
1788429282.626,900.04,ndvi_acquire_gee,1,292.4,292.4,0.0,30.3,6947.9,58602.8,0.0,0.72,0.74,879.83,3.5,9.63,0.1,67.11,38.37
1788429283.128,900.54,ndvi_acquire_gee,1,292.4,292.4,0.0,33.6,7103.1,58447.6,0.0,0.72,0.74,879.9,3.5,9.63,0.1,67.11,38.37
1788429283.629,901.04,ndvi_acquire_gee,1,292.4,292.4,0.0,29.8,7046.2,58504.5,0.0,0.72,0.74,879.92,3.5,9.64,0.1,67.11,38.37
1788429284.13,901.54,ndvi_acquire_gee,1,292.4,292.4,2.0,29.8,7144.6,58406.1,0.0,0.72,0.74,879.96,3.51,9.64,0.1,67.11,38.37
1788429284.632,902.04,ndvi_acquire_gee,1,292.4,292.4,0.0,28.7,7063.9,58486.8,0.0,0.72,0.74,879.97,3.51,9.64,0.1,67.11,38.37
1788429285.133,902.54,ndvi_acquire_gee,1,292.4,292.4,0.0,30.0,7238.8,58311.9,0.0,0.72,0.74,880.14,3.51,9.64,0.1,67.11,38.37
1788429285.634,903.04,ndvi_acquire_gee,1,292.4,292.4,0.0,28.9,7076.8,58473.9,0.0,0.72,0.74,880.14,3.51,9.64,0.1,67.11,38.37
1788429286.135,903.55,ndvi_acquire_gee,1,292.4,292.4,0.0,32.5,7183.9,58366.8,0.0,0.72,0.74,881.31,3.51,9.64,0.1,67.11,38.37
1788429286.637,904.05,ndvi_acquire_gee,1,292.4,292.4,0.0,30.4,7003.5,58547.2,0.0,0.72,0.74,881.36,3.51,9.64,0.1,67.11,38.37
1788429287.138,904.55,ndvi_acquire_gee,1,292.4,292.4,0.0,28.8,7101.3,58449.4,0.0,0.72,0.74,881.41,3.51,9.64,0.1,67.11,38.37
1788429287.639,905.05,ndvi_acquire_gee,1,292.4,292.4,0.0,33.1,7136.8,58413.9,0.0,0.72,0.74,881.41,3.51,9.64,0.1,67.11,38.37
1788429288.14,905.55,ndvi_acquire_gee,1,292.4,292.4,0.0,29.4,7218.3,58332.4,0.0,0.72,0.74,881.48,3.51,9.64,0.1,67.11,38.37
1788429288.641,906.05,ndvi_acquire_gee,1,292.4,292.4,0.0,29.7,7219.5,58331.2,0.0,0.72,0.74,881.48,3.51,9.64,0.1,67.11,38.37
1788429289.143,906.55,ndvi_acquire_gee,1,292.4,292.4,0.0,33.3,7299.7,58251.0,0.0,0.72,0.74,881.54,3.51,9.64,0.1,67.11,38.37
1788429289.644,907.05,ndvi_acquire_gee,1,292.4,292.4,0.0,34.4,7375.1,58175.6,0.0,0.72,0.74,881.65,3.51,9.64,0.1,67.11,38.37
1788429290.145,907.55,ndvi_acquire_gee,1,292.4,292.4,0.0,30.1,7296.4,58254.3,0.0,0.72,0.74,881.66,3.51,9.64,0.1,67.11,38.37
1788429290.646,908.06,ndvi_acquire_gee,1,292.4,292.4,0.0,30.0,7392.0,58158.7,0.0,0.72,0.74,881.67,3.51,9.65,0.1,67.11,38.37
1788429291.148,908.56,ndvi_acquire_gee,1,292.4,292.4,0.0,30.0,7254.4,58296.3,0.0,0.72,0.74,881.88,3.51,9.65,0.1,67.11,38.37
1788429291.649,909.06,ndvi_acquire_gee,1,292.4,292.4,2.0,30.1,7296.7,58254.0,0.0,0.72,0.74,881.88,3.51,9.65,0.1,67.11,38.37
1788429292.15,909.56,ndvi_acquire_gee,1,292.4,292.4,0.0,27.1,7109.1,58441.6,0.0,0.72,0.74,882.16,3.51,9.65,0.1,67.11,38.37
1788429292.652,910.06,ndvi_acquire_gee,1,292.4,292.4,0.0,32.3,7200.5,58350.2,0.0,0.72,0.74,882.16,3.51,9.65,0.1,67.11,38.37
1788429293.153,910.56,ndvi_acquire_gee,1,292.4,292.4,0.0,28.5,7354.6,58196.1,0.0,0.72,0.74,882.37,3.51,9.65,0.1,67.11,38.37
1788429293.654,911.06,ndvi_acquire_gee,1,292.4,292.4,0.0,30.8,7535.8,58014.9,0.0,0.72,0.74,882.37,3.52,9.65,0.1,67.11,38.37
1788429294.155,911.57,ndvi_acquire_gee,1,292.4,292.4,0.0,24.4,7257.8,58292.9,0.0,0.72,0.74,883.3,3.52,9.65,0.1,67.11,38.37
1788429294.656,912.07,ndvi_acquire_gee,1,292.4,292.4,0.0,30.1,7459.7,58091.0,0.0,0.72,0.74,883.3,3.52,9.65,0.1,67.11,38.37
1788429295.158,912.57,ndvi_acquire_gee,1,292.4,292.4,0.0,28.0,7353.3,58197.4,0.0,0.72,0.74,883.38,3.52,9.65,0.1,67.11,38.37
1788429295.659,913.07,ndvi_acquire_gee,1,292.4,292.4,2.0,31.1,7422.0,58128.7,0.0,0.72,0.74,883.52,3.52,9.65,0.1,67.11,38.37
1788429296.16,913.57,ndvi_acquire_gee,1,292.4,292.4,0.0,30.4,7422.6,58128.1,0.0,0.73,0.74,883.86,3.52,9.65,0.1,67.11,38.37
1788429296.661,914.07,ndvi_acquire_gee,1,292.4,292.4,0.0,33.1,7495.6,58055.1,0.0,0.73,0.74,883.86,3.52,9.65,0.1,67.11,38.37
1788429297.163,914.57,ndvi_acquire_gee,1,292.4,292.4,0.0,28.5,7362.6,58188.1,0.0,0.73,0.74,885.84,3.52,9.65,0.1,67.11,38.37
1788429297.664,915.07,ndvi_acquire_gee,1,292.4,292.4,0.0,30.6,7413.8,58136.9,0.0,0.73,0.74,885.84,3.52,9.65,0.1,67.11,38.37
1788429298.165,915.57,ndvi_acquire_gee,1,292.4,292.4,2.0,28.0,7400.7,58150.0,0.0,0.73,0.74,885.96,3.52,9.66,0.1,67.11,38.37
1788429298.666,916.08,ndvi_acquire_gee,1,292.4,292.4,0.0,30.2,7506.3,58044.4,0.0,0.73,0.74,885.97,3.52,9.66,0.1,67.11,38.37
1788429299.167,916.58,ndvi_acquire_gee,1,292.4,292.4,0.0,31.1,7563.2,57987.4,0.0,0.73,0.74,886.02,3.52,9.66,0.1,67.11,38.37
1788429299.669,917.08,ndvi_acquire_gee,1,292.4,292.4,0.0,30.0,7571.2,57979.5,0.0,0.73,0.74,886.03,3.52,9.66,0.1,67.11,38.37
1788429300.17,917.58,ndvi_acquire_gee,1,292.4,292.4,0.0,26.4,7203.6,58347.1,0.0,0.73,0.74,886.03,3.52,9.66,0.1,67.11,38.37
1788429300.671,918.08,ndvi_acquire_gee,1,292.4,292.4,0.0,30.3,7331.1,58219.6,0.0,0.73,0.75,886.14,3.52,9.66,0.1,67.11,38.37
1788429301.172,918.58,ndvi_acquire_gee,1,292.4,292.4,0.0,30.3,7348.1,58202.6,0.0,0.73,0.75,886.16,3.52,9.66,0.1,67.11,38.37
1788429301.673,919.08,ndvi_acquire_gee,1,292.4,292.4,0.0,30.9,7198.7,58352.0,0.0,0.73,0.75,886.35,3.53,9.66,0.1,67.11,38.37
1788429302.175,919.58,ndvi_acquire_gee,1,292.4,292.4,0.0,27.5,7085.3,58465.4,0.0,0.73,0.75,886.62,3.53,9.66,0.1,67.11,38.37
1788429302.676,920.09,ndvi_acquire_gee,1,292.4,292.4,2.0,28.3,6998.7,58552.0,0.0,0.73,0.75,886.62,3.53,9.66,0.1,67.11,38.37
1788429303.177,920.59,ndvi_acquire_gee,1,292.4,292.4,0.0,31.9,7051.0,58499.6,0.0,0.73,0.75,886.68,3.53,9.66,0.1,67.11,38.37
1788429303.678,921.09,ndvi_acquire_gee,1,292.4,292.4,0.0,30.9,7037.6,58513.1,0.0,0.73,0.75,886.68,3.53,9.66,0.1,67.11,38.37
1788429304.18,921.59,ndvi_acquire_gee,1,292.4,292.4,0.0,31.2,7066.9,58483.8,0.0,0.73,0.75,886.73,3.53,9.66,0.1,67.11,38.37
1788429304.681,922.09,ndvi_acquire_gee,1,292.4,292.4,0.0,30.8,7059.6,58491.0,0.0,0.73,0.75,886.73,3.53,9.66,0.1,67.11,38.37
1788429305.183,922.59,ndvi_acquire_gee,1,292.4,292.4,0.0,30.5,7059.9,58490.8,0.0,0.73,0.75,886.78,3.53,9.67,0.1,67.11,38.37
1788429305.684,923.09,ndvi_acquire_gee,1,292.4,292.4,0.0,32.0,7045.8,58504.8,0.0,0.73,0.75,887.32,3.53,9.67,0.1,67.11,38.37
1788429306.185,923.59,ndvi_acquire_gee,1,292.4,292.4,0.0,29.7,7045.9,58504.8,0.0,0.73,0.75,887.57,3.53,9.67,0.1,67.11,38.37
1788429306.686,924.1,ndvi_acquire_gee,1,292.4,292.4,0.0,29.0,7024.6,58526.0,0.0,0.73,0.75,887.59,3.53,9.67,0.1,67.11,38.37
1788429307.187,924.6,ndvi_acquire_gee,1,292.4,292.4,0.0,32.8,7024.9,58525.7,0.0,0.73,0.75,887.71,3.53,9.67,0.1,67.11,38.37
1788429307.689,925.1,ndvi_acquire_gee,1,292.4,292.4,4.0,32.4,7018.8,58531.8,0.0,0.73,0.75,887.71,3.53,9.67,0.1,67.11,38.37
1788429308.19,925.6,ndvi_acquire_gee,1,292.4,292.4,0.0,29.0,7018.5,58532.1,0.0,0.73,0.75,888.3,3.53,9.67,0.1,67.11,38.37
1788429308.691,926.1,ndvi_acquire_gee,1,292.4,292.4,0.0,25.4,6809.0,58741.7,0.0,0.73,0.75,888.44,3.53,9.67,0.1,67.11,38.37
1788429309.192,926.6,ndvi_acquire_gee,1,292.4,292.4,0.0,28.7,6930.0,58620.7,0.0,0.73,0.75,888.53,3.53,9.67,0.1,67.11,38.37
1788429309.693,927.1,ndvi_acquire_gee,1,292.4,292.4,0.0,31.3,6768.3,58782.4,0.0,0.73,0.75,888.53,3.53,9.67,0.1,67.11,38.37
1788429310.195,927.6,ndvi_acquire_gee,1,292.4,292.4,0.0,30.8,6881.3,58669.3,0.0,0.73,0.75,888.53,3.53,9.67,0.1,67.11,38.37
1788429310.696,928.11,ndvi_acquire_gee,1,292.4,292.4,0.0,29.1,6823.8,58726.9,0.0,0.73,0.75,888.82,3.54,9.67,0.1,67.11,38.37
1788429311.198,928.61,ndvi_acquire_gee,1,292.4,292.4,0.0,30.7,7022.5,58528.2,0.0,0.73,0.75,888.97,3.54,9.67,0.1,67.11,38.37
1788429311.7,929.11,ndvi_acquire_gee,1,292.4,292.4,0.0,29.2,6827.8,58722.9,0.0,0.73,0.75,888.97,3.54,9.68,0.1,67.11,38.37
1788429312.201,929.61,ndvi_acquire_gee,1,292.4,292.4,0.0,32.2,6916.8,58633.9,0.0,0.73,0.75,889.25,3.54,9.68,0.1,67.11,38.37
1788429312.702,930.11,ndvi_acquire_gee,1,292.4,292.4,0.0,32.0,6800.7,58750.0,0.0,0.74,0.75,889.35,3.54,9.68,0.1,67.11,38.37
1788429313.203,930.61,ndvi_acquire_gee,1,292.4,292.4,2.0,31.7,7014.9,58535.8,0.0,0.74,0.75,889.4,3.54,9.68,0.1,67.11,38.37
1788429313.705,931.11,ndvi_acquire_gee,1,292.4,292.4,0.0,31.1,6932.5,58618.6,0.0,0.74,0.75,889.68,3.54,9.68,0.1,67.11,38.37
1788429314.206,931.62,ndvi_acquire_gee,1,292.4,292.4,0.0,31.8,7146.1,58404.6,0.0,0.74,0.75,889.82,3.54,9.68,0.1,67.11,38.37
1788429314.707,932.12,ndvi_acquire_gee,1,292.4,292.4,0.0,29.8,6996.5,58554.2,0.0,0.74,0.75,889.82,3.54,9.68,0.1,67.11,38.37
1788429315.209,932.62,ndvi_acquire_gee,1,292.4,292.4,0.0,28.9,7053.2,58497.5,0.0,0.74,0.75,889.91,3.54,9.68,0.1,67.11,38.37
1788429315.71,933.12,ndvi_acquire_gee,1,292.4,292.4,2.0,30.2,7151.9,58398.8,0.0,0.74,0.75,890.24,3.54,9.68,0.1,67.11,38.37
1788429316.212,933.62,ndvi_acquire_gee,1,292.4,292.4,0.0,32.2,7077.9,58472.8,0.0,0.74,0.75,890.5,3.54,9.68,0.1,67.11,38.37
1788429316.713,934.12,ndvi_acquire_gee,1,292.4,292.4,0.0,30.8,7115.5,58435.2,0.0,0.74,0.75,890.5,3.54,9.68,0.1,67.11,38.37
1788429317.214,934.62,ndvi_acquire_gee,1,292.4,292.4,0.0,29.6,7336.8,58213.9,0.0,0.74,0.75,890.67,3.54,9.68,0.1,67.11,38.37
1788429317.716,935.13,ndvi_acquire_gee,1,292.4,292.4,0.0,33.6,7370.5,58180.2,0.0,0.74,0.75,890.68,3.54,9.68,0.1,67.11,38.37
1788429318.217,935.63,ndvi_acquire_gee,1,292.4,292.4,0.0,28.6,7225.6,58325.1,0.0,0.74,0.75,890.68,3.54,9.68,0.1,67.11,38.37
1788429318.719,936.13,ndvi_acquire_gee,1,292.4,292.4,0.0,31.1,7188.9,58361.8,0.0,0.74,0.75,890.68,3.54,9.69,0.1,67.11,38.37
1788429319.22,936.63,ndvi_acquire_gee,1,292.4,292.4,0.0,28.9,7151.1,58399.6,0.0,0.74,0.75,890.99,3.54,9.69,0.1,67.11,38.37
1788429319.721,937.13,ndvi_acquire_gee,1,292.4,292.4,0.0,30.2,7175.3,58375.4,0.0,0.74,0.75,890.99,3.54,9.69,0.1,67.11,38.37
1788429320.222,937.63,ndvi_acquire_gee,1,292.4,292.4,0.0,27.6,7254.0,58296.7,0.0,0.74,0.75,891.11,3.54,9.69,0.1,67.11,38.37
1788429320.724,938.13,ndvi_acquire_gee,1,292.4,292.4,2.0,31.6,7101.6,58449.1,0.0,0.74,0.75,891.11,3.55,9.69,0.1,67.11,38.37
1788429321.225,938.63,ndvi_acquire_gee,1,292.4,292.4,0.0,31.3,7044.3,58506.4,0.0,0.74,0.75,891.3,3.55,9.69,0.1,67.11,38.37
1788429321.726,939.14,ndvi_acquire_gee,1,292.4,292.4,0.0,30.8,7054.4,58496.3,0.0,0.74,0.75,891.3,3.55,9.69,0.1,67.11,38.37
1788429322.227,939.64,ndvi_acquire_gee,1,292.4,292.4,0.0,32.5,7033.9,58516.8,0.0,0.74,0.75,891.57,3.55,9.69,0.1,67.11,38.37
1788429322.729,940.14,ndvi_acquire_gee,1,292.4,292.4,0.0,28.7,7013.5,58537.2,0.0,0.74,0.75,891.57,3.55,9.69,0.1,67.11,38.37
1788429323.23,940.64,ndvi_acquire_gee,1,292.4,292.4,0.0,28.2,6988.1,58562.6,0.0,0.74,0.75,891.67,3.55,9.69,0.1,67.11,38.37
1788429323.731,941.14,ndvi_acquire_gee,1,292.4,292.4,0.0,28.5,7096.6,58454.0,0.0,0.74,0.75,891.67,3.55,9.69,0.1,67.11,38.37
1788429324.233,941.64,ndvi_acquire_gee,1,292.4,292.4,2.0,27.5,6985.5,58565.2,0.0,0.74,0.75,891.75,3.55,9.69,0.1,67.11,38.37
1788429324.734,942.14,ndvi_acquire_gee,1,292.4,292.4,0.0,25.8,6974.1,58576.6,0.0,0.74,0.75,891.86,3.55,9.69,0.1,67.11,38.37
1788429325.235,942.64,ndvi_acquire_gee,1,292.4,292.4,0.0,33.6,7153.5,58397.2,0.0,0.74,0.75,892.23,3.55,9.69,0.1,67.11,38.37
1788429325.736,943.15,ndvi_acquire_gee,1,292.4,292.4,0.0,28.7,7116.3,58434.4,0.0,0.74,0.75,892.24,3.55,9.69,0.1,67.11,38.37
1788429326.237,943.65,ndvi_acquire_gee,1,292.4,292.4,0.0,32.4,7348.8,58201.9,0.0,0.74,0.75,892.31,3.55,9.7,0.1,67.11,38.37
1788429326.739,944.15,ndvi_acquire_gee,1,292.4,292.4,0.0,29.1,7031.9,58518.8,0.0,0.74,0.75,892.31,3.55,9.7,0.1,67.11,38.37
1788429327.24,944.65,ndvi_acquire_gee,1,292.4,292.4,0.0,31.5,7147.2,58403.4,0.0,0.74,0.75,892.31,3.55,9.7,0.1,67.11,38.37
1788429327.741,945.15,ndvi_acquire_gee,1,292.4,292.4,2.0,24.2,7001.2,58549.4,0.0,0.74,0.75,892.93,3.55,9.7,0.1,67.11,38.37
1788429328.243,945.65,ndvi_acquire_gee,1,292.4,292.4,0.0,28.9,7199.6,58351.1,0.0,0.74,0.75,892.93,3.55,9.7,0.1,67.11,38.37
1788429328.744,946.15,ndvi_acquire_gee,1,292.4,292.4,0.0,29.0,7277.8,58272.9,0.0,0.74,0.75,892.94,3.55,9.7,0.1,67.11,38.37
1788429329.245,946.65,ndvi_acquire_gee,1,292.4,292.4,0.0,30.2,7346.3,58204.4,0.0,0.74,0.75,893.23,3.55,9.7,0.1,67.11,38.37
1788429329.746,947.16,ndvi_acquire_gee,1,292.4,292.4,0.0,31.2,7315.2,58235.4,0.0,0.74,0.75,893.25,3.56,9.7,0.1,67.11,38.37
1788429330.247,947.66,ndvi_acquire_gee,1,292.4,292.4,0.0,29.5,7371.1,58179.6,0.0,0.74,0.75,893.34,3.56,9.7,0.1,67.11,38.37
1788429330.749,948.16,ndvi_acquire_gee,1,292.4,292.4,0.0,30.0,7308.3,58242.4,0.0,0.74,0.75,893.34,3.56,9.7,0.1,67.11,38.37
1788429331.25,948.66,ndvi_acquire_gee,1,292.4,292.4,0.0,22.7,7301.9,58248.8,0.0,0.74,0.75,894.11,3.56,9.7,0.1,67.11,38.37
1788429331.751,949.16,ndvi_acquire_gee,1,292.4,292.4,0.0,24.8,7198.2,58352.4,0.0,0.74,0.75,894.11,3.56,9.7,0.1,67.11,38.37
1788429332.252,949.66,ndvi_acquire_gee,1,292.4,292.4,2.0,30.0,7275.1,58275.6,0.0,0.74,0.75,894.29,3.56,9.7,0.1,67.11,38.37
1788429332.754,950.16,ndvi_acquire_gee,1,292.4,292.4,0.0,24.1,7225.8,58324.9,0.0,0.74,0.75,895.14,3.56,9.7,0.1,67.11,38.37
1788429333.256,950.67,ndvi_acquire_gee,1,292.4,292.4,0.0,25.7,7185.5,58365.2,0.0,0.74,0.75,895.23,3.56,9.7,0.1,67.11,38.37
1788429333.757,951.17,ndvi_acquire_gee,1,292.4,292.4,0.0,28.6,7130.4,58420.3,0.0,0.74,0.75,895.23,3.56,9.7,0.1,67.11,38.37
1788429334.258,951.67,ndvi_acquire_gee,1,292.4,292.4,0.0,30.9,7171.4,58379.3,0.0,0.74,0.75,895.32,3.56,9.71,0.1,67.11,38.37
1788429334.759,952.17,ndvi_acquire_gee,1,292.4,292.4,0.0,27.5,7264.2,58286.5,0.0,0.74,0.75,895.42,3.56,9.71,0.1,67.11,38.37
1788429335.261,952.67,ndvi_acquire_gee,1,292.4,292.4,0.0,27.1,7321.6,58229.0,0.0,0.74,0.75,895.42,3.56,9.71,0.1,67.11,38.37
1788429335.762,953.17,ndvi_acquire_gee,1,292.4,292.4,0.0,27.9,7443.3,58107.4,0.0,0.74,0.75,895.73,3.56,9.71,0.1,67.11,38.37
1788429336.264,953.67,ndvi_acquire_gee,1,292.4,292.4,0.0,27.9,7325.0,58225.7,0.0,0.74,0.75,895.87,3.56,9.71,0.1,67.11,38.37
1788429336.765,954.17,ndvi_acquire_gee,1,292.4,292.4,0.0,28.5,7308.6,58242.1,0.0,0.75,0.75,895.87,3.56,9.71,0.1,67.11,38.37
1788429337.266,954.68,ndvi_acquire_gee,1,292.4,292.4,0.0,24.9,7276.1,58274.6,0.0,0.75,0.75,896.47,3.56,9.71,0.1,67.11,38.37
1788429337.768,955.18,ndvi_acquire_gee,1,292.4,292.4,2.0,29.4,7263.1,58287.6,0.0,0.75,0.75,896.54,3.56,9.71,0.1,67.11,38.37
1788429338.269,955.68,ndvi_acquire_gee,1,292.4,292.4,0.0,31.9,7165.0,58385.7,0.0,0.75,0.75,896.79,3.56,9.71,0.1,67.11,38.37
1788429338.77,956.18,ndvi_acquire_gee,1,292.4,292.4,0.0,27.1,6958.8,58591.9,0.0,0.75,0.75,896.79,3.56,9.71,0.1,67.11,38.37
1788429339.271,956.68,ndvi_acquire_gee,1,292.4,292.4,0.0,28.6,7076.4,58474.3,0.0,0.75,0.75,896.86,3.57,9.71,0.1,67.11,38.37
1788429339.772,957.18,ndvi_acquire_gee,1,292.4,292.4,0.0,39.0,7149.9,58400.8,0.0,0.75,0.75,896.88,3.57,9.71,0.1,67.11,38.37
1788429340.274,957.68,ndvi_acquire_gee,1,292.4,292.4,0.0,25.5,7166.2,58384.5,0.0,0.75,0.75,896.97,3.57,9.71,0.1,67.11,38.37
1788429340.775,958.18,ndvi_acquire_gee,1,292.4,292.4,0.0,26.5,7163.6,58387.1,0.0,0.75,0.75,897.18,3.57,9.72,0.1,67.11,38.37
1788429341.276,958.69,ndvi_acquire_gee,1,292.4,292.4,0.0,22.6,7158.1,58392.6,0.0,0.75,0.75,897.18,3.57,9.72,0.1,67.11,38.37
1788429341.777,959.19,ndvi_acquire_gee,1,292.4,292.4,0.0,29.6,7190.8,58359.9,0.0,0.75,0.75,897.47,3.57,9.72,0.1,67.11,38.37
1788429342.279,959.69,ndvi_acquire_gee,1,292.4,292.4,2.0,30.4,7278.7,58272.0,0.0,0.75,0.75,897.47,3.57,9.72,0.1,67.11,38.37
1788429342.78,960.19,ndvi_acquire_gee,1,292.4,292.4,0.0,30.8,7225.3,58325.4,0.0,0.75,0.75,898.58,3.57,9.72,0.1,67.11,38.37
1788429343.282,960.69,ndvi_acquire_gee,1,292.4,292.4,0.0,29.9,7170.2,58380.5,0.0,0.75,0.75,898.91,3.57,9.72,0.1,67.11,38.37
1788429343.783,961.19,ndvi_acquire_gee,1,292.4,292.4,0.0,31.4,7097.2,58453.5,0.0,0.75,0.75,898.91,3.57,9.72,0.1,67.11,38.37
1788429344.284,961.69,ndvi_acquire_gee,1,292.4,292.4,0.0,29.2,7062.7,58488.0,0.0,0.75,0.75,898.98,3.57,9.72,0.1,67.11,38.37
1788429344.786,962.2,ndvi_acquire_gee,1,292.4,292.4,2.0,28.5,7196.5,58354.2,0.0,0.75,0.75,898.98,3.57,9.72,0.1,67.11,38.37
1788429345.287,962.7,ndvi_acquire_gee,1,292.4,292.4,0.0,29.9,7032.6,58518.1,0.0,0.75,0.75,899.05,3.57,9.72,0.1,67.11,38.37
1788429345.788,963.2,ndvi_acquire_gee,1,292.4,292.4,0.0,33.6,7169.4,58381.3,0.0,0.75,0.75,899.07,3.57,9.72,0.1,67.11,38.37
1788429346.29,963.7,ndvi_acquire_gee,1,292.4,292.4,0.0,47.4,7075.0,58475.7,0.0,0.75,0.75,899.34,3.57,9.72,0.1,67.11,38.37
1788429346.791,964.2,ndvi_acquire_gee,1,292.4,292.4,0.0,35.5,7128.4,58422.2,0.0,0.75,0.75,899.34,3.57,9.72,0.1,67.11,38.37
1788429347.293,964.7,ndvi_acquire_gee,1,292.4,292.4,0.0,30.6,7212.1,58338.6,0.0,0.75,0.75,899.53,3.57,9.72,0.1,67.11,38.37
1788429347.794,965.2,ndvi_acquire_gee,1,292.4,292.4,0.0,31.0,7248.4,58302.3,0.0,0.75,0.75,899.53,3.57,9.72,0.1,67.11,38.37
1788429348.295,965.71,ndvi_acquire_gee,1,292.4,292.4,0.0,27.6,7238.2,58312.5,0.0,0.75,0.75,904.18,3.57,9.72,0.1,67.11,38.37
1788429348.797,966.21,ndvi_acquire_gee,1,292.4,292.4,2.0,29.1,7207.0,58343.7,0.0,0.75,0.75,904.18,3.57,9.73,0.1,67.11,38.37
1788429349.298,966.71,ndvi_acquire_gee,1,292.4,292.4,0.0,31.3,7208.0,58342.6,0.0,0.75,0.75,904.18,3.57,9.73,0.1,67.11,38.37
1788429349.799,967.21,ndvi_acquire_gee,1,292.4,292.4,0.0,30.4,7215.1,58335.6,0.0,0.75,0.75,904.18,3.57,9.73,0.1,67.11,38.37
1788429350.301,967.71,ndvi_acquire_gee,1,292.4,292.4,0.0,30.0,7234.7,58316.0,0.0,0.75,0.75,904.18,3.58,9.73,0.1,67.11,38.37
1788429350.802,968.21,ndvi_acquire_gee,1,292.4,292.4,0.0,29.4,7304.5,58246.2,0.0,0.75,0.75,904.22,3.58,9.73,0.1,67.11,38.37
1788429351.303,968.71,ndvi_acquire_gee,1,292.4,292.4,0.0,29.7,7410.6,58140.1,0.0,0.75,0.75,904.38,3.58,9.73,0.1,67.11,38.37
1788429351.804,969.21,ndvi_acquire_gee,1,292.4,292.4,2.0,30.8,7302.9,58247.8,0.0,0.75,0.75,904.38,3.58,9.73,0.1,67.11,38.37
1788429352.306,969.72,ndvi_acquire_gee,1,292.4,292.4,0.0,30.7,7275.6,58275.1,0.0,0.75,0.75,904.64,3.58,9.73,0.1,67.11,38.37
1788429352.807,970.22,ndvi_acquire_gee,1,292.4,292.4,0.0,30.2,7324.6,58226.1,0.0,0.75,0.75,904.69,3.58,9.73,0.1,67.11,38.37
1788429353.308,970.72,ndvi_acquire_gee,1,292.4,292.4,0.0,29.8,7421.6,58129.1,0.0,0.75,0.75,909.06,3.58,9.73,0.1,67.11,38.37
1788429353.809,971.22,ndvi_acquire_gee,1,292.4,292.4,0.0,30.0,7470.3,58080.4,0.0,0.75,0.75,909.12,3.58,9.73,0.1,67.11,38.37
1788429354.311,971.72,ndvi_acquire_gee,1,292.4,292.4,0.0,29.6,7142.5,58408.2,0.0,0.75,0.75,909.18,3.58,9.73,0.1,67.11,38.37
1788429354.812,972.22,ndvi_acquire_gee,1,292.4,292.4,0.0,30.2,7236.1,58314.6,0.0,0.75,0.75,909.18,3.58,9.73,0.1,67.11,38.37
1788429355.313,972.72,ndvi_acquire_gee,1,292.4,292.4,0.0,31.5,7154.4,58396.3,0.0,0.75,0.75,909.27,3.58,9.74,0.1,67.11,38.37
1788429355.815,973.22,ndvi_acquire_gee,1,292.4,292.4,0.0,32.3,7223.8,58326.9,0.0,0.75,0.75,909.27,3.58,9.74,0.1,67.11,38.37
1788429356.316,973.73,ndvi_acquire_gee,1,292.4,292.4,0.0,29.2,7068.7,58482.0,0.0,0.75,0.75,909.47,3.58,9.74,0.1,67.11,38.37
1788429356.817,974.23,ndvi_acquire_gee,1,292.4,292.4,2.0,31.5,7237.5,58313.2,0.0,0.75,0.75,909.49,3.58,9.74,0.1,67.11,38.37
1788429357.318,974.73,ndvi_acquire_gee,1,292.4,292.4,0.0,27.6,7098.6,58452.1,0.0,0.75,0.75,909.49,3.59,9.74,0.1,67.11,38.37
1788429357.819,975.23,ndvi_acquire_gee,1,292.4,292.4,0.0,30.5,7174.6,58376.1,0.0,0.75,0.75,909.49,3.59,9.74,0.1,67.11,38.37
1788429358.321,975.73,ndvi_acquire_gee,1,292.4,292.4,0.0,30.0,7258.6,58292.1,0.0,0.75,0.75,909.49,3.59,9.74,0.1,67.11,38.37
1788429358.822,976.23,ndvi_acquire_gee,1,292.4,292.4,0.0,29.2,7316.5,58234.2,0.0,0.75,0.75,909.54,3.59,9.74,0.1,67.11,38.37
1788429359.324,976.73,ndvi_acquire_gee,1,292.4,292.4,0.0,30.0,7323.9,58226.8,0.0,0.75,0.75,909.84,3.59,9.74,0.1,67.11,38.37
1788429359.825,977.23,ndvi_acquire_gee,1,292.4,292.4,2.0,31.3,7465.2,58085.4,0.0,0.75,0.75,909.85,3.59,9.74,0.1,67.11,38.37
1788429360.327,977.74,ndvi_acquire_gee,1,292.4,292.4,0.0,28.3,7446.5,58104.2,0.0,0.75,0.75,909.94,3.59,9.74,0.1,67.11,38.37
1788429360.828,978.24,ndvi_acquire_gee,1,292.4,292.4,0.0,30.5,7421.9,58128.8,0.0,0.75,0.75,909.94,3.59,9.74,0.1,67.11,38.37
1788429361.329,978.74,ndvi_acquire_gee,1,292.4,292.4,0.0,30.0,7106.8,58443.9,0.0,0.75,0.75,910.02,3.59,9.74,0.1,67.11,38.37
1788429361.831,979.24,ndvi_acquire_gee,1,292.4,292.4,0.0,29.7,7195.0,58355.7,0.0,0.75,0.75,910.14,3.59,9.74,0.1,67.11,38.37
1788429362.332,979.74,ndvi_acquire_gee,1,292.4,292.4,0.0,29.9,7255.2,58295.5,0.0,0.75,0.75,910.3,3.59,9.75,0.1,67.11,38.37
1788429362.833,980.24,ndvi_acquire_gee,1,292.4,292.4,0.0,27.4,7262.7,58288.0,0.0,0.75,0.75,910.3,3.59,9.75,0.1,67.11,38.37
1788429363.335,980.74,ndvi_acquire_gee,1,292.4,292.4,0.0,30.0,7107.0,58443.7,0.0,0.75,0.75,910.46,3.59,9.75,0.1,67.11,38.37
1788429363.836,981.25,ndvi_acquire_gee,1,292.4,292.4,2.0,29.8,6948.2,58602.5,0.0,0.75,0.75,910.46,3.59,9.75,0.1,67.11,38.37
1788429364.337,981.75,ndvi_acquire_gee,1,292.4,292.4,0.0,33.2,7120.2,58430.5,0.0,0.75,0.75,910.55,3.59,9.75,0.1,67.11,38.37
1788429364.839,982.25,ndvi_acquire_gee,1,292.4,292.4,0.0,29.2,7030.8,58519.9,0.0,0.75,0.75,910.55,3.59,9.75,0.1,67.11,38.37
1788429365.34,982.75,ndvi_acquire_gee,1,292.4,292.4,0.0,27.2,7032.4,58518.2,0.0,0.75,0.75,910.55,3.59,9.75,0.1,67.11,38.37
1788429365.841,983.25,ndvi_acquire_gee,1,292.4,292.4,0.0,29.0,7160.6,58390.1,0.0,0.75,0.75,910.55,3.59,9.75,0.1,67.11,38.37
1788429366.344,983.75,ndvi_acquire_gee,1,292.4,292.4,0.0,35.3,7234.6,58316.1,0.0,0.75,0.75,910.55,3.59,9.75,0.1,67.11,38.37
1788429366.845,984.25,ndvi_acquire_gee,1,292.4,292.4,0.0,26.6,7222.2,58328.5,0.0,0.75,0.75,910.98,3.59,9.75,0.1,67.11,38.37
1788429367.346,984.76,ndvi_acquire_gee,1,292.4,292.4,0.0,30.5,7234.8,58315.9,0.0,0.76,0.75,911.01,3.6,9.75,0.1,67.11,38.37
1788429367.847,985.26,ndvi_acquire_gee,1,292.4,292.4,0.0,34.2,7229.1,58321.6,0.0,0.76,0.75,911.11,3.6,9.75,0.1,67.11,38.37
1788429368.348,985.76,ndvi_acquire_gee,1,292.4,292.4,2.0,32.8,7229.1,58321.6,0.0,0.76,0.75,913.13,3.6,9.75,0.1,67.11,38.37
1788429368.85,986.26,ndvi_acquire_gee,1,292.4,292.4,0.0,32.6,7219.4,58331.3,0.0,0.76,0.75,913.2,3.6,9.75,0.1,67.11,38.37
1788429369.351,986.76,ndvi_acquire_gee,1,292.4,292.4,0.0,30.5,7219.4,58331.3,0.0,0.76,0.75,913.2,3.6,9.75,0.1,67.11,38.37
1788429369.853,987.26,ndvi_acquire_gee,1,292.4,292.4,0.0,32.9,7204.6,58346.1,0.0,0.76,0.75,913.21,3.6,9.75,0.1,67.11,38.37
1788429370.354,987.76,ndvi_acquire_gee,1,292.4,292.4,0.0,34.6,7203.0,58347.7,0.0,0.76,0.75,913.21,3.6,9.76,0.1,67.11,38.37
1788429370.856,988.27,ndvi_acquire_gee,1,292.4,292.4,0.0,33.0,7185.5,58365.2,0.0,0.76,0.75,913.27,3.6,9.76,0.1,67.11,38.37
1788429371.358,988.77,ndvi_acquire_gee,1,292.4,292.4,2.0,29.9,6872.2,58678.5,0.0,0.76,0.75,913.27,3.6,9.76,0.1,67.11,38.37
1788429371.859,989.27,ndvi_acquire_gee,1,292.4,292.4,0.0,27.4,6968.5,58582.2,0.0,0.76,0.75,913.61,3.6,9.76,0.1,67.11,38.37
1788429372.36,989.77,ndvi_acquire_gee,1,292.4,292.4,0.0,29.2,6794.5,58756.2,0.0,0.76,0.75,913.68,3.6,9.76,0.1,67.11,38.37
1788429372.862,990.27,ndvi_acquire_gee,1,292.4,292.4,0.0,25.0,6932.4,58618.3,0.0,0.76,0.75,913.74,3.6,9.76,0.1,67.11,38.37
1788429373.363,990.77,ndvi_acquire_gee,1,292.4,292.4,0.0,31.9,6858.1,58692.6,0.0,0.76,0.75,913.74,3.6,9.76,0.1,67.11,38.37
1788429373.864,991.27,ndvi_acquire_gee,1,292.4,292.4,0.0,30.9,7049.5,58501.2,0.0,0.76,0.75,913.75,3.6,9.76,0.1,67.11,38.37
1788429374.366,991.78,ndvi_acquire_gee,1,292.4,292.4,0.0,26.8,7005.2,58545.5,0.0,0.76,0.75,913.76,3.6,9.76,0.1,67.11,38.37
1788429374.867,992.28,ndvi_acquire_gee,1,292.4,292.4,0.0,17.5,7069.4,58481.3,0.0,0.76,0.75,913.88,3.6,9.76,0.1,67.11,38.37
1788429375.368,992.78,ndvi_acquire_gee,1,292.4,292.4,2.0,13.5,7008.1,58542.6,0.0,0.76,0.75,913.88,3.6,9.76,0.1,67.11,38.37
1788429375.869,993.28,ndvi_acquire_gee,1,292.4,292.4,0.0,26.9,7153.2,58397.5,0.0,0.76,0.75,913.94,3.61,9.77,0.1,67.11,38.37
1788429376.371,993.78,ndvi_acquire_gee,1,292.4,292.4,0.0,26.0,6932.3,58618.3,0.0,0.76,0.75,913.94,3.61,9.77,0.1,67.11,38.37
1788429376.872,994.28,ndvi_acquire_gee,1,292.4,292.4,0.0,28.7,7135.0,58415.7,0.0,0.76,0.75,914.12,3.61,9.77,0.1,67.11,38.37
1788429377.373,994.78,ndvi_acquire_gee,1,292.4,292.4,0.0,28.4,7231.0,58320.0,0.0,0.76,0.75,914.18,3.61,9.77,0.1,67.11,38.37
1788429377.875,995.28,ndvi_acquire_gee,1,292.4,292.4,0.0,31.7,6971.2,58579.5,0.0,0.76,0.75,914.44,3.61,9.77,0.1,67.11,38.37
1788429378.376,995.79,ndvi_acquire_gee,1,292.4,292.4,0.0,32.0,7168.3,58382.4,0.0,0.76,0.75,915.36,3.61,9.77,0.1,67.11,38.37
1788429378.878,996.29,ndvi_acquire_gee,1,292.4,292.4,2.0,28.3,6876.5,58674.2,0.0,0.76,0.75,915.64,3.61,9.77,0.1,67.11,38.37
1788429379.379,996.79,ndvi_acquire_gee,1,292.4,292.4,0.0,30.7,7036.0,58514.7,0.0,0.76,0.75,916.63,3.61,9.77,0.1,67.11,38.37
1788429379.88,997.29,ndvi_acquire_gee,1,292.4,292.4,0.0,33.8,7113.9,58436.8,0.0,0.76,0.75,916.68,3.61,9.77,0.1,67.11,38.37
1788429380.381,997.79,ndvi_acquire_gee,1,292.4,292.4,0.0,31.2,7181.2,58369.5,0.0,0.76,0.75,916.68,3.61,9.77,0.1,67.11,38.37
1788429380.882,998.29,ndvi_acquire_gee,1,292.4,292.4,0.0,28.8,7004.6,58546.1,0.0,0.76,0.75,916.68,3.61,9.77,0.1,67.11,38.37
1788429381.383,998.79,ndvi_acquire_gee,1,292.4,292.4,0.0,31.8,7198.8,58351.9,0.0,0.76,0.75,916.68,3.61,9.77,0.1,67.11,38.37
1788429381.885,999.29,ndvi_acquire_gee,1,292.4,292.4,2.0,29.2,7023.9,58526.8,0.0,0.76,0.75,916.68,3.61,9.77,0.1,67.11,38.37
1788429382.386,999.8,ndvi_acquire_gee,1,292.4,292.4,0.0,19.3,7043.5,58507.2,0.0,0.76,0.75,916.68,3.61,9.77,0.1,67.11,38.37
1788429382.888,1000.3,ndvi_acquire_gee,1,292.4,292.4,0.0,26.0,7089.0,58461.7,0.0,0.76,0.75,917.03,3.61,9.77,0.1,67.11,38.37
1788429383.389,1000.8,ndvi_acquire_gee,1,292.4,292.4,0.0,33.6,7208.2,58342.5,0.0,0.76,0.75,917.03,3.61,9.77,0.1,67.11,38.37
1788429383.89,1001.3,ndvi_acquire_gee,1,292.4,292.4,0.0,18.6,6904.8,58645.9,0.0,0.76,0.75,917.58,3.61,9.77,0.1,67.11,38.37
1788429384.391,1001.8,ndvi_acquire_gee,1,292.4,292.4,0.0,30.2,7064.1,58486.6,0.0,0.76,0.75,917.58,3.61,9.78,0.1,67.11,38.37
1788429384.893,1002.3,ndvi_acquire_gee,1,292.4,292.4,0.0,31.9,6980.8,58569.9,0.0,0.76,0.75,917.91,3.61,9.78,0.1,67.11,38.37
1788429385.396,1002.81,ndvi_acquire_gee,1,292.4,292.4,0.0,31.9,7163.7,58387.0,0.0,0.76,0.75,917.91,3.61,9.78,0.1,67.11,38.37
1788429385.898,1003.31,ndvi_acquire_gee,1,292.4,292.4,0.0,28.4,7131.2,58419.5,0.0,0.76,0.75,918.08,3.61,9.78,0.1,67.11,38.37
1788429386.399,1003.81,ndvi_acquire_gee,1,292.4,292.4,0.0,32.2,7233.7,58317.0,0.0,0.76,0.75,918.3,3.62,9.78,0.1,67.11,38.37
1788429386.9,1004.31,ndvi_acquire_gee,1,292.4,292.4,0.0,31.2,7357.7,58193.0,0.0,0.76,0.75,918.35,3.62,9.78,0.1,67.11,38.37
1788429387.401,1004.81,ndvi_acquire_gee,1,292.4,292.4,0.0,26.0,7215.9,58334.8,0.0,0.76,0.75,918.35,3.62,9.78,0.1,67.11,38.37
1788429387.903,1005.31,ndvi_acquire_gee,1,292.4,292.4,2.0,31.0,7162.9,58387.8,0.0,0.76,0.75,918.5,3.62,9.78,0.1,67.11,38.37
1788429388.404,1005.81,ndvi_acquire_gee,1,292.4,292.4,0.0,27.9,7249.8,58300.9,0.0,0.76,0.75,918.59,3.62,9.78,0.1,67.11,38.37
1788429388.905,1006.31,ndvi_acquire_gee,1,292.4,292.4,0.0,22.2,7281.9,58268.8,0.0,0.76,0.75,920.3,3.62,9.78,0.1,67.11,38.37
1788429389.406,1006.82,ndvi_acquire_gee,1,292.4,292.4,0.0,17.9,7388.4,58162.3,0.0,0.76,0.75,920.31,3.62,9.78,0.1,67.11,38.37
1788429389.907,1007.32,ndvi_acquire_gee,1,292.4,292.4,0.0,26.9,7212.7,58338.0,0.0,0.76,0.75,920.43,3.62,9.78,0.1,67.11,38.37
1788429390.409,1007.82,ndvi_acquire_gee,1,292.4,292.4,0.0,28.7,7139.7,58411.0,0.0,0.76,0.75,920.44,3.62,9.78,0.1,67.11,38.37
1788429390.91,1008.32,ndvi_acquire_gee,1,292.4,292.4,0.0,27.9,7096.8,58453.9,0.0,0.76,0.75,920.49,3.62,9.78,0.1,67.11,38.37
1788429391.411,1008.82,ndvi_acquire_gee,1,292.4,292.4,0.0,30.1,7058.1,58492.6,0.0,0.76,0.75,920.49,3.62,9.78,0.1,67.11,38.37
1788429391.913,1009.32,ndvi_acquire_gee,1,292.4,292.4,2.0,28.7,7096.9,58453.8,0.0,0.76,0.75,920.76,3.62,9.79,0.1,67.11,38.37
1788429392.414,1009.82,ndvi_acquire_gee,1,292.4,292.4,2.0,27.7,6868.5,58682.2,0.0,0.76,0.75,920.85,3.62,9.79,0.1,67.11,38.37
1788429392.915,1010.32,ndvi_acquire_gee,1,292.4,292.4,0.0,30.7,7074.8,58475.9,0.0,0.76,0.75,921.04,3.62,9.79,0.1,67.11,38.37
1788429393.417,1010.83,ndvi_acquire_gee,1,292.4,292.4,0.0,27.7,6982.2,58568.5,0.0,0.76,0.75,921.05,3.62,9.79,0.1,67.11,38.37
1788429393.918,1011.33,ndvi_acquire_gee,1,292.4,292.4,0.0,32.5,7178.0,58372.7,0.0,0.76,0.75,921.27,3.62,9.79,0.1,67.11,38.37
1788429394.419,1011.83,ndvi_acquire_gee,1,292.5,292.5,0.0,29.9,7110.1,58440.6,0.0,0.76,0.75,921.37,3.62,9.79,0.1,67.11,38.37
1788429394.92,1012.33,ndvi_acquire_gee,1,292.5,292.5,0.0,29.0,7182.4,58368.3,0.0,0.77,0.75,921.38,3.62,9.79,0.1,67.11,38.37
1788429395.422,1012.83,ndvi_acquire_gee,1,292.5,292.5,0.0,30.1,7223.9,58326.8,0.0,0.77,0.75,921.38,3.63,9.79,0.1,67.11,38.37
1788429395.923,1013.33,ndvi_acquire_gee,1,292.5,292.5,2.0,29.9,7322.6,58228.1,0.0,0.77,0.75,921.38,3.63,9.79,0.1,67.11,38.37
1788429396.424,1013.83,ndvi_acquire_gee,1,292.5,292.5,0.0,30.2,7399.9,58150.7,0.0,0.77,0.75,921.38,3.63,9.79,0.1,67.11,38.37
1788429396.926,1014.34,ndvi_acquire_gee,1,292.5,292.5,0.0,31.3,7241.6,58309.1,0.0,0.77,0.75,921.58,3.63,9.79,0.1,67.11,38.37
1788429397.427,1014.84,ndvi_acquire_gee,1,292.5,292.5,0.0,32.6,7378.0,58172.7,0.0,0.77,0.75,921.6,3.63,9.79,0.1,67.11,38.37
1788429397.929,1015.34,ndvi_acquire_gee,1,292.5,292.5,0.0,30.5,7218.0,58332.7,0.0,0.77,0.75,921.81,3.63,9.8,0.1,67.11,38.37
1788429398.43,1015.84,ndvi_acquire_gee,1,292.5,292.5,0.0,29.1,7315.2,58235.5,0.0,0.77,0.75,921.91,3.63,9.8,0.1,67.11,38.37
1788429398.931,1016.34,ndvi_acquire_gee,1,292.5,292.5,0.0,29.6,7355.0,58195.7,0.0,0.77,0.75,922.09,3.63,9.8,0.1,67.11,38.37
1788429399.432,1016.84,ndvi_acquire_gee,1,292.5,292.5,0.0,30.6,7503.5,58047.2,0.0,0.77,0.75,922.1,3.63,9.8,0.1,67.11,38.37
1788429399.934,1017.34,ndvi_acquire_gee,1,292.5,292.5,2.0,30.6,7249.5,58301.2,0.0,0.77,0.75,922.91,3.63,9.8,0.1,67.11,38.37
1788429400.435,1017.84,ndvi_acquire_gee,1,292.5,292.5,0.0,27.3,7253.7,58297.0,0.0,0.77,0.75,922.94,3.63,9.8,0.1,67.11,38.37
1788429400.936,1018.35,ndvi_acquire_gee,1,292.5,292.5,0.0,30.8,7291.8,58258.9,0.0,0.77,0.75,923.11,3.63,9.8,0.1,67.11,38.37
1788429401.437,1018.85,ndvi_acquire_gee,1,292.5,292.5,0.0,25.6,7163.8,58386.9,0.0,0.77,0.75,923.11,3.63,9.8,0.1,67.11,38.37
1788429401.938,1019.35,ndvi_acquire_gee,1,292.5,292.5,0.0,14.6,7158.3,58392.4,0.0,0.77,0.75,923.11,3.63,9.8,0.1,67.11,38.37
1788429402.44,1019.85,ndvi_acquire_gee,1,292.5,292.5,0.0,20.6,7053.6,58497.1,0.0,0.77,0.75,923.11,3.63,9.8,0.1,67.11,38.37
1788429402.941,1020.35,ndvi_acquire_gee,1,292.5,292.5,0.0,29.2,7209.6,58341.1,0.0,0.77,0.75,923.16,3.63,9.8,0.1,67.11,38.37
1788429403.442,1020.85,ndvi_acquire_gee,1,292.5,292.5,2.0,31.4,7079.0,58471.6,0.0,0.77,0.75,923.16,3.63,9.8,0.1,67.11,38.37
1788429403.943,1021.35,ndvi_acquire_gee,1,292.5,292.5,0.0,32.2,7115.6,58435.1,0.0,0.77,0.75,923.4,3.63,9.8,0.1,67.11,38.37
1788429404.445,1021.85,ndvi_acquire_gee,1,292.5,292.5,0.0,27.3,7167.6,58383.1,0.0,0.77,0.75,923.46,3.63,9.8,0.1,67.11,38.37
1788429404.946,1022.36,ndvi_acquire_gee,1,292.5,292.5,0.0,22.6,7259.8,58290.9,0.0,0.77,0.75,923.57,3.64,9.8,0.1,67.11,38.37
1788429405.447,1022.86,ndvi_acquire_gee,1,292.5,292.5,0.0,27.3,7279.6,58271.1,0.0,0.77,0.75,923.58,3.64,9.8,0.1,67.11,38.37
1788429405.948,1023.36,ndvi_acquire_gee,1,292.5,292.5,0.0,26.2,7302.9,58247.8,0.0,0.77,0.75,924.02,3.64,9.8,0.1,67.11,38.37
1788429406.45,1023.86,ndvi_acquire_gee,1,292.5,292.5,0.0,29.9,7287.1,58263.6,0.0,0.77,0.75,924.02,3.64,9.81,0.1,67.11,38.37
1788429406.951,1024.36,ndvi_acquire_gee,1,292.5,292.5,0.0,30.3,7297.7,58253.0,0.0,0.77,0.75,924.17,3.64,9.81,0.1,67.11,38.37
1788429407.453,1024.86,ndvi_acquire_gee,1,292.5,292.5,0.0,30.3,7327.8,58222.9,0.0,0.77,0.75,924.17,3.64,9.81,0.1,67.11,38.37
1788429407.954,1025.36,ndvi_acquire_gee,1,292.5,292.5,2.0,29.9,7145.1,58405.6,0.0,0.77,0.75,924.28,3.64,9.81,0.1,67.11,38.37
1788429408.455,1025.86,ndvi_acquire_gee,1,292.5,292.5,0.0,30.0,7196.2,58354.5,0.0,0.77,0.75,924.28,3.64,9.81,0.1,67.11,38.37
1788429408.956,1026.37,ndvi_acquire_gee,1,292.5,292.5,0.0,29.6,7058.8,58491.9,0.0,0.77,0.75,924.36,3.64,9.81,0.1,67.11,38.37
1788429409.458,1026.87,ndvi_acquire_gee,1,292.5,292.5,0.0,29.3,7040.6,58510.1,0.0,0.77,0.75,924.38,3.64,9.81,0.1,67.11,38.37
1788429409.959,1027.37,ndvi_acquire_gee,1,292.5,292.5,0.0,32.4,7124.6,58426.1,0.0,0.77,0.75,924.41,3.64,9.81,0.1,67.11,38.37
1788429410.46,1027.87,ndvi_acquire_gee,1,292.5,292.5,0.0,28.8,7213.6,58337.1,0.0,0.77,0.75,924.42,3.64,9.81,0.1,67.11,38.37
1788429410.962,1028.37,ndvi_acquire_gee,1,292.5,292.5,0.0,28.8,7391.7,58159.0,0.0,0.77,0.75,924.42,3.64,9.81,0.1,67.11,38.37
1788429411.463,1028.87,ndvi_acquire_gee,1,292.5,292.5,0.0,31.5,7311.5,58239.2,0.0,0.77,0.75,924.74,3.64,9.81,0.1,67.11,38.37
1788429411.964,1029.37,ndvi_acquire_gee,1,292.5,292.5,0.0,32.9,7359.0,58191.7,0.0,0.77,0.75,924.93,3.64,9.81,0.1,67.11,38.37
1788429412.466,1029.88,ndvi_acquire_gee,1,292.5,292.5,0.0,28.9,7305.0,58245.7,0.0,0.77,0.75,924.93,3.64,9.81,0.1,67.11,38.37
1788429412.967,1030.38,ndvi_acquire_gee,1,292.5,292.5,0.0,31.8,7251.4,58299.3,0.0,0.77,0.75,925.11,3.64,9.81,0.1,67.11,38.37
1788429413.468,1030.88,ndvi_acquire_gee,1,292.5,292.5,0.0,30.0,7263.7,58287.0,0.0,0.77,0.75,925.19,3.64,9.82,0.1,67.11,38.37
1788429413.97,1031.38,ndvi_acquire_gee,1,292.5,292.5,2.0,29.5,7145.4,58405.3,0.0,0.77,0.75,925.32,3.64,9.82,0.1,67.11,38.37
1788429414.471,1031.88,ndvi_acquire_gee,1,292.5,292.5,0.0,29.9,7237.5,58313.2,0.0,0.77,0.75,925.32,3.65,9.82,0.1,67.11,38.37
1788429414.972,1032.38,ndvi_acquire_gee,1,292.5,292.5,2.0,30.6,7064.9,58485.8,0.0,0.77,0.75,925.53,3.65,9.82,0.1,67.11,38.37
1788429415.473,1032.88,ndvi_acquire_gee,1,292.5,292.5,0.0,31.5,7216.6,58334.1,0.0,0.77,0.75,925.53,3.65,9.82,0.1,67.11,38.37
1788429415.975,1033.38,ndvi_acquire_gee,1,292.5,292.5,0.0,30.7,7347.4,58203.3,0.0,0.77,0.75,925.75,3.65,9.82,0.1,67.11,38.37
1788429416.476,1033.89,ndvi_acquire_gee,1,292.5,292.5,0.0,29.5,7287.3,58263.4,0.0,0.77,0.75,925.75,3.65,9.82,0.1,67.11,38.37
1788429416.977,1034.39,ndvi_acquire_gee,1,292.5,292.5,0.0,29.8,7327.7,58223.0,0.0,0.77,0.75,927.03,3.65,9.82,0.1,67.11,38.37
1788429417.479,1034.89,ndvi_acquire_gee,1,292.5,292.5,0.0,29.1,7208.5,58342.2,0.0,0.77,0.75,927.03,3.65,9.82,0.1,67.11,38.37
1788429417.98,1035.39,ndvi_acquire_gee,1,292.5,292.5,0.0,33.3,7312.3,58238.4,0.0,0.77,0.75,927.24,3.65,9.82,0.1,67.11,38.37
1788429418.481,1035.89,ndvi_acquire_gee,1,292.5,292.5,2.0,31.2,7366.3,58184.4,0.0,0.77,0.75,927.24,3.65,9.82,0.1,67.11,38.37
1788429418.983,1036.39,ndvi_acquire_gee,1,292.5,292.5,0.0,31.0,7506.8,58043.9,0.0,0.77,0.75,927.32,3.65,9.83,0.1,67.11,38.37
1788429419.484,1036.89,ndvi_acquire_gee,1,292.5,292.5,0.0,29.7,7579.7,57971.0,0.0,0.77,0.75,927.32,3.65,9.83,0.1,67.11,38.37
1788429419.985,1037.39,ndvi_acquire_gee,1,292.5,292.5,0.0,32.2,7398.4,58152.3,0.0,0.77,0.75,927.41,3.65,9.83,0.1,67.11,38.37
1788429420.486,1037.9,ndvi_acquire_gee,1,292.5,292.5,0.0,30.8,7399.7,58151.0,0.0,0.77,0.75,927.45,3.65,9.83,0.1,67.11,38.37
1788429420.988,1038.4,ndvi_acquire_gee,1,292.5,292.5,0.0,29.8,7405.0,58145.7,0.0,0.77,0.75,927.5,3.66,9.83,0.1,67.11,38.37
1788429421.489,1038.9,ndvi_acquire_gee,1,292.5,292.5,0.0,31.0,7405.9,58144.8,0.0,0.77,0.75,927.5,3.66,9.83,0.1,67.11,38.37
1788429421.99,1039.4,ndvi_acquire_gee,1,292.5,292.5,0.0,29.9,7262.9,58287.8,0.0,0.77,0.75,927.67,3.66,9.83,0.1,67.11,38.37
1788429422.491,1039.9,ndvi_acquire_gee,1,292.5,292.5,0.0,31.8,7380.9,58169.8,0.0,0.77,0.75,927.68,3.66,9.83,0.1,67.11,38.37
1788429422.992,1040.4,ndvi_acquire_gee,1,292.5,292.5,2.0,28.8,7150.8,58399.9,0.0,0.77,0.75,928.23,3.66,9.83,0.1,67.11,38.37
1788429423.494,1040.9,ndvi_acquire_gee,1,292.5,292.5,0.0,31.4,7165.9,58384.8,0.0,0.77,0.75,928.49,3.66,9.83,0.1,67.11,38.37
1788429423.995,1041.41,ndvi_acquire_gee,1,292.5,292.5,0.0,29.2,7044.2,58506.5,0.0,0.77,0.75,928.56,3.66,9.83,0.1,67.11,38.37
1788429424.496,1041.91,ndvi_acquire_gee,1,292.5,292.5,0.0,31.4,7114.2,58436.5,0.0,0.77,0.75,928.56,3.66,9.83,0.1,67.11,38.37
1788429424.998,1042.41,ndvi_acquire_gee,1,292.5,292.5,0.0,27.6,7118.1,58432.6,0.0,0.77,0.75,928.88,3.66,9.83,0.1,67.11,38.37
1788429425.499,1042.91,ndvi_acquire_gee,1,292.5,292.5,0.0,29.0,7078.0,58472.6,0.0,0.77,0.75,928.88,3.66,9.83,0.1,67.11,38.37
1788429426.0,1043.41,ndvi_acquire_gee,1,292.5,292.5,0.0,32.9,7049.1,58501.6,0.0,0.77,0.75,929.07,3.66,9.83,0.1,67.11,38.37
1788429426.502,1043.91,ndvi_acquire_gee,1,292.5,292.5,0.0,26.3,6985.0,58565.7,0.0,0.77,0.75,929.07,3.66,9.83,0.1,67.11,38.37
1788429427.003,1044.41,ndvi_acquire_gee,1,292.5,292.5,0.0,30.3,7012.5,58538.2,0.0,0.77,0.75,929.07,3.66,9.84,0.1,67.11,38.37
1788429427.504,1044.91,ndvi_acquire_gee,1,292.5,292.5,0.0,30.7,6936.9,58613.8,0.0,0.77,0.75,929.07,3.66,9.84,0.1,67.11,38.37
1788429428.005,1045.41,ndvi_acquire_gee,1,292.5,292.5,0.0,33.3,7047.2,58503.5,0.0,0.78,0.75,929.33,3.66,9.84,0.1,67.11,38.37
1788429428.506,1045.92,ndvi_acquire_gee,1,292.5,292.5,0.0,29.5,7105.6,58445.1,0.0,0.78,0.75,929.84,3.66,9.84,0.1,67.11,38.37
1788429429.008,1046.42,ndvi_acquire_gee,1,292.5,292.5,0.0,32.4,7049.8,58500.9,0.0,0.78,0.75,930.0,3.66,9.84,0.1,67.11,38.37
1788429429.509,1046.92,ndvi_acquire_gee,1,292.5,292.5,0.0,30.0,7224.5,58326.2,0.0,0.78,0.75,930.0,3.66,9.84,0.1,67.11,38.37
1788429430.01,1047.42,ndvi_acquire_gee,1,292.5,292.5,0.0,29.1,7072.1,58478.6,0.0,0.78,0.75,930.25,3.66,9.84,0.1,67.11,38.37
1788429430.512,1047.92,ndvi_acquire_gee,1,292.5,292.5,0.0,30.1,7102.0,58448.7,0.0,0.78,0.75,930.29,3.66,9.84,0.1,67.11,38.37
1788429431.013,1048.42,ndvi_acquire_gee,1,292.5,292.5,2.0,26.1,6968.4,58582.3,0.0,0.78,0.75,930.58,3.66,9.84,0.1,67.11,38.37
1788429431.514,1048.92,ndvi_acquire_gee,1,292.5,292.5,0.0,33.3,6981.2,58569.5,0.0,0.78,0.75,930.58,3.66,9.84,0.1,67.11,38.37
1788429432.016,1049.43,ndvi_acquire_gee,1,292.5,292.5,0.0,31.4,7109.4,58441.3,0.0,0.78,0.75,930.8,3.67,9.84,0.1,67.11,38.37
1788429432.517,1049.93,ndvi_acquire_gee,1,292.5,292.5,0.0,32.9,7181.0,58369.7,0.0,0.78,0.75,930.8,3.67,9.84,0.1,67.11,38.37
1788429433.018,1050.43,ndvi_acquire_gee,1,292.5,292.5,0.0,28.7,7177.8,58372.9,0.0,0.78,0.75,930.89,3.67,9.84,0.1,67.11,38.37
1788429433.519,1050.93,ndvi_acquire_gee,1,292.5,292.5,0.0,33.0,7180.7,58370.0,0.0,0.78,0.75,940.73,3.67,9.84,0.1,67.11,38.37
1788429434.021,1051.43,ndvi_acquire_gee,1,292.5,292.5,0.0,29.6,7176.4,58374.3,0.0,0.78,0.75,940.75,3.67,9.85,0.1,67.11,38.37
1788429434.522,1051.93,ndvi_acquire_gee,1,292.5,292.5,2.0,30.3,7156.4,58394.3,0.0,0.78,0.75,940.75,3.67,9.85,0.1,67.11,38.37
1788429435.023,1052.43,ndvi_acquire_gee,1,292.5,292.5,0.0,34.0,7152.8,58397.9,0.0,0.78,0.75,941.0,3.67,9.85,0.1,67.11,38.37
1788429435.524,1052.93,ndvi_acquire_gee,1,292.5,292.5,0.0,27.9,7126.5,58424.2,0.0,0.78,0.75,941.1,3.67,9.85,0.1,67.11,38.37
1788429436.026,1053.44,ndvi_acquire_gee,1,292.5,292.5,0.0,29.9,7128.8,58421.9,0.0,0.78,0.75,941.3,3.67,9.85,0.1,67.11,38.37
1788429436.527,1053.94,ndvi_acquire_gee,1,292.5,292.5,0.0,30.7,7099.2,58451.5,0.0,0.78,0.75,941.3,3.67,9.85,0.1,67.11,38.37
1788429437.029,1054.44,ndvi_acquire_gee,1,292.5,292.5,0.0,28.0,7088.6,58462.1,0.0,0.78,0.75,941.62,3.67,9.85,0.1,67.11,38.37
1788429437.53,1054.94,ndvi_acquire_gee,1,292.5,292.5,0.0,27.8,6952.7,58598.0,0.0,0.78,0.75,941.62,3.67,9.85,0.1,67.11,38.37
1788429438.031,1055.44,ndvi_acquire_gee,1,292.5,292.5,2.0,27.5,6981.1,58569.6,0.0,0.78,0.75,941.69,3.67,9.85,0.1,67.11,38.37
1788429438.533,1055.94,ndvi_acquire_gee,1,292.5,292.5,0.0,31.7,7173.0,58377.7,0.0,0.78,0.75,944.1,3.67,9.85,0.1,67.11,38.37
1788429439.034,1056.44,ndvi_acquire_gee,1,292.5,292.5,0.0,27.2,6999.1,58551.9,0.0,0.78,0.75,945.18,3.67,9.85,0.1,67.11,38.37
1788429439.535,1056.95,ndvi_acquire_gee,1,292.5,292.5,0.0,31.8,6870.4,58680.6,0.0,0.78,0.75,945.18,3.67,9.85,0.1,67.11,38.37
1788429440.037,1057.45,ndvi_acquire_gee,1,292.5,292.5,0.0,32.9,7024.8,58526.2,0.0,0.78,0.75,945.27,3.67,9.85,0.1,67.11,38.37
1788429440.538,1057.95,ndvi_acquire_gee,1,292.5,292.5,0.0,29.1,6832.6,58718.3,0.0,0.78,0.75,945.46,3.68,9.85,0.1,67.11,38.37
1788429441.039,1058.45,ndvi_acquire_gee,1,292.5,292.5,0.0,30.7,7032.2,58518.8,0.0,0.78,0.75,945.59,3.68,9.86,0.1,67.11,38.37
1788429441.54,1058.95,ndvi_acquire_gee,1,292.5,292.5,0.0,30.2,6872.1,58678.8,0.0,0.78,0.75,945.75,3.68,9.86,0.1,67.11,38.37
1788429442.042,1059.45,ndvi_acquire_gee,1,292.5,292.5,2.0,32.9,7052.5,58498.5,0.0,0.78,0.75,945.8,3.68,9.86,0.1,67.11,38.37
1788429442.543,1059.95,ndvi_acquire_gee,1,292.5,292.5,0.0,30.4,6934.7,58616.2,0.0,0.78,0.75,945.8,3.68,9.86,0.1,67.11,38.37
1788429443.044,1060.45,ndvi_acquire_gee,1,292.5,292.5,0.0,30.9,7016.9,58534.1,0.0,0.78,0.75,945.85,3.68,9.86,0.1,67.11,38.37
1788429443.545,1060.96,ndvi_acquire_gee,1,292.5,292.5,0.0,31.7,6922.1,58628.8,0.0,0.78,0.75,945.93,3.68,9.86,0.1,67.11,38.37
1788429444.047,1061.46,ndvi_acquire_gee,1,292.5,292.5,0.0,28.9,6954.3,58596.6,0.0,0.79,0.75,946.1,3.68,9.86,0.1,67.11,38.37
1788429444.548,1061.96,ndvi_acquire_gee,1,292.5,292.5,0.0,22.1,6981.3,58569.6,0.0,0.79,0.75,946.11,3.68,9.86,0.1,67.11,38.37
1788429445.049,1062.46,ndvi_acquire_gee,1,292.5,292.5,0.0,29.4,7035.2,58515.8,0.0,0.79,0.75,946.35,3.68,9.86,0.1,67.11,38.37
1788429445.55,1062.96,ndvi_acquire_gee,1,292.5,292.5,0.0,31.2,7087.6,58463.4,0.0,0.79,0.75,946.42,3.68,9.86,0.1,67.11,38.37
1788429446.052,1063.46,ndvi_acquire_gee,1,292.5,292.5,2.0,29.7,7170.8,58380.2,0.0,0.79,0.75,946.6,3.68,9.86,0.1,67.11,38.37
1788429446.553,1063.96,ndvi_acquire_gee,1,292.5,292.5,0.0,30.4,7106.1,58444.9,0.0,0.79,0.75,946.68,3.68,9.86,0.1,67.11,38.37
1788429447.054,1064.46,ndvi_acquire_gee,1,292.5,292.5,0.0,32.2,7147.5,58403.5,0.0,0.79,0.75,946.83,3.68,9.86,0.1,67.11,38.37
1788429447.555,1064.97,ndvi_acquire_gee,1,292.5,292.5,0.0,30.1,7203.9,58347.1,0.0,0.79,0.75,946.83,3.68,9.86,0.1,67.11,38.37
1788429448.057,1065.47,ndvi_acquire_gee,1,292.5,292.5,0.0,31.1,7190.2,58360.7,0.0,0.79,0.75,947.01,3.68,9.86,0.1,67.11,38.37
1788429448.558,1065.97,ndvi_acquire_gee,1,292.5,292.5,0.0,31.3,7035.0,58515.9,0.0,0.79,0.75,947.06,3.68,9.86,0.1,67.11,38.37
1788429449.059,1066.47,ndvi_acquire_gee,1,292.5,292.5,0.0,32.9,7213.0,58337.9,0.0,0.79,0.75,947.14,3.68,9.87,0.1,67.11,38.37
1788429449.56,1066.97,ndvi_acquire_gee,1,292.5,292.5,0.0,31.3,7217.5,58333.4,0.0,0.79,0.75,947.14,3.68,9.87,0.1,67.11,38.37
1788429450.061,1067.47,ndvi_acquire_gee,1,292.5,292.5,0.0,30.7,7300.1,58250.8,0.0,0.79,0.75,947.16,3.68,9.87,0.1,67.11,38.37
1788429450.563,1067.97,ndvi_acquire_gee,1,292.5,292.5,2.0,29.9,7249.5,58301.3,0.0,0.79,0.75,947.19,3.69,9.87,0.1,67.11,38.37
1788429451.064,1068.47,ndvi_acquire_gee,1,292.5,292.5,0.0,29.2,7309.0,58241.9,0.0,0.79,0.75,948.01,3.69,9.87,0.1,67.11,38.37
1788429451.565,1068.98,ndvi_acquire_gee,1,292.5,292.5,0.0,28.4,7168.1,58382.8,0.0,0.79,0.75,948.01,3.69,9.87,0.1,67.11,38.37
1788429452.066,1069.48,ndvi_acquire_gee,1,292.5,292.5,0.0,30.2,7165.4,58385.5,0.0,0.79,0.75,948.29,3.69,9.87,0.1,67.11,38.37
1788429452.568,1069.98,ndvi_acquire_gee,1,292.5,292.5,0.0,26.2,7164.7,58386.3,0.0,0.79,0.75,948.29,3.69,9.87,0.1,67.11,38.37
1788429453.069,1070.48,ndvi_acquire_gee,1,292.5,292.5,0.0,27.7,7116.9,58434.0,0.0,0.79,0.75,948.46,3.69,9.87,0.1,67.11,38.37
1788429453.57,1070.98,ndvi_acquire_gee,1,292.5,292.5,0.0,26.1,6990.6,58560.4,0.0,0.79,0.75,948.46,3.69,9.87,0.1,67.11,38.37
1788429454.071,1071.48,ndvi_acquire_gee,1,292.5,292.5,0.0,29.7,7099.1,58451.8,0.0,0.79,0.75,948.56,3.69,9.87,0.1,67.11,38.37
1788429454.573,1071.98,ndvi_acquire_gee,1,292.5,292.5,0.0,31.5,7145.2,58405.7,0.0,0.79,0.75,948.56,3.69,9.87,0.1,67.11,38.37
1788429455.074,1072.48,ndvi_acquire_gee,1,292.5,292.5,2.0,29.6,7166.8,58384.1,0.0,0.79,0.75,948.6,3.69,9.88,0.1,67.11,38.37
1788429455.575,1072.99,ndvi_acquire_gee,1,292.5,292.5,0.0,31.7,7177.6,58373.4,0.0,0.79,0.75,948.61,3.69,9.88,0.1,67.11,38.37
1788429456.077,1073.49,ndvi_acquire_gee,1,292.5,292.5,0.0,28.3,7088.8,58462.1,0.0,0.79,0.75,949.19,3.69,9.88,0.1,67.11,38.37
1788429456.578,1073.99,ndvi_acquire_gee,1,292.5,292.5,0.0,30.9,7152.6,58398.3,0.0,0.79,0.75,949.19,3.69,9.88,0.1,67.11,38.37
1788429457.079,1074.49,ndvi_acquire_gee,1,292.5,292.5,0.0,23.1,7055.5,58495.4,0.0,0.79,0.75,949.33,3.69,9.88,0.1,67.11,38.37
1788429457.58,1074.99,ndvi_acquire_gee,1,292.5,292.5,2.0,32.5,7131.6,58419.3,0.0,0.79,0.75,949.33,3.69,9.88,0.1,67.11,38.37
1788429458.081,1075.49,ndvi_acquire_gee,1,292.5,292.5,0.0,31.6,7190.7,58360.2,0.0,0.79,0.75,949.5,3.69,9.88,0.1,67.11,38.37
1788429458.582,1075.99,ndvi_acquire_gee,1,292.5,292.5,0.0,30.6,7281.3,58269.7,0.0,0.79,0.75,951.03,3.7,9.88,0.1,67.11,38.37
1788429459.084,1076.49,ndvi_acquire_gee,1,292.5,292.5,2.0,31.2,7082.3,58468.6,0.0,0.79,0.75,951.32,3.7,9.88,0.1,67.11,38.37
1788429459.585,1076.99,ndvi_acquire_gee,1,292.5,292.5,0.0,28.8,7203.7,58347.2,0.0,0.79,0.75,951.32,3.7,9.88,0.1,67.11,38.37
1788429460.086,1077.5,ndvi_acquire_gee,1,292.5,292.5,0.0,28.0,6870.5,58680.5,0.0,0.79,0.75,951.37,3.7,9.88,0.1,67.11,38.37
1788429460.588,1078.0,ndvi_acquire_gee,1,292.5,292.5,0.0,31.0,6977.7,58573.3,0.0,0.79,0.75,951.37,3.7,9.88,0.1,67.11,38.37
1788429461.089,1078.5,ndvi_acquire_gee,1,292.5,292.5,0.0,29.7,7001.9,58549.0,0.0,0.79,0.75,952.02,3.7,9.88,0.1,67.11,38.37
1788429461.59,1079.0,ndvi_acquire_gee,1,292.5,292.5,0.0,31.6,7109.9,58441.0,0.0,0.79,0.75,952.02,3.7,9.88,0.1,67.11,38.37
1788429462.091,1079.5,ndvi_acquire_gee,1,292.5,292.5,0.0,31.0,7215.9,58335.0,0.0,0.79,0.75,952.25,3.7,9.88,0.1,67.11,38.37
1788429462.593,1080.0,ndvi_acquire_gee,1,292.5,292.5,0.0,30.3,7112.1,58438.8,0.0,0.79,0.75,952.41,3.7,9.88,0.1,67.11,38.37
1788429463.094,1080.5,ndvi_acquire_gee,1,292.5,292.5,0.0,29.9,7302.8,58248.2,0.0,0.79,0.75,952.54,3.7,9.89,0.1,67.11,38.37
1788429463.596,1081.01,ndvi_acquire_gee,1,292.5,292.5,0.0,34.0,7061.7,58489.2,0.0,0.79,0.75,952.59,3.7,9.89,0.1,67.11,38.37
1788429464.097,1081.51,ndvi_acquire_gee,1,292.5,292.5,0.0,28.6,7184.3,58366.6,0.0,0.79,0.75,952.66,3.7,9.89,0.1,67.11,38.37
1788429464.598,1082.01,ndvi_acquire_gee,1,292.5,292.5,0.0,30.0,6945.5,58605.5,0.0,0.79,0.75,952.68,3.7,9.89,0.1,67.11,38.37
1788429465.1,1082.51,ndvi_acquire_gee,1,292.5,292.5,2.0,32.9,7149.1,58401.8,0.0,0.79,0.75,952.69,3.7,9.89,0.1,67.11,38.37
1788429465.601,1083.01,ndvi_acquire_gee,1,292.5,292.5,0.0,28.9,7032.7,58518.2,0.0,0.79,0.75,952.69,3.7,9.89,0.1,67.11,38.37
1788429466.102,1083.51,ndvi_acquire_gee,1,292.5,292.5,0.0,31.6,7166.1,58384.8,0.0,0.79,0.75,952.8,3.7,9.89,0.1,67.11,38.37
1788429466.604,1084.01,ndvi_acquire_gee,1,292.5,292.5,0.0,32.4,7135.0,58415.9,0.0,0.79,0.75,953.25,3.7,9.89,0.1,67.11,38.37
1788429467.105,1084.51,ndvi_acquire_gee,1,292.5,292.5,0.0,30.3,7303.8,58247.1,0.0,0.79,0.75,953.45,3.7,9.89,0.1,67.11,38.37
1788429467.606,1085.02,ndvi_acquire_gee,1,292.5,292.5,0.0,30.9,7162.6,58388.4,0.0,0.79,0.75,953.45,3.7,9.89,0.1,67.11,38.37
1788429468.107,1085.52,ndvi_acquire_gee,1,292.5,292.5,0.0,31.8,7038.4,58512.5,0.0,0.79,0.75,953.57,3.7,9.89,0.1,67.11,38.37
1788429468.608,1086.02,ndvi_acquire_gee,1,292.5,292.5,0.0,31.1,7118.2,58432.7,0.0,0.79,0.75,953.58,3.7,9.89,0.1,67.11,38.37
1788429469.11,1086.52,ndvi_acquire_gee,1,292.5,292.5,2.0,29.2,7206.6,58344.3,0.0,0.79,0.75,954.79,3.7,9.89,0.1,67.11,38.37
1788429469.611,1087.02,ndvi_acquire_gee,1,292.5,292.5,0.0,31.9,7299.4,58251.5,0.0,0.79,0.75,955.04,3.71,9.89,0.1,67.11,38.37
1788429470.112,1087.52,ndvi_acquire_gee,1,292.5,292.5,0.0,26.5,7264.5,58286.5,0.0,0.79,0.75,955.09,3.71,9.89,0.1,67.11,38.37
1788429470.613,1088.02,ndvi_acquire_gee,1,292.5,292.5,0.0,28.5,7220.4,58330.6,0.0,0.79,0.75,955.09,3.71,9.89,0.1,67.11,38.37
1788429471.114,1088.52,ndvi_acquire_gee,1,292.5,292.5,0.0,29.6,7274.2,58276.7,0.0,0.79,0.75,955.2,3.71,9.9,0.1,67.11,38.37
1788429471.616,1089.03,ndvi_acquire_gee,1,292.5,292.5,0.0,30.0,6949.7,58601.2,0.0,0.79,0.75,955.65,3.71,9.9,0.1,67.11,38.37
1788429472.117,1089.53,ndvi_acquire_gee,1,292.5,292.5,0.0,30.4,7110.8,58440.1,0.0,0.79,0.75,955.81,3.71,9.9,0.1,67.11,38.37
1788429472.618,1090.03,ndvi_acquire_gee,1,292.5,292.5,0.0,29.5,6877.5,58673.5,0.0,0.79,0.75,955.9,3.71,9.9,0.1,67.11,38.37
1788429473.12,1090.53,ndvi_acquire_gee,1,292.5,292.5,0.0,33.2,7098.4,58452.5,0.0,0.79,0.75,956.1,3.71,9.9,0.1,67.11,38.37
1788429473.621,1091.03,ndvi_acquire_gee,1,292.5,292.5,2.0,30.3,6980.7,58570.2,0.0,0.79,0.75,956.1,3.71,9.9,0.1,67.11,38.37
1788429474.122,1091.53,ndvi_acquire_gee,1,292.5,292.5,0.0,31.8,7186.4,58364.5,0.0,0.79,0.75,957.06,3.71,9.9,0.1,67.11,38.37
1788429474.623,1092.03,ndvi_acquire_gee,1,292.5,292.5,0.0,30.5,7200.2,58350.7,0.0,0.79,0.75,957.06,3.71,9.9,0.1,67.11,38.37
1788429475.124,1092.53,ndvi_acquire_gee,1,292.5,292.5,0.0,29.1,7080.4,58470.5,0.0,0.79,0.75,957.21,3.71,9.9,0.1,67.11,38.37
1788429475.626,1093.04,ndvi_acquire_gee,1,292.5,292.5,0.0,30.8,7152.4,58398.5,0.0,0.79,0.75,957.21,3.71,9.9,0.1,67.11,38.37
1788429476.127,1093.54,ndvi_acquire_gee,1,292.5,292.5,0.0,29.7,6983.9,58567.0,0.0,0.79,0.75,957.58,3.72,9.91,0.1,67.11,38.37
1788429476.628,1094.04,ndvi_acquire_gee,1,292.5,292.5,2.0,35.8,7065.0,58485.9,0.0,0.79,0.75,958.03,3.72,9.91,0.1,67.11,38.37
1788429477.13,1094.54,ndvi_acquire_gee,1,292.5,292.5,0.0,28.7,7221.2,58329.8,0.0,0.8,0.75,958.35,3.72,9.91,0.1,67.11,38.37
1788429477.631,1095.04,ndvi_acquire_gee,1,292.5,292.5,0.0,35.3,7332.7,58218.3,0.0,0.8,0.75,958.36,3.72,9.91,0.1,67.11,38.37
1788429478.133,1095.54,ndvi_acquire_gee,1,292.5,292.5,0.0,31.9,7314.0,58236.9,0.0,0.8,0.75,958.42,3.72,9.91,0.1,67.11,38.37
1788429478.634,1096.04,ndvi_acquire_gee,1,292.5,292.5,0.0,29.8,7469.8,58081.2,0.0,0.8,0.75,958.42,3.72,9.91,0.1,67.11,38.37
1788429479.135,1096.54,ndvi_acquire_gee,1,292.5,292.5,0.0,32.6,7533.6,58017.3,0.0,0.8,0.75,958.55,3.72,9.91,0.1,67.11,38.37
1788429479.636,1097.05,ndvi_acquire_gee,1,292.5,292.5,2.0,30.2,7424.9,58126.0,0.0,0.8,0.75,959.6,3.72,9.91,0.1,67.11,38.37
1788429480.137,1097.55,ndvi_acquire_gee,1,292.5,292.5,0.0,31.4,7612.6,57938.3,0.0,0.8,0.75,959.71,3.72,9.91,0.1,67.11,38.37
1788429480.638,1098.05,ndvi_acquire_gee,1,292.5,292.5,0.0,30.9,7640.0,57910.9,0.0,0.8,0.75,959.71,3.72,9.91,0.1,67.11,38.37
1788429481.14,1098.55,ndvi_acquire_gee,1,292.5,292.5,0.0,31.6,7872.4,57678.5,0.0,0.8,0.75,959.78,3.72,9.91,0.1,67.11,38.37
1788429481.641,1099.05,ndvi_acquire_gee,1,292.5,292.5,0.0,32.0,7949.7,57601.3,0.0,0.8,0.75,959.78,3.72,9.91,0.1,67.11,38.37
1788429482.142,1099.55,ndvi_acquire_gee,1,292.5,292.5,0.0,29.7,7820.6,57730.3,0.0,0.8,0.75,960.11,3.72,9.91,0.1,67.11,38.37
1788429482.643,1100.05,ndvi_acquire_gee,1,292.5,292.5,0.0,30.8,7878.5,57672.4,0.0,0.8,0.75,960.11,3.72,9.91,0.1,67.11,38.37
1788429483.145,1100.55,ndvi_acquire_gee,1,292.5,292.5,0.0,27.8,7805.1,57745.8,0.0,0.8,0.75,960.17,3.72,9.91,0.1,67.11,38.37
1788429483.646,1101.06,ndvi_acquire_gee,1,292.5,292.5,2.0,30.8,7839.6,57711.3,0.0,0.8,0.75,960.17,3.72,9.91,0.1,67.11,38.37
1788429484.147,1101.56,ndvi_acquire_gee,1,292.5,292.5,0.0,28.0,7537.2,58013.8,0.0,0.8,0.75,960.25,3.72,9.92,0.1,67.11,38.37
1788429484.648,1102.06,ndvi_acquire_gee,1,292.5,292.5,0.0,32.3,7623.5,57927.4,0.0,0.8,0.75,960.33,3.72,9.92,0.1,67.11,38.37
1788429485.15,1102.56,ndvi_acquire_gee,1,292.5,292.5,0.0,27.9,7523.6,58027.3,0.0,0.8,0.75,960.64,3.72,9.92,0.1,67.11,38.37
1788429485.651,1103.06,ndvi_acquire_gee,1,292.5,292.5,0.0,31.6,7642.2,57908.7,0.0,0.8,0.75,960.64,3.72,9.92,0.1,67.11,38.37
1788429486.152,1103.56,ndvi_acquire_gee,1,292.5,292.5,0.0,29.5,7747.3,57803.7,0.0,0.8,0.75,960.86,3.72,9.92,0.1,67.11,38.37
1788429486.653,1104.06,ndvi_acquire_gee,1,292.5,292.5,0.0,31.8,7813.5,57737.4,0.0,0.8,0.75,960.86,3.73,9.92,0.1,67.11,38.37
1788429487.155,1104.56,ndvi_acquire_gee,1,292.5,292.5,0.0,31.7,7706.8,57844.1,0.0,0.8,0.75,961.11,3.73,9.92,0.1,67.11,38.37
1788429487.656,1105.07,ndvi_acquire_gee,1,292.5,292.5,0.0,30.3,7636.3,57914.7,0.0,0.8,0.75,961.68,3.73,9.92,0.1,67.11,38.37
1788429488.157,1105.57,ndvi_acquire_gee,1,292.5,292.5,2.0,30.2,7570.1,57980.8,0.0,0.8,0.75,961.93,3.73,9.92,0.1,67.11,38.37
1788429488.658,1106.07,ndvi_acquire_gee,1,292.5,292.5,0.0,29.1,7455.4,58095.6,0.0,0.8,0.75,962.01,3.73,9.92,0.1,67.11,38.37
1788429489.159,1106.57,ndvi_acquire_gee,1,292.5,292.5,0.0,32.3,7374.9,58176.0,0.0,0.8,0.75,962.16,3.73,9.92,0.1,67.11,38.37
1788429489.66,1107.07,ndvi_acquire_gee,1,292.5,292.5,0.0,31.9,7360.1,58190.8,0.0,0.8,0.75,962.16,3.73,9.92,0.1,67.11,38.37
1788429490.162,1107.57,ndvi_acquire_gee,1,292.5,292.5,0.0,34.7,7408.6,58142.3,0.0,0.8,0.75,963.12,3.73,9.92,0.1,67.11,38.37
1788429490.663,1108.07,ndvi_acquire_gee,1,292.5,292.5,0.0,26.1,7400.4,58150.5,0.0,0.8,0.75,963.12,3.73,9.92,0.1,67.11,38.37
1788429491.165,1108.57,ndvi_acquire_gee,1,292.5,292.5,0.0,30.2,7208.6,58342.3,0.0,0.8,0.75,963.3,3.73,9.92,0.1,67.11,38.37
1788429491.666,1109.08,ndvi_acquire_gee,1,292.5,292.5,0.0,30.0,7189.1,58361.8,0.0,0.8,0.75,963.3,3.73,9.92,0.1,67.11,38.37
1788429492.167,1109.58,ndvi_acquire_gee,1,292.5,292.5,2.0,26.2,6969.2,58581.7,0.0,0.8,0.75,963.48,3.73,9.93,0.1,67.11,38.37
1788429492.668,1110.08,ndvi_acquire_gee,1,292.5,292.5,0.0,21.3,7043.6,58507.3,0.0,0.8,0.75,963.88,3.73,9.93,0.1,67.11,38.37
1788429493.169,1110.58,ndvi_acquire_gee,1,292.5,292.5,0.0,30.4,6977.2,58573.8,0.0,0.81,0.75,964.0,3.73,9.93,0.1,67.11,38.37
1788429493.671,1111.08,ndvi_acquire_gee,1,292.5,292.5,0.0,29.1,6956.2,58594.8,0.0,0.81,0.75,964.0,3.73,9.93,0.1,67.11,38.37
1788429494.172,1111.58,ndvi_acquire_gee,1,292.5,292.5,0.0,30.4,7018.8,58532.2,0.0,0.81,0.75,964.07,3.73,9.93,0.1,67.11,38.37
1788429494.673,1112.08,ndvi_acquire_gee,1,292.5,292.5,0.0,35.2,7190.6,58360.4,0.0,0.81,0.75,964.07,3.73,9.93,0.1,67.11,38.37
1788429495.174,1112.58,ndvi_acquire_gee,1,292.5,292.5,0.0,24.3,7227.7,58323.3,0.0,0.81,0.75,964.3,3.73,9.93,0.1,67.11,38.37
1788429495.676,1113.09,ndvi_acquire_gee,1,292.5,292.5,0.0,29.0,7220.5,58330.4,0.0,0.81,0.75,964.32,3.73,9.93,0.1,67.11,38.37
1788429496.177,1113.59,ndvi_acquire_gee,1,292.5,292.5,2.0,33.7,7221.8,58329.1,0.0,0.81,0.75,964.88,3.74,9.93,0.1,67.11,38.37
1788429496.678,1114.09,ndvi_acquire_gee,1,292.5,292.5,0.0,33.1,7205.9,58345.0,0.0,0.81,0.75,964.88,3.74,9.93,0.1,67.11,38.37
1788429497.18,1114.59,ndvi_acquire_gee,1,292.5,292.5,0.0,32.0,7207.6,58343.3,0.0,0.81,0.75,965.06,3.74,9.93,0.1,67.11,38.37
1788429497.681,1115.09,ndvi_acquire_gee,1,292.5,292.5,0.0,33.8,7193.0,58357.9,0.0,0.81,0.75,965.55,3.74,9.93,0.1,67.11,38.37
1788429498.182,1115.59,ndvi_acquire_gee,1,292.5,292.5,0.0,32.0,7193.7,58357.3,0.0,0.81,0.75,965.64,3.74,9.94,0.1,67.11,38.37
1788429498.683,1116.09,ndvi_acquire_gee,1,292.5,292.5,0.0,32.4,7177.9,58373.0,0.0,0.81,0.75,965.64,3.74,9.94,0.1,67.11,38.37
1788429499.184,1116.59,ndvi_acquire_gee,1,292.5,292.5,0.0,32.3,7178.9,58372.1,0.0,0.81,0.75,965.71,3.74,9.94,0.1,67.11,38.37
1788429499.686,1117.1,ndvi_acquire_gee,1,292.5,292.5,0.0,34.3,7165.3,58385.6,0.0,0.81,0.75,965.72,3.74,9.94,0.1,67.11,38.37
1788429500.187,1117.6,ndvi_acquire_gee,1,292.5,292.5,0.0,28.1,6943.9,58607.0,0.0,0.81,0.75,965.91,3.74,9.94,0.1,67.11,38.37
1788429500.688,1118.1,ndvi_acquire_gee,1,292.5,292.5,2.0,31.7,7105.1,58445.9,0.0,0.81,0.75,965.91,3.74,9.94,0.1,67.11,38.37
1788429501.19,1118.6,ndvi_acquire_gee,1,292.5,292.5,0.0,23.7,7032.3,58518.6,0.0,0.81,0.75,965.97,3.74,9.94,0.1,67.11,38.37
1788429501.691,1119.1,ndvi_acquire_gee,1,292.5,292.5,0.0,32.3,7063.6,58487.4,0.0,0.81,0.75,966.46,3.74,9.94,0.1,67.11,38.37
1788429502.193,1119.6,ndvi_acquire_gee,1,292.5,292.5,0.0,31.1,7173.7,58377.2,0.0,0.81,0.75,966.62,3.74,9.94,0.1,67.11,38.37
1788429502.694,1120.1,ndvi_acquire_gee,1,292.5,292.5,0.0,28.9,7090.3,58460.7,0.0,0.81,0.75,966.62,3.74,9.94,0.1,67.11,38.37
1788429503.195,1120.61,ndvi_acquire_gee,1,292.5,292.5,0.0,30.3,6979.5,58571.4,0.0,0.81,0.75,967.4,3.74,9.94,0.1,67.11,38.37
1788429503.697,1121.11,ndvi_acquire_gee,1,292.5,292.5,0.0,27.8,7035.8,58515.2,0.0,0.81,0.75,967.4,3.74,9.94,0.1,67.11,38.37
1788429504.198,1121.61,ndvi_acquire_gee,1,292.5,292.5,0.0,28.7,7164.7,58386.2,0.0,0.81,0.75,967.43,3.74,9.94,0.1,67.11,38.37
1788429504.699,1122.11,ndvi_acquire_gee,1,292.5,292.5,0.0,33.8,7118.8,58432.1,0.0,0.81,0.75,967.43,3.74,9.94,0.1,67.11,38.37
1788429505.2,1122.61,ndvi_acquire_gee,1,292.5,292.5,2.0,25.5,7195.5,58355.5,0.0,0.81,0.75,967.62,3.74,9.94,0.1,67.11,38.37
1788429505.702,1123.11,ndvi_acquire_gee,1,292.5,292.5,0.0,31.9,7212.4,58338.6,0.0,0.81,0.75,967.69,3.75,9.94,0.1,67.11,38.37
1788429506.203,1123.61,ndvi_acquire_gee,1,292.5,292.5,0.0,29.7,7163.6,58387.4,0.0,0.81,0.75,967.76,3.75,9.95,0.1,67.11,38.37
1788429506.705,1124.11,ndvi_acquire_gee,1,292.5,292.5,0.0,31.0,7151.0,58399.9,0.0,0.81,0.75,967.89,3.75,9.95,0.1,67.11,38.37
1788429507.206,1124.62,ndvi_acquire_gee,1,292.5,292.5,0.0,23.8,7130.0,58420.9,0.0,0.81,0.75,969.0,3.75,9.95,0.1,67.11,38.37
1788429507.707,1125.12,ndvi_acquire_gee,1,292.5,292.5,0.0,32.4,7196.0,58354.9,0.0,0.81,0.75,969.0,3.75,9.95,0.1,67.11,38.37
1788429508.209,1125.62,ndvi_acquire_gee,1,292.5,292.5,0.0,31.5,7201.0,58350.0,0.0,0.81,0.75,969.6,3.75,9.95,0.1,67.11,38.37
1788429508.71,1126.12,ndvi_acquire_gee,1,292.5,292.5,2.0,30.0,7146.7,58404.3,0.0,0.81,0.75,969.63,3.75,9.95,0.1,67.11,38.37
1788429509.211,1126.62,ndvi_acquire_gee,1,292.5,292.5,0.0,26.5,7256.3,58294.6,0.0,0.81,0.75,969.71,3.75,9.95,0.1,67.11,38.37
1788429509.712,1127.12,ndvi_acquire_gee,1,292.5,292.5,0.0,30.2,7287.1,58263.8,0.0,0.81,0.75,969.71,3.75,9.95,0.1,67.11,38.37
1788429510.214,1127.62,ndvi_acquire_gee,1,292.5,292.5,0.0,28.9,7259.8,58291.1,0.0,0.81,0.75,969.9,3.75,9.95,0.1,67.11,38.37
1788429510.715,1128.12,ndvi_acquire_gee,1,292.5,292.5,0.0,30.9,7126.8,58424.1,0.0,0.81,0.75,969.92,3.75,9.95,0.1,67.11,38.37
1788429511.216,1128.63,ndvi_acquire_gee,1,292.5,292.5,0.0,30.1,7270.8,58280.1,0.0,0.81,0.75,970.0,3.75,9.95,0.1,67.11,38.37
1788429511.718,1129.13,ndvi_acquire_gee,1,292.5,292.5,0.0,30.6,7356.8,58194.2,0.0,0.81,0.75,970.0,3.75,9.95,0.1,67.11,38.37
1788429512.219,1129.63,ndvi_acquire_gee,1,292.5,292.5,0.0,30.3,7474.4,58076.5,0.0,0.81,0.75,972.4,3.75,9.95,0.1,67.11,38.37
1788429512.721,1130.13,ndvi_acquire_gee,1,292.5,292.5,2.0,31.9,7229.5,58321.4,0.0,0.81,0.75,972.4,3.75,9.95,0.1,67.11,38.37
1788429513.222,1130.63,ndvi_acquire_gee,1,292.5,292.5,0.0,31.2,7245.6,58305.3,0.0,0.81,0.75,972.79,3.75,9.95,0.1,67.11,38.37
1788429513.723,1131.13,ndvi_acquire_gee,1,292.5,292.5,0.0,29.3,7170.3,58380.7,0.0,0.81,0.75,972.89,3.75,9.95,0.1,67.11,38.37
1788429514.225,1131.63,ndvi_acquire_gee,1,292.5,292.5,2.0,29.3,7095.2,58455.7,0.0,0.81,0.75,973.01,3.75,9.96,0.1,67.11,38.37
1788429514.726,1132.14,ndvi_acquire_gee,1,292.5,292.5,0.0,26.5,7094.2,58456.7,0.0,0.81,0.75,973.01,3.75,9.96,0.1,67.11,38.37
1788429515.228,1132.64,ndvi_acquire_gee,1,292.5,292.5,0.0,30.5,7047.6,58503.3,0.0,0.81,0.75,973.06,3.75,9.96,0.1,67.11,38.37
1788429515.729,1133.14,ndvi_acquire_gee,1,292.5,292.5,0.0,25.1,6796.6,58754.3,0.0,0.81,0.75,973.06,3.75,9.96,0.1,67.11,38.37
1788429516.23,1133.64,ndvi_acquire_gee,1,292.5,292.5,0.0,31.1,7002.1,58548.8,0.0,0.81,0.75,973.14,3.76,9.96,0.1,67.11,38.37
1788429516.732,1134.14,ndvi_acquire_gee,1,292.5,292.5,0.0,28.4,6944.6,58606.3,0.0,0.81,0.75,973.14,3.76,9.96,0.1,67.11,38.37
1788429517.233,1134.64,ndvi_acquire_gee,1,292.5,292.5,0.0,28.1,6931.0,58619.9,0.0,0.81,0.75,973.39,3.76,9.96,0.1,67.11,38.37
1788429517.734,1135.14,ndvi_acquire_gee,1,292.5,292.5,0.0,30.4,7009.7,58541.2,0.0,0.81,0.75,973.39,3.76,9.96,0.1,67.11,38.37
1788429518.235,1135.64,ndvi_acquire_gee,1,292.5,292.5,0.0,32.7,7075.1,58475.8,0.0,0.81,0.75,973.57,3.76,9.96,0.1,67.11,38.37
1788429518.736,1136.15,ndvi_acquire_gee,1,292.5,292.5,0.0,27.7,6845.1,58705.9,0.0,0.81,0.75,974.0,3.76,9.96,0.1,67.11,38.37
1788429519.238,1136.65,ndvi_acquire_gee,1,292.5,292.5,0.0,31.1,7057.4,58493.5,0.0,0.81,0.75,974.14,3.76,9.96,0.1,67.11,38.37
1788429519.739,1137.15,ndvi_acquire_gee,1,292.5,292.5,2.0,33.6,7156.7,58394.2,0.0,0.81,0.75,974.15,3.76,9.96,0.1,67.11,38.37
1788429520.24,1137.65,ndvi_acquire_gee,1,292.5,292.5,0.0,30.3,7165.6,58385.3,0.0,0.82,0.75,974.15,3.76,9.97,0.1,67.11,38.37
1788429520.741,1138.15,ndvi_acquire_gee,1,292.5,292.5,0.0,30.0,7009.4,58541.5,0.0,0.82,0.75,974.16,3.76,9.97,0.1,67.11,38.37
1788429521.242,1138.65,ndvi_acquire_gee,1,292.5,292.5,0.0,30.4,6982.6,58568.4,0.0,0.82,0.75,974.16,3.76,9.97,0.1,67.11,38.37
1788429521.744,1139.15,ndvi_acquire_gee,1,292.5,292.5,0.0,30.5,6939.5,58611.5,0.0,0.82,0.75,974.19,3.76,9.97,0.1,67.11,38.37
1788429522.245,1139.65,ndvi_acquire_gee,1,292.5,292.5,0.0,31.5,6884.2,58666.7,0.0,0.82,0.75,974.45,3.76,9.97,0.1,67.11,38.37
1788429522.746,1140.16,ndvi_acquire_gee,1,292.5,292.5,0.0,28.1,7004.5,58546.5,0.0,0.82,0.75,974.45,3.76,9.97,0.1,67.11,38.37
1788429523.247,1140.66,ndvi_acquire_gee,1,292.5,292.5,0.0,29.0,7140.7,58410.2,0.0,0.82,0.75,974.69,3.76,9.97,0.1,67.11,38.37
1788429523.748,1141.16,ndvi_acquire_gee,1,292.5,292.5,0.0,30.0,7228.5,58322.4,0.0,0.82,0.75,975.6,3.76,9.97,0.1,67.11,38.37
1788429524.25,1141.66,ndvi_acquire_gee,1,292.5,292.5,2.0,30.9,7257.4,58293.5,0.0,0.82,0.75,976.06,3.77,9.97,0.1,67.11,38.37
1788429524.751,1142.16,ndvi_acquire_gee,1,292.5,292.5,0.0,29.2,7361.7,58189.2,0.0,0.82,0.75,976.06,3.77,9.97,0.1,67.11,38.37
1788429525.252,1142.66,ndvi_acquire_gee,1,292.5,292.5,0.0,29.7,7416.0,58134.9,0.0,0.82,0.75,976.18,3.77,9.97,0.1,67.11,38.37
1788429525.754,1143.16,ndvi_acquire_gee,1,292.5,292.5,0.0,30.4,7267.8,58283.1,0.0,0.82,0.75,976.19,3.77,9.97,0.1,67.11,38.37
1788429526.255,1143.66,ndvi_acquire_gee,1,292.5,292.5,2.0,31.0,7342.2,58208.7,0.0,0.82,0.75,976.29,3.77,9.97,0.1,67.11,38.37
1788429526.756,1144.17,ndvi_acquire_gee,1,292.5,292.5,0.0,30.6,7409.6,58141.4,0.0,0.82,0.75,976.31,3.77,9.97,0.1,67.11,38.37
1788429527.257,1144.67,ndvi_acquire_gee,1,292.5,292.5,0.0,29.9,7351.9,58198.7,0.0,0.82,0.75,976.61,3.77,9.97,0.1,67.11,38.37
1788429527.759,1145.17,ndvi_acquire_gee,1,292.5,292.5,0.0,32.5,7425.9,58125.0,0.0,0.82,0.75,976.61,3.77,9.97,0.1,67.11,38.37
1788429528.26,1145.67,ndvi_acquire_gee,1,292.5,292.5,0.0,27.2,7408.8,58142.1,0.0,0.82,0.75,976.77,3.77,9.98,0.1,67.11,38.37
1788429528.761,1146.17,ndvi_acquire_gee,1,292.5,292.5,0.0,30.3,7393.0,58157.9,0.0,0.82,0.75,977.17,3.77,9.98,0.1,67.11,38.37
1788429529.263,1146.67,ndvi_acquire_gee,1,292.5,292.5,0.0,28.2,7388.7,58162.3,0.0,0.82,0.75,978.1,3.77,9.98,0.1,67.11,38.37
1788429529.764,1147.17,ndvi_acquire_gee,1,292.5,292.5,0.0,32.2,7412.9,58138.0,0.0,0.82,0.75,978.1,3.77,9.98,0.1,67.11,38.37
1788429530.265,1147.67,ndvi_acquire_gee,1,292.5,292.5,0.0,26.1,7272.1,58278.8,0.0,0.82,0.75,978.49,3.77,9.98,0.1,67.11,38.37
1788429530.766,1148.18,ndvi_acquire_gee,1,292.5,292.5,0.0,27.3,7387.4,58163.5,0.0,0.82,0.75,978.49,3.77,9.98,0.1,67.11,38.37
1788429531.268,1148.68,ndvi_acquire_gee,1,292.5,292.5,0.0,31.6,7322.1,58228.9,0.0,0.82,0.75,978.71,3.77,9.98,0.1,67.11,38.37
1788429531.769,1149.18,ndvi_acquire_gee,1,292.5,292.5,0.0,30.0,7249.1,58301.8,0.0,0.82,0.75,978.71,3.77,9.98,0.1,67.11,38.37
1788429532.27,1149.68,ndvi_acquire_gee,1,292.5,292.5,0.0,27.6,7104.6,58446.4,0.0,0.82,0.75,979.05,3.77,9.98,0.1,67.11,38.37
1788429532.771,1150.18,ndvi_acquire_gee,1,292.5,292.5,2.0,23.7,6989.7,58561.2,0.0,0.82,0.75,979.23,3.77,9.98,0.1,67.11,38.37
1788429533.273,1150.68,ndvi_acquire_gee,1,292.5,292.5,2.0,31.8,6987.9,58563.0,0.0,0.82,0.75,979.31,3.77,9.98,0.1,67.11,38.37
1788429533.774,1151.18,ndvi_acquire_gee,1,292.5,292.5,0.0,31.0,7041.4,58509.5,0.0,0.82,0.75,979.57,3.77,9.98,0.1,67.11,38.37
1788429534.276,1151.69,ndvi_acquire_gee,1,292.5,292.5,0.0,28.7,6983.9,58567.0,0.0,0.82,0.75,979.73,3.77,9.98,0.1,67.11,38.37
1788429534.777,1152.19,ndvi_acquire_gee,1,292.5,292.5,0.0,29.1,6933.3,58617.7,0.0,0.82,0.75,979.73,3.78,9.98,0.1,67.11,38.37
1788429535.278,1152.69,ndvi_acquire_gee,1,292.5,292.5,0.0,29.8,7028.4,58522.6,0.0,0.82,0.75,979.78,3.78,9.99,0.1,67.11,38.37
1788429535.78,1153.19,ndvi_acquire_gee,1,292.5,292.5,0.0,31.0,7188.3,58362.7,0.0,0.82,0.75,980.48,3.78,9.99,0.1,67.11,38.37
1788429536.281,1153.69,ndvi_acquire_gee,1,292.5,292.5,0.0,31.2,6985.2,58565.7,0.0,0.82,0.75,980.55,3.78,9.99,0.1,67.11,38.37
1788429536.782,1154.19,ndvi_acquire_gee,1,292.5,292.5,0.0,32.9,7156.0,58394.9,0.0,0.82,0.75,980.55,3.78,9.99,0.1,67.11,38.37
1788429537.283,1154.69,ndvi_acquire_gee,1,292.5,292.5,2.0,30.4,7028.1,58522.8,0.0,0.82,0.75,980.68,3.78,9.99,0.1,67.11,38.37
1788429537.785,1155.19,ndvi_acquire_gee,1,292.5,292.5,0.0,31.6,7157.9,58393.0,0.0,0.82,0.75,980.68,3.78,9.99,0.1,67.11,38.37
1788429538.286,1155.7,ndvi_acquire_gee,1,292.5,292.5,0.0,30.6,7067.9,58483.1,0.0,0.82,0.75,980.69,3.78,9.99,0.1,67.11,38.37
1788429538.787,1156.2,ndvi_acquire_gee,1,292.5,292.5,0.0,31.5,7019.5,58531.4,0.0,0.82,0.75,980.89,3.78,9.99,0.1,67.11,38.37
1788429539.289,1156.7,ndvi_acquire_gee,1,292.5,292.5,0.0,29.6,7061.0,58490.0,0.0,0.82,0.75,981.14,3.78,9.99,0.1,67.11,38.37
1788429539.79,1157.2,ndvi_acquire_gee,1,292.5,292.5,2.0,32.4,7000.1,58550.8,0.0,0.82,0.75,981.14,3.78,9.99,0.1,67.11,38.37
1788429540.292,1157.7,ndvi_acquire_gee,1,292.5,292.5,0.0,28.5,7186.2,58364.7,0.0,0.82,0.75,981.28,3.78,9.99,0.1,67.11,38.37
1788429540.793,1158.2,ndvi_acquire_gee,1,292.5,292.5,0.0,31.8,7120.8,58430.1,0.0,0.82,0.75,981.64,3.78,9.99,0.1,67.11,38.37
1788429541.294,1158.7,ndvi_acquire_gee,1,292.5,292.5,0.0,30.8,7157.6,58393.3,0.0,0.82,0.75,981.73,3.79,10.0,0.1,67.11,38.37
1788429541.795,1159.21,ndvi_acquire_gee,1,292.5,292.5,0.0,32.9,7192.3,58358.6,0.0,0.82,0.75,981.73,3.79,10.0,0.1,67.11,38.37
1788429542.297,1159.71,ndvi_acquire_gee,1,292.5,292.5,0.0,30.7,7245.9,58305.0,0.0,0.82,0.75,982.15,3.79,10.0,0.1,67.11,38.37
1788429542.798,1160.21,ndvi_acquire_gee,1,292.5,292.5,0.0,29.4,7364.9,58186.1,0.0,0.82,0.75,982.15,3.79,10.0,0.1,67.11,38.37
1788429543.3,1160.71,ndvi_acquire_gee,1,292.5,292.5,0.0,29.7,7229.9,58321.0,0.0,0.82,0.75,982.23,3.79,10.0,0.1,67.11,38.37
1788429543.801,1161.21,ndvi_acquire_gee,1,292.5,292.5,2.0,30.1,7355.9,58195.1,0.0,0.82,0.75,982.38,3.79,10.0,0.1,67.11,38.37
1788429544.302,1161.71,ndvi_acquire_gee,1,292.5,292.5,0.0,31.7,7437.7,58113.2,0.0,0.82,0.75,982.59,3.79,10.0,0.1,67.11,38.37
1788429544.803,1162.21,ndvi_acquire_gee,1,292.5,292.5,0.0,32.2,7358.5,58192.4,0.0,0.82,0.75,982.59,3.79,10.0,0.1,67.11,38.37
1788429545.305,1162.71,ndvi_acquire_gee,1,292.5,292.5,0.0,32.3,7473.1,58077.8,0.0,0.82,0.75,982.59,3.79,10.0,0.1,67.11,38.37
1788429545.806,1163.22,ndvi_acquire_gee,1,292.5,292.5,0.0,28.5,7375.5,58175.5,0.0,0.82,0.75,982.59,3.79,10.0,0.1,67.11,38.37
1788429546.308,1163.72,ndvi_acquire_gee,1,292.5,292.5,0.0,31.7,7547.9,58003.0,0.0,0.82,0.75,982.88,3.79,10.0,0.1,67.11,38.37
1788429546.809,1164.22,ndvi_acquire_gee,1,292.5,292.5,0.0,32.0,7337.5,58213.4,0.0,0.82,0.75,982.88,3.79,10.0,0.1,67.11,38.37
1788429547.31,1164.72,ndvi_acquire_gee,1,292.5,292.5,0.0,33.6,7298.8,58252.2,0.0,0.82,0.75,983.33,3.79,10.0,0.1,67.11,38.37
1788429547.811,1165.22,ndvi_acquire_gee,1,292.5,292.5,2.0,33.8,7335.7,58215.2,0.0,0.82,0.75,983.33,3.79,10.0,0.1,67.11,38.37
1788429548.312,1165.72,ndvi_acquire_gee,1,292.5,292.5,0.0,28.8,7104.6,58446.3,0.0,0.82,0.75,983.6,3.79,10.0,0.1,67.11,38.37
1788429548.814,1166.22,ndvi_acquire_gee,1,292.5,292.5,0.0,32.8,7176.1,58374.8,0.0,0.82,0.75,983.6,3.79,10.0,0.1,67.11,38.37
1788429549.315,1166.73,ndvi_acquire_gee,1,292.5,292.5,0.0,26.7,7135.7,58415.2,0.0,0.82,0.75,983.92,3.79,10.01,0.1,67.11,38.37
1788429549.816,1167.23,ndvi_acquire_gee,1,292.5,292.5,0.0,34.1,7300.7,58250.2,0.0,0.82,0.75,983.92,3.79,10.01,0.1,67.11,38.37
1788429550.318,1167.73,ndvi_acquire_gee,1,292.5,292.5,0.0,32.4,7303.6,58247.3,0.0,0.82,0.75,983.98,3.79,10.01,0.1,67.11,38.37
1788429550.819,1168.23,ndvi_acquire_gee,1,292.5,292.5,0.0,31.0,7354.2,58196.7,0.0,0.83,0.75,984.1,3.79,10.01,0.1,67.11,38.37
1788429551.32,1168.73,ndvi_acquire_gee,1,292.5,292.5,0.0,31.9,7321.6,58229.3,0.0,0.83,0.75,984.1,3.79,10.01,0.1,67.11,38.37
1788429551.821,1169.23,ndvi_acquire_gee,1,292.5,292.5,0.0,29.0,7257.1,58293.8,0.0,0.83,0.75,984.56,3.79,10.01,0.1,67.11,38.37
1788429552.323,1169.73,ndvi_acquire_gee,1,292.5,292.5,2.0,31.6,7175.6,58375.3,0.0,0.83,0.75,984.88,3.8,10.01,0.1,67.11,38.37
1788429552.824,1170.23,ndvi_acquire_gee,1,292.5,292.5,0.0,31.5,7081.7,58469.3,0.0,0.83,0.75,985.05,3.8,10.01,0.1,67.11,38.37
1788429553.325,1170.74,ndvi_acquire_gee,1,292.5,292.5,0.0,30.3,7191.1,58359.8,0.0,0.83,0.75,985.21,3.8,10.01,0.1,67.11,38.37
1788429553.827,1171.24,ndvi_acquire_gee,1,292.5,292.5,0.0,29.9,7216.9,58334.1,0.0,0.83,0.75,985.27,3.8,10.01,0.1,67.11,38.37
1788429554.328,1171.74,ndvi_acquire_gee,1,292.5,292.5,0.0,30.9,7352.5,58198.5,0.0,0.83,0.75,985.45,3.8,10.01,0.1,67.11,38.37
1788429554.83,1172.24,ndvi_acquire_gee,1,292.5,292.5,0.0,30.5,7385.3,58165.6,0.0,0.83,0.75,985.48,3.8,10.01,0.1,67.11,38.37
1788429555.331,1172.74,ndvi_acquire_gee,1,292.5,292.5,0.0,29.7,7279.0,58272.0,0.0,0.83,0.75,985.56,3.8,10.01,0.1,67.11,38.37
1788429555.832,1173.24,ndvi_acquire_gee,1,292.5,292.5,2.0,31.3,7417.1,58133.8,0.0,0.83,0.75,985.58,3.8,10.01,0.1,67.11,38.37
1788429556.334,1173.74,ndvi_acquire_gee,1,292.5,292.5,0.0,30.3,7177.7,58373.3,0.0,0.83,0.75,985.66,3.8,10.01,0.1,67.11,38.37
1788429556.835,1174.25,ndvi_acquire_gee,1,292.5,292.5,0.0,40.4,7237.0,58314.0,0.0,0.83,0.75,985.71,3.8,10.01,0.1,67.11,38.37
1788429557.337,1174.75,ndvi_acquire_gee,1,292.5,292.5,0.0,37.3,7304.6,58246.4,0.0,0.83,0.75,986.03,3.8,10.02,0.1,67.11,38.37
1788429557.838,1175.25,ndvi_acquire_gee,1,292.5,292.5,0.0,27.7,7290.0,58261.0,0.0,0.83,0.75,986.03,3.8,10.02,0.1,67.11,38.37
1788429558.339,1175.75,ndvi_acquire_gee,1,292.5,292.5,0.0,31.2,7333.8,58217.1,0.0,0.83,0.75,986.12,3.8,10.02,0.1,67.11,38.37
1788429558.841,1176.25,ndvi_acquire_gee,1,292.5,292.5,0.0,34.7,7415.4,58135.6,0.0,0.83,0.75,986.12,3.8,10.02,0.1,67.11,38.37
1788429559.342,1176.75,ndvi_acquire_gee,1,292.5,292.5,2.0,29.9,7417.2,58133.8,0.0,0.83,0.75,986.19,3.8,10.02,0.1,67.11,38.37
1788429559.843,1177.25,ndvi_acquire_gee,1,292.5,292.5,0.0,34.7,7409.1,58141.8,0.0,0.83,0.75,986.26,3.8,10.02,0.1,67.11,38.37
1788429560.344,1177.75,ndvi_acquire_gee,1,292.5,292.5,0.0,34.5,7409.1,58141.8,0.0,0.83,0.75,986.32,3.81,10.02,0.1,67.11,38.37
1788429560.846,1178.26,ndvi_acquire_gee,1,292.5,292.5,0.0,34.2,7400.6,58150.4,0.0,0.83,0.75,986.43,3.81,10.02,0.1,67.11,38.37
1788429561.347,1178.76,ndvi_acquire_gee,1,292.5,292.5,0.0,34.2,7400.8,58150.1,0.0,0.83,0.75,986.48,3.81,10.02,0.1,67.11,38.37
1788429561.848,1179.26,ndvi_acquire_gee,1,292.5,292.5,0.0,34.2,7384.7,58166.2,0.0,0.83,0.75,986.48,3.81,10.02,0.1,67.11,38.37
1788429562.349,1179.76,ndvi_acquire_gee,1,292.5,292.5,0.0,35.0,7384.7,58166.2,0.0,0.83,0.75,987.68,3.81,10.02,0.1,67.11,38.37
1788429562.85,1180.26,ndvi_acquire_gee,1,292.5,292.5,0.0,34.0,7368.1,58182.8,0.0,0.83,0.75,987.82,3.81,10.02,0.1,67.11,38.37
1788429563.352,1180.76,ndvi_acquire_gee,1,292.5,292.5,2.0,34.5,7363.4,58187.5,0.0,0.83,0.75,987.99,3.81,10.03,0.1,67.11,38.37
1788429563.853,1181.26,ndvi_acquire_gee,1,292.5,292.5,0.0,32.4,7032.2,58518.8,0.0,0.83,0.75,988.13,3.81,10.03,0.1,67.11,38.37
1788429564.354,1181.76,ndvi_acquire_gee,1,292.5,292.5,0.0,18.8,7085.3,58465.6,0.0,0.83,0.75,988.21,3.81,10.03,0.1,67.11,38.37
1788429564.855,1182.27,ndvi_acquire_gee,1,292.5,292.5,0.0,18.4,7121.9,58429.0,0.0,0.83,0.75,988.56,3.81,10.03,0.1,67.11,38.37
1788429565.357,1182.77,ndvi_acquire_gee,1,292.5,292.5,0.0,29.8,7254.5,58296.4,0.0,0.83,0.75,988.65,3.81,10.03,0.1,67.11,38.37
1788429565.858,1183.27,ndvi_acquire_gee,1,292.5,292.5,0.0,27.8,6998.7,58552.2,0.0,0.83,0.75,988.73,3.81,10.03,0.1,67.11,38.37
1788429566.359,1183.77,ndvi_acquire_gee,1,292.5,292.5,0.0,18.4,7056.0,58495.0,0.0,0.83,0.75,988.8,3.81,10.03,0.1,67.11,38.37
1788429566.86,1184.27,ndvi_acquire_gee,1,292.5,292.5,0.0,34.0,7138.0,58413.0,0.0,0.83,0.75,988.85,3.81,10.03,0.1,67.11,38.37
1788429567.362,1184.77,ndvi_acquire_gee,1,292.5,292.5,0.0,29.8,6950.7,58600.6,0.0,0.83,0.75,989.09,3.81,10.03,0.1,67.11,38.37
1788429567.863,1185.27,ndvi_acquire_gee,1,292.5,292.5,0.0,34.7,7044.6,58506.4,0.0,0.83,0.75,989.09,3.81,10.03,0.1,67.11,38.37
1788429568.364,1185.77,ndvi_acquire_gee,1,292.5,292.5,2.0,31.2,6970.1,58580.8,0.0,0.83,0.75,989.29,3.81,10.03,0.1,67.11,38.37
1788429568.865,1186.28,ndvi_acquire_gee,1,292.5,292.5,0.0,32.3,6897.7,58653.2,0.0,0.83,0.75,989.29,3.81,10.03,0.1,67.11,38.37
1788429569.367,1186.78,ndvi_acquire_gee,1,292.5,292.5,0.0,30.5,6950.6,58600.3,0.0,0.83,0.75,989.37,3.81,10.03,0.1,67.11,38.37
1788429569.868,1187.28,ndvi_acquire_gee,1,292.5,292.5,0.0,31.7,7140.1,58410.8,0.0,0.83,0.75,989.5,3.81,10.03,0.1,67.11,38.37
1788429570.37,1187.78,ndvi_acquire_gee,1,292.5,292.5,0.0,30.8,6950.6,58600.4,0.0,0.83,0.75,989.55,3.81,10.03,0.1,67.11,38.37
1788429570.871,1188.28,ndvi_acquire_gee,1,292.5,292.5,0.0,30.7,7130.1,58420.9,0.0,0.83,0.75,989.55,3.82,10.03,0.1,67.11,38.37
1788429571.373,1188.78,ndvi_acquire_gee,1,292.5,292.5,0.0,35.1,7023.4,58527.5,0.0,0.83,0.75,989.63,3.82,10.04,0.1,67.11,38.37
1788429571.874,1189.28,ndvi_acquire_gee,1,292.5,292.5,0.0,24.5,7132.8,58418.1,0.0,0.83,0.75,989.63,3.82,10.04,0.1,67.11,38.37
1788429572.376,1189.79,ndvi_acquire_gee,1,292.5,292.5,0.0,25.2,7170.4,58380.6,0.0,0.83,0.75,989.79,3.82,10.04,0.1,67.11,38.37
1788429572.877,1190.29,ndvi_acquire_gee,1,292.5,292.5,0.0,17.1,7153.3,58397.7,0.0,0.83,0.75,989.79,3.82,10.04,0.1,67.11,38.37
1788429573.378,1190.79,ndvi_acquire_gee,1,292.5,292.5,0.0,20.3,7200.8,58350.1,0.0,0.83,0.75,992.55,3.82,10.04,0.1,67.11,38.37
1788429573.88,1191.29,ndvi_acquire_gee,1,292.5,292.5,2.0,31.3,7241.9,58309.1,0.0,0.83,0.75,992.55,3.82,10.04,0.1,67.11,38.37
1788429574.381,1191.79,ndvi_acquire_gee,1,292.5,292.5,0.0,28.9,7039.0,58511.9,0.0,0.83,0.75,992.65,3.82,10.04,0.1,67.11,38.37
1788429574.882,1192.29,ndvi_acquire_gee,1,292.5,292.5,0.0,29.1,7049.1,58501.8,0.0,0.84,0.75,992.65,3.82,10.04,0.1,67.11,38.37
1788429575.384,1192.79,ndvi_acquire_gee,1,292.5,292.5,0.0,29.6,7211.1,58339.8,0.0,0.84,0.75,992.77,3.82,10.04,0.1,67.11,38.37
1788429575.885,1193.29,ndvi_acquire_gee,1,292.5,292.5,2.0,30.8,7275.0,58275.9,0.0,0.84,0.75,992.87,3.82,10.04,0.1,67.11,38.37
1788429576.386,1193.8,ndvi_acquire_gee,1,292.5,292.5,0.0,32.3,7199.4,58351.5,0.0,0.84,0.75,992.96,3.82,10.04,0.1,67.11,38.37
1788429576.887,1194.3,ndvi_acquire_gee,1,292.5,292.5,0.0,30.2,7183.5,58367.5,0.0,0.84,0.75,992.97,3.82,10.04,0.1,67.11,38.37
1788429577.389,1194.8,ndvi_acquire_gee,1,292.5,292.5,0.0,31.7,7199.5,58351.4,0.0,0.84,0.75,992.97,3.82,10.04,0.1,67.11,38.37
1788429577.89,1195.3,ndvi_acquire_gee,1,292.5,292.5,0.0,31.3,7054.5,58496.4,0.0,0.84,0.75,993.22,3.82,10.04,0.1,67.11,38.37
1788429578.392,1195.8,ndvi_acquire_gee,1,292.5,292.5,0.0,31.3,7192.6,58358.3,0.0,0.84,0.75,993.39,3.82,10.05,0.1,67.11,38.37
1788429578.893,1196.3,ndvi_acquire_gee,1,292.5,292.5,0.0,29.2,7029.3,58521.7,0.0,0.84,0.75,993.96,3.82,10.05,0.1,67.11,38.37
1788429579.395,1196.8,ndvi_acquire_gee,1,292.5,292.5,0.0,29.4,7169.4,58381.6,0.0,0.84,0.75,994.21,3.82,10.05,0.1,67.11,38.37
1788429579.897,1197.31,ndvi_acquire_gee,1,292.5,292.5,0.0,29.9,6990.6,58560.3,0.0,0.84,0.75,994.21,3.82,10.05,0.1,67.11,38.37
1788429580.399,1197.81,ndvi_acquire_gee,1,292.5,292.5,0.0,28.2,7015.1,58535.9,0.0,0.84,0.75,994.25,3.83,10.05,0.1,67.11,38.37
1788429580.9,1198.31,ndvi_acquire_gee,1,292.5,292.5,2.0,30.4,7043.9,58507.0,0.0,0.84,0.75,994.26,3.84,10.05,0.1,67.11,38.37
1788429581.401,1198.81,ndvi_acquire_gee,1,294.3,294.3,8.0,28.7,6896.1,58654.8,0.0,0.84,0.75,994.33,3.87,10.08,0.1,67.11,38.37
1788429581.902,1199.31,ndvi_acquire_gee,1,294.5,294.5,2.0,26.1,6893.8,58657.1,0.0,0.84,0.75,994.33,4.18,10.08,0.1,67.11,38.37
1788429582.404,1199.81,ndvi_acquire_gee,1,295.5,295.5,4.0,34.6,7000.2,58550.7,0.0,0.84,0.75,994.54,5.45,10.11,0.1,67.11,38.37
1788429582.905,1200.31,ndvi_acquire_gee,1,308.4,308.4,14.0,33.1,6978.5,58572.4,0.0,0.84,0.75,994.54,13.99,10.23,0.1,67.11,38.37
1788429583.406,1200.82,ndvi_acquire_gee,1,305.2,305.2,35.9,35.6,7127.6,58423.3,0.0,34.39,0.75,994.87,43.54,10.43,0.1,67.14,38.33
1788429583.908,1201.32,ndvi_acquire_gee,1,299.7,299.7,6.0,31.1,7105.0,58446.0,0.0,42.78,0.75,994.87,46.71,10.46,0.1,67.15,38.33
1788429584.409,1201.82,ndvi_acquire_gee,1,299.7,299.7,2.0,31.9,7204.1,58346.9,0.0,42.78,0.75,995.02,47.77,10.46,0.1,67.15,38.33
1788429584.91,1202.32,ndvi_acquire_gee,1,303.8,303.8,8.0,29.3,7068.1,58482.9,0.0,42.78,0.75,995.14,54.68,10.52,0.1,67.15,38.33
1788429585.411,1202.82,ndvi_acquire_gee,1,321.4,321.4,20.0,29.5,7030.3,58520.6,0.0,59.56,0.75,995.19,74.21,10.65,0.1,67.17,38.31
1788429585.912,1203.32,ndvi_acquire_gee,1,336.0,336.0,16.0,36.4,7122.9,58428.0,0.0,84.73,0.75,995.19,89.04,10.73,0.1,67.19,38.28
1788429586.413,1203.82,ndvi_acquire_gee,1,336.0,336.0,0.0,32.6,7135.6,58415.4,0.0,84.73,0.75,995.23,89.74,10.74,84.0,67.19,38.28
1788429586.915,1204.32,ndvi_acquire_gee,1,336.0,336.0,6.0,31.1,7195.0,58355.9,0.0,84.73,0.75,995.23,94.63,10.77,84.0,67.19,38.28
1788429587.416,1204.83,ndvi_acquire_gee,1,335.9,335.9,4.0,30.9,7227.3,58323.7,0.0,91.8,0.75,995.42,96.04,10.78,84.0,67.2,38.28
1788429587.917,1205.33,ndvi_acquire_gee,1,335.9,335.9,2.0,31.8,7149.5,58401.4,0.0,91.8,0.75,995.45,96.29,10.79,84.0,67.2,38.28
1788429588.418,1205.83,ndvi_acquire_gee,1,335.9,335.9,2.0,28.1,7172.0,58379.0,0.0,91.8,0.75,995.59,97.12,10.8,84.0,67.2,38.28
1788429588.92,1206.33,ndvi_acquire_gee,1,335.9,335.9,4.0,32.4,7096.8,58453.8,0.0,91.8,0.75,995.62,100.87,10.83,84.0,67.2,38.28
1788429589.421,1206.83,ndvi_acquire_gee,1,335.9,335.9,22.0,33.3,7071.0,58479.9,0.0,100.19,0.75,996.13,120.6,10.97,84.0,67.21,38.27
1788429589.922,1207.33,ndvi_acquire_gee,1,335.9,335.9,16.0,34.3,7028.6,58522.4,0.0,125.35,0.75,996.23,136.22,11.09,84.0,67.23,38.24
1788429590.424,1207.83,ndvi_acquire_gee,1,335.9,335.9,4.0,34.4,7174.8,58376.2,0.0,133.74,0.75,996.28,139.19,11.11,84.0,67.24,38.23
1788429590.925,1208.33,ndvi_acquire_gee,1,335.9,335.9,4.0,18.5,6971.7,58579.3,0.0,133.75,0.75,996.4,141.61,11.13,84.0,67.24,38.23
1788429591.427,1208.84,ndvi_acquire_gee,1,335.9,335.9,16.0,23.9,6980.8,58570.2,0.0,142.14,0.75,996.41,155.72,11.24,141.4,67.25,38.23
1788429591.928,1209.34,ndvi_acquire_gee,1,335.9,335.9,18.0,35.6,6952.6,58598.4,0.0,158.91,0.75,996.56,176.8,11.38,141.4,67.27,38.21
1788429592.429,1209.84,ndvi_acquire_gee,1,335.9,335.9,6.0,32.7,6944.6,58606.4,0.0,175.69,0.75,996.56,181.45,11.41,141.4,67.28,38.19
1788429592.93,1210.34,ndvi_acquire_gee,1,335.9,335.9,4.0,32.5,6925.5,58625.5,0.0,175.69,0.75,996.78,183.14,11.43,141.4,67.28,38.19
1788429593.431,1210.84,ndvi_acquire_gee,1,335.9,335.9,12.0,32.2,6906.6,58644.3,0.0,184.08,0.75,996.85,194.23,11.5,141.4,67.29,38.18
1788429593.933,1211.34,ndvi_acquire_gee,1,335.9,335.9,6.0,32.1,6971.6,58579.3,0.0,194.53,0.75,996.85,200.14,11.55,141.4,67.3,38.17
1788429594.435,1211.84,ndvi_acquire_gee,1,335.9,335.9,0.0,32.8,7141.2,58409.7,0.0,194.53,0.75,996.85,200.14,11.55,141.4,67.3,38.17
1788429594.936,1212.35,ndvi_acquire_gee,1,335.9,335.9,0.0,28.1,7205.0,58345.9,0.0,194.53,0.75,996.85,200.24,11.56,141.4,67.3,38.17
1788429595.437,1212.85,ndvi_acquire_gee,1,335.9,335.9,2.0,31.1,7325.5,58225.5,0.0,194.53,0.75,997.26,200.71,11.56,141.4,67.3,38.17
1788429595.938,1213.35,ndvi_acquire_gee,1,335.9,335.9,2.0,30.0,7431.8,58119.1,0.0,195.7,0.75,997.38,201.33,11.57,141.4,67.3,38.17
1788429596.439,1213.85,ndvi_acquire_gee,1,335.9,335.9,2.0,31.2,7497.5,58053.5,0.0,195.7,0.75,997.39,201.33,11.58,195.0,67.3,38.17
1788429596.941,1214.35,ndvi_acquire_gee,1,335.9,335.9,2.0,29.6,7367.9,58183.0,0.0,195.7,0.75,997.57,201.66,11.58,195.0,67.3,38.17
1788429597.442,1214.85,ndvi_acquire_gee,1,335.9,335.9,4.0,30.7,7522.8,58028.2,0.0,195.7,0.75,997.57,203.15,11.59,195.0,67.3,38.17
1788429597.944,1215.35,ndvi_acquire_gee,1,335.9,335.9,10.0,35.2,7636.9,57914.0,0.0,195.7,0.75,997.63,212.97,11.68,195.0,67.3,38.17
1788429598.445,1215.85,ndvi_acquire_gee,1,335.9,335.9,29.9,33.2,7659.8,57891.2,0.0,229.25,0.75,997.73,241.54,11.88,195.0,67.34,38.14
1788429598.946,1216.36,ndvi_acquire_gee,1,335.9,335.9,4.0,29.4,7530.8,58020.1,0.0,237.64,0.75,997.85,244.14,11.9,195.0,67.34,38.13
1788429599.447,1216.86,ndvi_acquire_gee,1,335.9,335.9,2.0,21.2,7351.9,58199.1,0.0,237.64,0.75,997.85,244.84,11.9,195.0,67.34,38.13
1788429599.949,1217.36,ndvi_acquire_gee,1,335.9,335.9,6.0,24.6,7321.3,58229.6,0.0,237.64,0.75,997.9,248.66,11.93,195.0,67.34,38.13
1788429600.45,1217.86,ndvi_acquire_gee,1,335.9,335.9,26.0,32.1,7402.5,58148.4,0.0,254.42,0.75,998.09,274.61,12.11,195.0,67.36,38.11
1788429600.951,1218.36,ndvi_acquire_gee,1,335.9,335.9,12.0,32.4,7389.0,58161.9,0.0,271.2,0.75,998.17,286.24,12.19,195.0,67.38,38.1
1788429601.452,1218.86,ndvi_acquire_gee,1,335.9,335.9,2.0,32.9,7531.1,58019.8,0.0,279.58,0.75,998.49,286.92,12.19,278.8,67.39,38.09
1788429601.954,1219.36,ndvi_acquire_gee,1,335.9,335.9,2.0,30.5,7397.5,58153.4,0.0,279.85,0.75,998.73,288.91,12.21,278.8,67.39,38.09
1788429602.455,1219.86,ndvi_acquire_gee,1,335.9,335.9,12.0,29.9,7398.5,58152.4,0.0,279.85,0.75,998.73,299.67,12.28,278.8,67.39,38.09
1788429602.956,1220.37,ndvi_acquire_gee,1,335.9,335.9,8.0,30.3,7214.4,58336.5,0.0,296.63,0.75,998.8,308.07,12.33,278.8,67.4,38.07
1788429603.457,1220.87,ndvi_acquire_gee,1,335.9,335.9,4.0,34.1,7300.4,58250.5,0.0,305.02,0.75,998.86,312.09,12.36,278.8,67.41,38.06
1788429603.958,1221.37,ndvi_acquire_gee,1,335.9,335.9,0.0,29.1,7174.0,58376.9,0.0,305.02,0.75,998.98,312.09,12.36,278.8,67.41,38.06
1788429604.459,1221.87,ndvi_acquire_gee,1,335.9,335.9,2.0,34.9,7174.0,58376.9,0.0,305.02,0.75,999.0,312.1,12.37,278.8,67.41,38.06
1788429604.961,1222.37,ndvi_acquire_gee,1,335.9,335.9,2.0,30.1,7003.6,58547.3,0.0,305.02,0.75,999.06,312.42,12.37,278.8,67.41,38.06
1788429605.462,1222.87,ndvi_acquire_gee,1,335.9,335.9,2.0,31.7,7168.9,58382.0,0.0,305.02,0.75,999.08,313.58,12.38,278.8,67.41,38.06
1788429605.963,1223.37,ndvi_acquire_gee,1,335.9,335.9,8.0,33.7,7084.8,58466.1,0.0,305.02,0.75,999.16,319.94,12.44,278.8,67.41,38.06
1788429606.465,1223.87,ndvi_acquire_gee,1,335.9,335.9,33.9,36.0,7163.3,58387.3,0.0,330.19,0.75,999.16,351.18,12.67,337.8,67.44,38.04
1788429606.968,1224.38,ndvi_acquire_gee,1,335.9,335.9,6.0,32.0,7150.9,58400.1,0.0,346.96,0.75,1000.73,354.9,12.7,337.8,67.45,38.02
1788429607.469,1224.88,ndvi_acquire_gee,1,335.9,335.9,0.0,29.5,7228.2,58322.7,0.0,346.96,0.75,1000.73,355.58,12.7,337.8,67.45,38.02
1788429607.97,1225.38,ndvi_acquire_gee,1,335.9,335.9,6.0,33.6,7307.9,58243.1,0.0,346.96,0.75,1000.99,359.51,12.73,337.8,67.45,38.02
1788429608.472,1225.88,ndvi_acquire_gee,1,335.9,335.9,23.9,34.0,7183.3,58367.7,0.0,355.35,0.75,1001.1,380.92,12.88,337.8,67.46,38.01
1788429608.973,1226.38,ndvi_acquire_gee,1,335.9,335.9,16.0,35.5,7158.9,58391.9,0.0,388.91,0.75,1001.24,397.22,12.98,337.8,67.5,37.98
1788429609.474,1226.88,ndvi_acquire_gee,1,335.9,335.9,2.0,32.4,6860.6,58690.3,0.0,388.91,0.75,1001.27,397.68,12.99,337.8,67.5,37.98
1788429609.976,1227.39,ndvi_acquire_gee,1,335.9,335.9,4.0,33.3,7041.6,58509.3,0.0,388.91,0.75,1001.32,399.83,13.0,337.8,67.5,37.98
1788429610.477,1227.89,ndvi_acquire_gee,1,335.9,335.9,12.0,33.1,7199.1,58351.9,0.0,390.73,0.75,1001.39,411.67,13.08,337.8,67.5,37.98
1788429610.978,1228.39,ndvi_acquire_gee,1,335.9,335.9,12.0,33.2,7062.6,58488.4,0.0,415.9,0.75,1001.58,424.42,13.15,337.8,67.52,37.95
1788429611.479,1228.89,ndvi_acquire_gee,1,335.9,335.9,0.0,30.5,7143.7,58407.2,0.0,415.9,0.75,1001.65,424.42,13.16,415.1,67.52,37.95
1788429611.981,1229.39,ndvi_acquire_gee,1,335.9,335.9,0.0,30.7,7288.6,58262.3,0.0,415.9,0.75,1001.85,424.42,13.16,415.1,67.52,37.95
1788429612.482,1229.89,ndvi_acquire_gee,1,335.9,335.9,2.0,31.8,7377.4,58173.6,0.0,415.9,0.75,1001.85,424.47,13.16,415.1,67.52,37.95
1788429612.983,1230.39,ndvi_acquire_gee,1,335.9,335.9,0.0,30.6,7290.9,58260.0,0.0,415.9,0.75,1001.92,424.75,13.16,415.1,67.52,37.95
1788429613.484,1230.89,ndvi_acquire_gee,1,335.9,335.9,2.0,33.1,7417.1,58133.9,0.0,415.9,0.75,1001.98,426.96,13.18,415.1,67.52,37.95
1788429613.985,1231.4,ndvi_acquire_gee,1,335.9,335.9,4.0,30.2,7501.8,58049.1,0.0,420.27,0.75,1002.18,428.86,13.2,415.1,67.53,37.95
1788429614.487,1231.9,ndvi_acquire_gee,1,335.9,335.9,0.0,32.4,7439.1,58111.8,0.0,420.27,0.75,1002.18,428.86,13.2,415.1,67.53,37.95
1788429614.988,1232.4,ndvi_acquire_gee,1,335.9,335.9,2.0,32.3,7386.6,58164.3,0.0,420.27,0.75,1002.31,428.86,13.2,415.1,67.53,37.95
1788429615.49,1232.9,ndvi_acquire_gee,1,335.9,335.9,0.0,31.8,7501.1,58049.8,0.0,420.27,0.75,1002.31,428.96,13.21,415.1,67.53,37.95
1788429615.991,1233.4,ndvi_acquire_gee,1,335.9,335.9,0.0,32.2,7528.0,58023.0,0.0,420.27,0.75,1002.48,429.56,13.21,415.1,67.53,37.95
1788429616.492,1233.9,ndvi_acquire_gee,1,335.9,335.9,6.0,29.6,7483.1,58067.8,0.0,420.27,0.75,1093.46,433.6,13.24,419.5,67.53,37.95
1788429616.993,1234.4,ndvi_acquire_gee,1,335.9,335.9,2.0,32.9,7514.7,58036.2,0.0,426.34,0.75,1093.6,435.05,13.26,419.5,67.53,37.94
1788429617.495,1234.9,ndvi_acquire_gee,1,335.9,335.9,2.0,28.1,7327.7,58223.2,0.0,426.34,0.75,1094.27,435.05,13.26,419.5,67.53,37.94
1788429617.996,1235.41,ndvi_acquire_gee,1,335.9,335.9,0.0,33.6,7385.4,58165.6,0.0,426.34,0.75,1094.39,435.09,13.26,419.5,67.53,37.94
1788429618.497,1235.91,ndvi_acquire_gee,1,335.9,335.9,2.0,30.3,7324.9,58226.1,0.0,426.34,0.75,1094.42,435.4,13.27,419.5,67.53,37.94
1788429618.998,1236.41,ndvi_acquire_gee,1,335.9,335.9,4.0,33.7,7350.2,58200.7,0.0,426.34,0.75,1095.39,437.14,13.28,419.5,67.53,37.94
1788429619.499,1236.91,ndvi_acquire_gee,1,335.9,335.9,10.0,29.2,7387.6,58163.4,0.0,430.15,0.75,1095.44,448.2,13.37,419.5,67.54,37.94
1788429620.023,1237.43,ndvi_stage,8,745.1,335.9,332.3,68.2,7363.2,58187.7,0.0,446.93,0.75,1095.6,455.98,13.41,419.5,67.55,37.92
1788429620.525,1237.93,ndvi_stage,8,1282.1,335.9,576.0,100.0,7598.6,57952.3,0.0,446.93,0.75,1095.66,455.98,13.41,419.5,67.55,37.92
1788429621.027,1238.44,ndvi_stage,8,1498.1,335.9,583.8,99.7,7645.6,57905.3,0.0,446.93,0.75,1095.77,455.98,13.41,419.5,67.55,37.92
1788429621.529,1238.94,ndvi_stage,8,2350.4,501.8,542.0,95.8,8248.4,57302.5,0.0,446.93,0.75,1198.55,455.98,13.41,446.2,67.55,37.92
1788429622.034,1239.44,ndvi_stage,8,3953.9,637.7,582.0,98.3,9912.6,55638.4,0.0,446.94,0.75,1198.8,455.98,13.41,446.2,67.55,37.92
1788429622.544,1239.95,ndvi_stage,8,4087.1,637.8,580.4,100.0,10120.1,55430.8,0.0,446.94,0.75,1198.94,455.98,13.42,446.2,67.55,37.92
1788429623.054,1240.46,ndvi_stage,8,4097.6,637.8,582.4,97.5,10179.2,55371.8,0.0,446.94,0.75,1199.57,455.98,13.42,446.2,67.55,37.92
1788429623.556,1240.97,ndvi_stage,8,4083.3,637.8,589.4,99.0,10138.8,55412.1,0.0,446.95,0.75,1199.57,455.98,13.42,446.2,67.55,37.92
1788429624.078,1241.49,ndvi_stage,8,4071.4,637.9,482.9,90.4,10270.0,55280.9,0.0,446.96,0.75,1199.69,455.98,13.42,446.2,67.55,37.92
1788429624.581,1241.99,ndvi_stage,8,4096.4,638.0,481.5,88.6,10304.7,55246.3,0.0,446.96,0.75,1199.69,455.98,13.42,446.2,67.55,37.92
1788429625.083,1242.49,ndvi_stage,8,4111.7,641.5,486.1,87.7,10324.6,55226.4,0.0,446.97,0.75,1199.86,455.98,13.42,446.2,67.55,37.92
1788429625.585,1243.0,ndvi_stage,8,4096.4,638.0,479.4,87.9,10355.3,55195.6,0.0,446.97,0.75,1199.91,455.98,13.42,446.2,67.55,37.92
1788429626.087,1243.5,ndvi_stage,8,4074.7,638.2,487.9,90.0,10397.5,55153.4,0.0,446.97,0.75,1200.03,455.98,13.42,446.2,67.55,37.92
1788429626.589,1244.0,ndvi_stage,8,4098.3,638.2,496.0,90.3,10449.7,55101.2,0.0,446.97,0.75,1201.2,455.98,13.42,446.2,67.55,37.92
1788429627.092,1244.5,ndvi_stage,8,4098.3,638.2,483.7,89.2,10503.5,55047.4,0.0,446.97,0.75,1201.28,455.99,13.42,446.2,67.55,37.92
1788429627.594,1245.0,ndvi_stage,8,4042.5,638.2,428.1,82.0,10487.2,55063.7,0.0,446.97,0.75,1201.28,455.99,13.42,446.2,67.55,37.92
1788429628.097,1245.51,ndvi_stage,8,3981.5,638.2,395.6,79.8,10518.4,55032.5,0.0,446.97,0.75,1201.46,455.99,13.42,446.2,67.55,37.92
1788429628.601,1246.01,ndvi_stage,8,3964.9,628.7,399.1,74.6,10428.4,55122.5,0.0,446.97,0.75,1201.52,455.99,13.42,446.2,67.55,37.92
1788429629.103,1246.51,ndvi_stage,8,4038.8,651.0,402.3,76.5,10423.9,55127.1,0.0,446.97,0.75,1202.08,455.99,13.42,446.2,67.55,37.92
1788429629.605,1247.01,ndvi_stage,8,4024.6,638.2,398.3,80.0,10409.0,55141.9,0.0,446.97,0.75,1202.08,455.99,13.42,446.2,67.55,37.92
1788429630.107,1247.52,ndvi_stage,8,4042.7,638.3,378.5,76.7,10481.7,55069.2,0.0,446.97,0.75,1202.22,455.99,13.43,446.2,67.55,37.92
1788429630.608,1248.02,ndvi_stage,8,4042.7,638.3,384.8,77.8,10502.8,55048.1,0.0,446.97,0.75,1202.22,455.99,13.43,446.2,67.55,37.92
1788429631.11,1248.52,ndvi_stage,8,4042.8,638.3,400.6,75.4,10499.0,55052.0,0.0,446.97,0.75,1202.41,455.99,13.43,446.2,67.55,37.92
1788429631.612,1249.02,ndvi_stage,8,4042.8,638.3,398.7,77.4,10505.5,55045.4,0.0,446.97,0.75,1311.76,455.99,13.43,446.2,67.55,37.92
1788429632.115,1249.52,ndvi_stage,8,4019.3,638.3,401.8,77.3,10487.9,55063.1,0.0,446.97,0.75,1311.94,455.99,13.43,446.2,67.55,37.92
1788429632.617,1250.03,ndvi_stage,8,4057.2,651.2,398.4,77.5,10494.1,55056.8,0.0,446.97,0.75,1311.94,455.99,13.43,446.2,67.55,37.92
1788429633.119,1250.53,ndvi_stage,8,4042.9,638.3,398.3,77.6,10494.1,55056.8,0.0,446.97,0.75,1312.03,455.99,13.43,446.2,67.55,37.92
1788429633.621,1251.03,ndvi_stage,8,4042.9,638.3,400.3,78.9,10481.0,55069.9,0.0,446.97,0.75,1312.08,455.99,13.43,446.2,67.55,37.92
1788429634.123,1251.53,ndvi_stage,8,4042.9,638.3,404.3,78.5,10481.7,55069.2,0.0,446.97,0.75,1312.08,455.99,13.43,446.2,67.55,37.92
1788429634.625,1252.03,ndvi_stage,8,3977.8,638.7,398.3,77.8,10406.8,55144.1,0.0,446.97,0.75,1312.19,455.99,13.43,446.2,67.55,37.92
1788429635.127,1252.54,ndvi_stage,8,3981.6,638.7,398.4,77.2,10407.7,55143.2,0.0,446.97,0.75,1312.83,455.99,13.43,446.2,67.55,37.92
1788429635.629,1253.04,ndvi_stage,8,4043.1,641.0,396.4,78.1,10361.4,55189.5,0.0,446.97,0.75,1312.83,455.99,13.43,446.2,67.55,37.92
1788429636.131,1253.54,ndvi_stage,8,4039.0,638.7,398.3,80.0,10359.2,55191.8,0.0,446.97,0.75,1312.98,455.99,13.43,446.2,67.55,37.92
1788429636.633,1254.04,ndvi_stage,8,4020.9,638.0,406.3,80.6,10346.1,55204.9,0.0,446.97,0.75,1390.38,455.99,13.43,446.2,67.55,37.92
1788429637.137,1254.55,ndvi_stage,8,4020.9,638.0,393.4,80.0,10306.6,55244.4,0.0,446.97,0.75,1424.09,455.99,13.43,446.2,67.55,37.92
1788429637.639,1255.05,ndvi_stage,8,4019.8,652.3,396.3,78.3,9889.7,55661.2,0.0,446.98,0.75,1424.09,455.99,13.43,446.2,67.55,37.92
1788429638.142,1255.55,ndvi_stage,8,4039.0,638.7,397.6,70.1,9921.7,55629.2,0.0,446.98,0.75,1424.32,456.0,13.44,446.2,67.55,37.92
1788429638.645,1256.05,ndvi_stage,8,4041.5,638.7,405.7,68.7,9991.0,55559.9,0.0,446.98,0.75,1424.39,456.0,13.44,446.2,67.55,37.92
1788429639.147,1256.56,ndvi_stage,8,4041.5,638.7,398.4,78.5,9887.5,55663.4,0.0,446.98,0.75,1424.47,456.0,13.44,446.2,67.55,37.92
1788429639.649,1257.06,ndvi_stage,8,3973.9,638.7,398.4,82.3,9993.0,55557.9,0.0,446.98,0.75,1424.47,456.0,13.44,446.2,67.55,37.92
1788429640.151,1257.56,ndvi_stage,8,3994.7,638.7,397.7,78.5,10080.9,55470.0,0.0,446.98,0.75,1424.51,456.0,13.44,446.2,67.55,37.92
1788429640.653,1258.06,ndvi_stage,8,3941.4,638.7,322.7,70.2,9908.3,55642.7,0.0,447.0,0.75,1424.61,456.0,13.44,446.2,67.55,37.92
1788429641.156,1258.57,ndvi_stage,8,3939.8,636.2,298.6,66.2,9921.4,55629.5,0.0,447.0,0.75,1425.06,456.0,13.44,446.2,67.55,37.92
1788429641.658,1259.07,ndvi_stage,8,3944.9,630.6,300.6,66.5,9980.0,55571.0,0.0,447.0,0.75,1425.17,456.0,13.44,446.2,67.55,37.92
1788429642.162,1259.57,ndvi_stage,8,3944.9,630.6,297.9,69.0,9848.9,55702.0,0.0,447.0,0.75,1425.42,456.0,13.44,446.2,67.55,37.92
1788429642.664,1260.07,ndvi_stage,8,3895.1,639.2,304.8,68.9,9922.0,55628.9,0.0,447.04,0.75,1425.42,456.0,13.44,446.2,67.55,37.92
1788429643.166,1260.58,ndvi_stage,8,3843.7,634.2,181.3,51.6,9743.4,55807.6,0.0,447.07,0.75,1425.43,456.0,13.44,446.2,67.55,37.92
1788429643.668,1261.08,ndvi_stage,8,3843.7,634.2,99.6,43.6,9918.3,55632.6,0.0,447.07,0.75,1425.49,456.0,13.44,446.2,67.55,37.92
1788429644.169,1261.58,ndvi_stage,8,3854.0,644.5,101.6,42.0,9905.0,55645.9,0.0,447.07,0.75,1425.49,456.0,13.44,446.2,67.55,37.92
1788429644.674,1262.08,ndvi_stage,7,2067.6,576.0,273.6,74.8,9351.1,56199.8,0.0,447.11,0.75,1425.49,456.0,13.44,446.2,67.55,37.92
1788429645.176,1262.59,static_acquire_gee,2,424.4,411.4,69.7,39.5,6938.3,58612.6,0.0,447.44,0.75,1425.64,456.0,13.45,446.2,67.11,38.37
1788429645.677,1263.09,static_acquire_gee,2,424.4,411.4,0.0,34.1,7124.5,58426.4,0.0,447.44,0.75,1425.68,456.0,13.45,446.2,67.11,38.37
1788429646.179,1263.59,static_acquire_gee,2,424.4,411.4,2.0,30.5,7208.1,58342.9,0.0,447.44,0.75,1425.83,456.01,13.46,446.2,67.11,38.37
1788429646.68,1264.09,static_acquire_gee,2,424.4,411.4,4.0,30.0,7344.2,58206.8,0.0,447.44,0.75,1425.97,456.01,13.47,0.3,67.11,38.37
1788429647.181,1264.59,static_acquire_gee,2,424.4,411.4,0.0,33.8,7422.6,58128.3,0.0,447.44,0.75,1427.46,456.01,13.47,0.3,67.11,38.37
1788429647.683,1265.09,static_acquire_gee,2,424.4,411.4,0.0,27.5,7407.5,58143.4,0.0,447.44,0.75,1427.46,456.01,13.47,0.3,67.11,38.37
1788429648.184,1265.59,static_acquire_gee,2,424.4,411.4,0.0,32.4,7491.8,58059.2,0.0,447.44,0.75,1427.55,456.01,13.47,0.3,67.11,38.37
1788429648.685,1266.09,static_acquire_gee,2,424.4,411.4,0.0,30.4,7401.0,58150.0,0.0,447.44,0.75,1427.55,456.01,13.47,0.3,67.11,38.37
1788429649.186,1266.6,static_acquire_gee,2,424.4,411.4,0.0,26.7,7146.6,58404.3,0.0,447.44,0.75,1427.64,456.01,13.47,0.3,67.11,38.37
1788429649.688,1267.1,static_acquire_gee,2,424.4,411.4,0.0,19.7,7174.8,58376.1,0.0,447.44,0.75,1427.64,456.01,13.47,0.3,67.11,38.37
1788429650.189,1267.6,static_acquire_gee,2,424.4,411.4,0.0,29.7,7222.5,58328.4,0.0,447.44,0.75,1427.72,456.01,13.47,0.3,67.11,38.37
1788429650.691,1268.1,static_acquire_gee,2,424.4,411.4,0.0,31.8,7334.3,58216.6,0.0,447.44,0.75,1427.72,456.01,13.47,0.3,67.11,38.37
1788429651.192,1268.6,static_acquire_gee,2,424.4,411.4,2.0,30.1,7155.6,58395.3,0.0,447.44,0.75,1427.83,456.01,13.47,0.3,67.11,38.37
1788429651.693,1269.1,static_acquire_gee,2,424.4,411.4,0.0,30.1,7017.3,58533.7,0.0,447.44,0.75,1427.83,456.01,13.47,0.3,67.11,38.37
1788429652.194,1269.6,static_acquire_gee,2,424.4,411.4,0.0,30.9,7104.0,58446.9,0.0,447.44,0.75,1428.47,456.01,13.47,0.3,67.11,38.37
1788429652.696,1270.11,static_acquire_gee,2,424.4,411.4,0.0,30.9,7108.4,58442.6,0.0,447.44,0.75,1428.47,456.01,13.47,0.3,67.11,38.37
1788429653.197,1270.61,static_acquire_gee,2,424.4,411.4,2.0,29.2,7070.6,58480.4,0.0,447.44,0.75,1428.68,456.01,13.47,0.3,67.11,38.37
1788429653.699,1271.11,static_acquire_gee,2,424.4,411.4,0.0,31.5,7136.0,58414.9,0.0,447.44,0.75,1428.68,456.01,13.47,0.3,67.11,38.37
1788429654.2,1271.61,static_acquire_gee,2,424.4,411.4,0.0,31.0,7110.3,58440.7,0.0,447.44,0.75,1429.71,456.01,13.48,0.3,67.11,38.37
1788429654.702,1272.11,static_acquire_gee,2,424.4,411.4,0.0,31.4,7295.5,58255.5,0.0,447.44,0.75,1429.71,456.02,13.48,0.3,67.11,38.37
1788429655.204,1272.61,static_acquire_gee,2,424.4,411.4,0.0,32.6,7314.5,58236.4,0.0,447.44,0.75,1429.88,456.02,13.48,0.3,67.11,38.37
1788429655.705,1273.11,static_acquire_gee,2,424.4,411.4,0.0,30.6,7335.4,58215.6,0.0,447.44,0.75,1429.95,456.02,13.48,0.3,67.11,38.37
1788429656.207,1273.62,static_acquire_gee,2,424.4,411.4,0.0,29.9,7258.1,58292.8,0.0,447.44,0.75,1430.03,456.02,13.48,0.3,67.11,38.37
1788429656.708,1274.12,static_acquire_gee,2,424.4,411.4,2.0,27.7,7288.0,58263.0,0.0,447.44,0.75,1430.1,456.02,13.48,0.3,67.11,38.37
1788429657.209,1274.62,static_acquire_gee,2,424.4,411.4,0.0,28.7,7321.7,58229.2,0.0,447.44,0.75,1430.32,456.02,13.48,0.3,67.11,38.37
1788429657.711,1275.12,static_acquire_gee,2,424.4,411.4,0.0,31.1,7496.7,58054.3,0.0,447.44,0.75,1430.39,456.02,13.48,0.3,67.11,38.37
1788429658.212,1275.62,static_acquire_gee,2,424.4,411.4,0.0,30.8,7530.8,58020.2,0.0,447.44,0.75,1430.98,456.02,13.48,0.3,67.11,38.37
1788429658.714,1276.12,static_acquire_gee,2,424.4,411.4,0.0,31.8,7479.5,58071.4,0.0,447.44,0.75,1431.05,456.02,13.48,0.3,67.11,38.37
1788429659.215,1276.62,static_acquire_gee,2,424.4,411.4,0.0,30.8,7435.2,58115.8,0.0,447.44,0.75,1431.05,456.02,13.48,0.3,67.11,38.37
1788429659.716,1277.13,static_acquire_gee,2,424.4,411.4,0.0,31.6,7332.8,58218.1,0.0,447.44,0.75,1431.05,456.02,13.48,0.3,67.11,38.37
1788429660.218,1277.63,static_acquire_gee,2,424.4,411.4,0.0,31.2,7398.4,58152.6,0.0,447.44,0.75,1431.15,456.02,13.48,0.3,67.11,38.37
1788429660.719,1278.13,static_acquire_gee,2,424.4,411.4,0.0,27.7,7244.3,58306.6,0.0,447.44,0.75,1431.15,456.02,13.48,0.3,67.11,38.37
1788429661.22,1278.63,static_acquire_gee,2,424.4,411.4,2.0,32.6,7335.2,58215.7,0.0,447.44,0.75,1431.29,456.02,13.49,0.3,67.11,38.37
1788429661.722,1279.13,static_acquire_gee,2,424.4,411.4,0.0,26.5,7072.7,58478.3,0.0,447.44,0.75,1431.3,456.02,13.49,0.3,67.11,38.37
1788429662.223,1279.63,static_acquire_gee,2,424.4,411.4,0.0,32.9,7148.8,58402.1,0.0,447.44,0.75,1431.69,456.02,13.49,0.3,67.11,38.37
1788429662.724,1280.13,static_acquire_gee,2,424.4,411.4,0.0,26.5,7099.5,58451.4,0.0,447.44,0.75,1431.69,456.02,13.49,0.3,67.11,38.37
1788429663.226,1280.64,static_acquire_gee,2,424.4,411.4,0.0,26.1,7102.9,58448.1,0.0,447.44,0.75,1432.31,456.03,13.49,0.3,67.11,38.37
1788429663.727,1281.14,static_acquire_gee,2,424.4,411.4,0.0,29.6,7171.3,58379.6,0.0,447.44,0.75,1432.36,456.03,13.49,0.3,67.11,38.37
1788429664.228,1281.64,static_acquire_gee,2,424.4,411.4,0.0,27.0,7234.2,58316.8,0.0,447.44,0.75,1432.42,456.03,13.49,0.3,67.11,38.37
1788429664.73,1282.14,static_acquire_gee,2,424.4,411.4,0.0,16.7,7239.8,58311.1,0.0,447.44,0.75,1432.42,456.03,13.49,0.3,67.11,38.37
1788429665.231,1282.64,static_acquire_gee,2,424.4,411.4,2.0,23.5,7324.4,58226.5,0.0,447.44,0.75,1432.53,456.03,13.49,0.3,67.11,38.37
1788429665.732,1283.14,static_acquire_gee,2,424.4,411.4,0.0,30.7,7274.7,58276.2,0.0,447.44,0.75,1432.53,456.03,13.49,0.3,67.11,38.37
1788429666.234,1283.64,static_acquire_gee,2,424.4,411.4,0.0,29.9,7247.2,58303.8,0.0,447.44,0.75,1432.62,456.03,13.49,0.3,67.11,38.37
1788429666.735,1284.14,static_acquire_gee,2,424.4,411.4,0.0,28.9,7324.6,58226.3,0.0,447.44,0.75,1432.62,456.03,13.49,0.3,67.11,38.37
1788429667.236,1284.65,static_acquire_gee,2,424.4,411.4,0.0,31.5,7425.2,58125.8,0.0,447.44,0.75,1433.14,456.03,13.5,0.3,67.11,38.37
1788429667.737,1285.15,static_acquire_gee,2,424.4,411.4,2.0,29.6,7243.7,58307.3,0.0,447.45,0.75,1433.14,456.03,13.5,0.3,67.11,38.37
1788429668.239,1285.65,static_acquire_gee,2,424.4,411.4,0.0,32.2,7213.6,58337.4,0.0,447.45,0.75,1434.21,456.03,13.5,0.3,67.11,38.37
1788429668.74,1286.15,static_acquire_gee,2,424.4,411.4,0.0,30.9,7151.5,58399.4,0.0,447.45,0.75,1434.43,456.03,13.5,0.3,67.11,38.37
1788429669.241,1286.65,static_acquire_gee,2,424.4,411.4,0.0,30.5,7329.4,58221.5,0.0,447.45,0.75,1434.53,456.03,13.5,0.3,67.11,38.37
1788429669.743,1287.15,static_acquire_gee,2,424.4,411.4,0.0,32.9,7279.5,58271.5,0.0,447.45,0.75,1434.65,456.03,13.5,0.3,67.11,38.37
1788429670.244,1287.65,static_acquire_gee,2,424.4,411.4,0.0,32.2,7324.1,58226.8,0.0,447.45,0.75,1434.74,456.03,13.5,0.3,67.11,38.37
1788429670.745,1288.15,static_acquire_gee,2,424.4,411.4,0.0,32.6,7293.6,58257.4,0.0,447.45,0.75,1434.84,456.03,13.5,0.3,67.11,38.37
1788429671.246,1288.66,static_acquire_gee,2,424.4,411.4,0.0,32.5,7172.6,58378.4,0.0,447.45,0.75,1435.0,456.03,13.5,0.3,67.11,38.37
1788429671.748,1289.16,static_acquire_gee,2,424.4,411.4,0.0,30.0,7076.7,58474.2,0.0,447.45,0.75,1435.0,456.03,13.5,0.3,67.11,38.37
1788429672.249,1289.66,static_acquire_gee,2,424.4,411.4,0.0,29.6,7128.6,58422.3,0.0,447.45,0.75,1435.39,456.04,13.5,0.3,67.11,38.37
1788429672.751,1290.16,static_acquire_gee,2,424.4,411.4,2.0,20.5,7170.7,58380.2,0.0,447.46,0.75,1435.39,456.04,13.5,0.3,67.11,38.37
1788429673.252,1290.66,static_acquire_gee,2,424.4,411.4,0.0,24.2,7089.5,58461.5,0.0,447.46,0.75,1435.52,456.04,13.5,0.3,67.11,38.37
1788429673.754,1291.16,static_acquire_gee,2,424.4,411.4,0.0,32.4,7275.0,58276.0,0.0,447.46,0.75,1435.66,456.04,13.5,0.3,67.11,38.37
1788429674.255,1291.67,static_acquire_gee,2,424.4,411.4,0.0,31.8,7421.2,58129.7,0.0,447.46,0.75,1435.73,456.04,13.5,0.3,67.11,38.37
1788429674.757,1292.17,static_acquire_gee,2,424.4,411.4,0.0,30.4,7574.1,57976.9,0.0,447.46,0.75,1435.73,456.04,13.5,0.3,67.11,38.37
1788429675.263,1292.67,static_acquire_gee,2,424.4,411.4,0.0,31.0,7511.4,58039.5,0.0,447.46,0.75,1435.77,456.04,13.51,0.3,67.11,38.37
1788429675.764,1293.17,static_acquire_gee,2,424.4,411.4,2.0,29.4,7646.7,57904.3,0.0,447.46,0.75,1435.77,456.04,13.51,0.3,67.11,38.37
1788429676.265,1293.68,static_acquire_gee,2,424.4,411.4,0.0,30.3,7703.7,57847.2,0.0,447.46,0.75,1435.82,456.04,13.51,0.3,67.11,38.37
1788429676.767,1294.18,static_acquire_gee,2,424.4,411.4,0.0,32.6,7548.1,58002.8,0.0,447.46,0.75,1435.84,456.04,13.51,0.3,67.11,38.37
1788429677.268,1294.68,static_acquire_gee,2,424.4,411.4,0.0,29.7,7190.2,58360.7,0.0,447.46,0.75,1436.07,456.04,13.51,0.3,67.11,38.37
1788429677.769,1295.18,static_acquire_gee,2,424.4,411.4,0.0,29.4,7223.4,58328.5,0.0,447.46,0.75,1436.08,456.04,13.51,0.3,67.11,38.37
1788429678.271,1295.68,static_acquire_gee,2,424.4,411.4,0.0,30.0,7072.7,58479.2,0.0,447.46,0.75,1436.16,456.04,13.51,0.3,67.11,38.37
1788429678.773,1296.18,static_acquire_gee,2,424.4,411.4,0.0,30.2,6963.8,58588.0,0.0,447.46,0.75,1436.64,456.04,13.51,0.3,67.11,38.37
1788429679.274,1296.68,static_acquire_gee,2,424.4,411.4,0.0,31.9,7173.1,58378.8,0.0,447.46,0.75,1436.81,456.04,13.51,0.3,67.11,38.37
1788429679.775,1297.19,static_acquire_gee,2,424.4,411.4,0.0,29.6,7177.0,58374.9,0.0,447.46,0.75,1436.82,456.04,13.51,0.3,67.11,38.37
1788429680.277,1297.69,static_acquire_gee,2,424.4,411.4,0.0,28.1,7243.8,58308.1,0.0,447.46,0.75,1436.88,456.04,13.51,0.3,67.11,38.37
1788429680.778,1298.19,static_acquire_gee,2,424.4,411.4,0.0,27.1,7068.3,58483.6,0.0,447.46,0.75,1436.88,456.04,13.51,0.3,67.11,38.37
1788429681.28,1298.69,static_acquire_gee,2,424.4,411.4,0.0,19.7,7110.2,58441.7,0.0,447.46,0.75,1436.97,456.04,13.51,0.3,67.11,38.37
1788429681.781,1299.19,static_acquire_gee,2,424.4,411.4,2.0,25.5,7213.1,58338.8,0.0,447.46,0.75,1437.05,456.04,13.51,0.3,67.11,38.37
1788429682.282,1299.69,static_acquire_gee,2,424.4,411.4,0.0,31.5,7295.3,58256.6,0.0,447.46,0.75,1437.23,456.04,13.52,0.3,67.11,38.37
1788429682.784,1300.19,static_acquire_gee,2,424.4,411.4,0.0,32.5,7344.3,58207.6,0.0,447.46,0.75,1437.3,456.05,13.52,0.3,67.11,38.37
1788429683.285,1300.69,static_acquire_gee,2,424.4,411.4,0.0,30.8,7367.2,58184.7,0.0,447.46,0.75,1437.41,456.05,13.52,0.3,67.11,38.37
1788429683.786,1301.2,static_acquire_gee,2,424.4,411.4,0.0,29.3,7369.9,58182.0,0.0,447.46,0.75,1437.41,456.05,13.52,0.3,67.11,38.37
1788429684.288,1301.7,static_acquire_gee,2,424.4,411.4,0.0,30.8,7451.5,58100.4,0.0,447.47,0.75,1437.76,456.05,13.52,0.3,67.11,38.37
1788429684.789,1302.2,static_acquire_gee,2,424.4,411.4,0.0,29.6,7281.6,58270.3,0.0,447.47,0.75,1437.83,456.05,13.52,0.3,67.11,38.37
1788429685.29,1302.7,static_acquire_gee,2,424.4,411.4,0.0,30.5,7346.5,58205.3,0.0,447.47,0.75,1438.1,456.05,13.52,0.3,67.11,38.37
1788429685.792,1303.2,static_acquire_gee,2,424.4,411.4,2.0,29.9,7255.8,58296.1,0.0,447.47,0.75,1438.17,456.05,13.52,0.3,67.11,38.37
1788429686.293,1303.7,static_acquire_gee,2,424.4,411.4,0.0,33.5,7287.7,58264.2,0.0,447.47,0.75,1438.4,456.05,13.52,0.3,67.11,38.37
1788429686.794,1304.2,static_acquire_gee,2,424.4,411.4,2.0,29.9,7117.2,58434.7,0.0,447.47,0.75,1438.47,456.05,13.52,0.3,67.11,38.37
1788429687.296,1304.71,static_acquire_gee,2,424.4,411.4,0.0,33.5,7200.9,58351.0,0.0,447.47,0.75,1438.79,456.05,13.52,0.3,67.11,38.37
1788429687.797,1305.21,static_acquire_gee,2,424.4,411.4,0.0,31.5,6940.4,58611.5,0.0,447.47,0.75,1438.84,456.05,13.52,0.3,67.11,38.37
1788429688.299,1305.71,static_acquire_gee,2,424.4,411.4,0.0,32.5,7116.2,58435.7,0.0,447.47,0.75,1438.89,456.05,13.52,0.3,67.11,38.37
1788429688.8,1306.21,static_acquire_gee,2,424.4,411.4,0.0,27.5,6871.8,58680.1,0.0,447.47,0.75,1438.9,456.05,13.52,0.3,67.11,38.37
1788429689.301,1306.71,static_acquire_gee,2,424.4,411.4,2.0,17.1,6969.5,58582.4,0.0,447.47,0.75,1439.01,456.05,13.53,0.3,67.11,38.37
1788429689.803,1307.21,static_acquire_gee,2,424.4,411.4,0.0,31.1,7085.7,58466.2,0.0,447.47,0.75,1439.13,456.05,13.53,0.3,67.11,38.37
1788429690.304,1307.71,static_acquire_gee,2,424.4,411.4,0.0,30.9,7140.9,58411.0,0.0,447.47,0.75,1439.65,456.05,13.53,0.3,67.11,38.37
1788429690.806,1308.22,static_acquire_gee,2,424.4,411.4,0.0,29.8,7039.8,58512.1,0.0,447.47,0.75,1439.68,456.05,13.53,0.3,67.11,38.37
1788429691.307,1308.72,static_acquire_gee,2,424.4,411.4,0.0,31.2,7051.3,58500.6,0.0,447.47,0.75,1439.84,456.06,13.53,0.3,67.11,38.37
1788429691.808,1309.22,static_acquire_gee,2,424.4,411.4,0.0,29.3,7046.0,58505.9,0.0,447.47,0.75,1439.85,456.06,13.53,0.3,67.11,38.37
1788429692.309,1309.72,static_acquire_gee,2,424.4,411.4,0.0,33.5,7097.6,58454.2,0.0,447.47,0.75,1440.05,456.06,13.53,0.3,67.11,38.37
1788429692.811,1310.22,static_acquire_gee,2,424.4,411.4,0.0,28.5,6929.5,58622.4,0.0,447.47,0.75,1440.18,456.06,13.53,0.3,67.11,38.37
1788429693.312,1310.72,static_acquire_gee,2,424.4,411.4,2.0,32.3,7142.9,58408.9,0.0,447.47,0.75,1440.41,456.06,13.53,0.3,67.11,38.37
1788429693.814,1311.22,static_acquire_gee,2,424.4,411.4,0.0,32.6,7007.4,58544.5,0.0,447.47,0.75,1440.46,456.06,13.53,0.3,67.11,38.37
1788429694.315,1311.73,static_acquire_gee,2,424.4,411.4,0.0,29.9,7047.8,58504.1,0.0,447.47,0.75,1440.57,456.06,13.53,0.3,67.11,38.37
1788429694.817,1312.23,static_acquire_gee,2,424.4,411.4,0.0,29.5,7104.2,58447.7,0.0,447.48,0.75,1440.61,456.06,13.53,0.3,67.11,38.37
1788429695.318,1312.73,static_acquire_gee,2,424.4,411.4,0.0,30.3,6956.7,58595.2,0.0,447.48,0.75,1441.76,456.06,13.53,0.3,67.11,38.37
1788429695.819,1313.23,static_acquire_gee,2,424.4,411.4,0.0,30.9,7026.7,58525.2,0.0,447.48,0.75,1441.76,456.06,13.53,0.3,67.11,38.37
1788429696.321,1313.73,static_acquire_gee,2,424.4,411.4,0.0,31.4,6995.9,58556.0,0.0,447.48,0.75,1442.33,456.06,13.54,0.3,67.11,38.37
1788429696.822,1314.23,static_acquire_gee,2,424.4,411.4,2.0,32.2,7052.5,58499.4,0.0,447.48,0.75,1442.33,456.06,13.54,0.3,67.11,38.37
1788429697.323,1314.73,static_acquire_gee,2,424.4,411.4,0.0,29.6,7151.7,58400.2,0.0,447.48,0.75,1442.37,456.06,13.54,0.3,67.11,38.37
1788429697.825,1315.23,static_acquire_gee,2,424.4,411.4,0.0,32.8,7376.4,58175.5,0.0,447.48,0.75,1442.44,456.06,13.54,0.3,67.11,38.37
1788429698.326,1315.74,static_acquire_gee,2,424.4,411.4,0.0,29.3,7130.2,58421.7,0.0,447.48,0.75,1442.78,456.06,13.54,0.3,67.11,38.37
1788429698.827,1316.24,static_acquire_gee,2,424.4,411.4,0.0,28.8,7181.4,58370.5,0.0,447.48,0.75,1442.78,456.06,13.54,0.3,67.11,38.37
1788429699.329,1316.74,static_acquire_gee,2,424.4,411.4,0.0,30.0,7120.2,58431.7,0.0,447.48,0.75,1443.09,456.06,13.54,0.3,67.11,38.37
1788429699.83,1317.24,static_acquire_gee,2,424.4,411.4,0.0,33.3,7220.9,58331.0,0.0,447.48,0.75,1443.16,456.06,13.54,0.3,67.11,38.37
1788429700.331,1317.74,static_acquire_gee,2,424.4,411.4,0.0,31.8,7214.3,58337.6,0.0,447.48,0.75,1443.2,456.07,13.54,0.3,67.11,38.37
1788429700.833,1318.24,static_acquire_gee,2,424.4,411.4,2.0,29.9,7314.9,58237.0,0.0,447.48,0.75,1443.2,456.07,13.54,0.3,67.11,38.37
1788429701.334,1318.74,static_acquire_gee,2,424.4,411.4,0.0,31.1,7309.7,58242.2,0.0,447.48,0.75,1443.26,456.07,13.54,0.3,67.11,38.37
1788429701.836,1319.25,static_acquire_gee,2,424.4,411.4,0.0,30.6,7214.1,58337.8,0.0,447.48,0.75,1443.28,456.07,13.54,0.3,67.11,38.37
1788429702.337,1319.75,static_acquire_gee,2,424.4,411.4,0.0,32.0,7328.9,58223.0,0.0,447.48,0.75,1443.35,456.07,13.54,0.3,67.11,38.37
1788429702.838,1320.25,static_acquire_gee,2,424.4,411.4,0.0,29.6,7275.6,58276.3,0.0,447.48,0.75,1443.35,456.07,13.54,0.3,67.11,38.37
1788429703.339,1320.75,static_acquire_gee,2,424.4,411.4,0.0,30.9,7264.9,58287.0,0.0,447.48,0.75,1443.52,456.07,13.55,0.3,67.11,38.37
1788429703.841,1321.25,static_acquire_gee,2,424.4,411.4,0.0,30.7,7302.7,58249.2,0.0,447.48,0.75,1443.54,456.07,13.55,0.3,67.11,38.37
1788429704.342,1321.75,static_acquire_gee,2,424.4,411.4,0.0,29.0,7341.5,58210.4,0.0,447.48,0.75,1443.75,456.07,13.55,0.3,67.11,38.37
1788429704.843,1322.25,static_acquire_gee,2,424.4,411.4,2.0,30.0,7143.7,58408.2,0.0,447.48,0.75,1445.02,456.07,13.55,0.3,67.11,38.37
1788429705.345,1322.75,static_acquire_gee,2,424.4,411.4,0.0,29.6,7312.2,58239.7,0.0,447.48,0.75,1445.58,456.07,13.55,0.3,67.11,38.37
1788429705.846,1323.26,static_acquire_gee,2,424.4,411.4,0.0,31.3,7318.6,58233.3,0.0,447.49,0.75,1445.58,456.07,13.55,0.3,67.11,38.37
1788429706.347,1323.76,static_acquire_gee,2,424.4,411.4,0.0,32.5,7369.0,58182.8,0.0,447.49,0.75,1445.65,456.07,13.55,0.3,67.11,38.37
1788429706.849,1324.26,static_acquire_gee,2,424.4,411.4,0.0,30.0,7274.3,58277.6,0.0,447.49,0.75,1445.65,456.07,13.55,0.3,67.11,38.37
1788429707.35,1324.76,static_acquire_gee,2,424.4,411.4,0.0,29.8,7276.1,58275.8,0.0,447.49,0.75,1445.75,456.07,13.55,0.3,67.11,38.37
1788429707.852,1325.26,static_acquire_gee,2,424.4,411.4,0.0,31.2,7320.3,58231.6,0.0,447.49,0.75,1445.75,456.07,13.55,0.3,67.11,38.37
1788429708.353,1325.76,static_acquire_gee,2,424.4,411.4,2.0,30.4,7249.1,58302.8,0.0,447.49,0.75,1445.9,456.07,13.55,0.3,67.11,38.37
1788429708.855,1326.26,static_acquire_gee,2,424.4,411.4,0.0,31.6,7259.7,58292.2,0.0,447.49,0.75,1445.97,456.07,13.55,0.3,67.11,38.37
1788429709.356,1326.77,static_acquire_gee,2,424.4,411.4,0.0,28.6,7280.3,58271.6,0.0,447.49,0.75,1446.1,456.07,13.55,0.3,67.11,38.37
1788429709.857,1327.27,static_acquire_gee,2,424.4,411.4,0.0,34.7,7272.7,58279.2,0.0,447.49,0.75,1446.12,456.08,13.55,0.3,67.11,38.37
1788429710.359,1327.77,static_acquire_gee,2,424.4,411.4,0.0,33.0,7272.7,58279.2,0.0,447.49,0.75,1446.24,456.08,13.56,0.3,67.11,38.37
1788429710.86,1328.27,static_acquire_gee,2,424.4,411.4,2.0,33.9,7260.6,58291.3,0.0,447.49,0.75,1446.25,456.08,13.56,0.3,67.11,38.37
1788429711.361,1328.77,static_acquire_gee,2,424.4,411.4,0.0,33.8,7260.6,58291.3,0.0,447.49,0.75,1446.73,456.08,13.56,0.3,67.11,38.37
1788429711.862,1329.27,static_acquire_gee,2,424.4,411.4,0.0,33.3,7239.8,58312.1,0.0,447.49,0.75,1446.87,456.08,13.56,0.3,67.11,38.37
1788429712.364,1329.77,static_acquire_gee,2,424.4,411.4,0.0,33.3,7230.9,58321.0,0.0,447.49,0.75,1446.94,456.08,13.56,0.3,67.11,38.37
1788429712.865,1330.27,static_acquire_gee,2,424.4,411.4,0.0,33.5,7218.6,58333.2,0.0,447.49,0.75,1447.2,456.08,13.56,0.3,67.11,38.37
1788429713.366,1330.78,static_acquire_gee,2,424.4,411.4,0.0,30.2,7220.6,58331.2,0.0,447.49,0.75,1447.3,456.08,13.56,0.3,67.11,38.37
1788429713.868,1331.28,static_acquire_gee,2,424.4,411.4,0.0,28.8,6936.9,58615.0,0.0,447.49,0.75,1447.31,456.08,13.56,0.3,67.11,38.37
1788429714.369,1331.78,static_acquire_gee,2,424.4,411.4,0.0,33.0,7040.6,58511.3,0.0,447.49,0.75,1447.37,456.08,13.56,0.3,67.11,38.37
1788429714.87,1332.28,static_acquire_gee,2,424.4,411.4,0.0,30.6,6849.4,58702.5,0.0,447.5,0.75,1447.37,456.08,13.56,0.3,67.11,38.37
1788429715.372,1332.78,static_acquire_gee,2,424.4,411.4,0.0,30.7,7017.9,58533.9,0.0,447.5,0.75,1447.54,456.08,13.56,0.3,67.11,38.37
1788429715.873,1333.28,static_acquire_gee,2,424.4,411.4,0.0,32.3,6965.0,58586.9,0.0,447.5,0.75,1447.65,456.08,13.56,0.3,67.11,38.37
1788429716.374,1333.78,static_acquire_gee,2,424.4,411.4,0.0,30.5,6933.3,58618.6,0.0,447.5,0.75,1447.76,456.08,13.56,0.3,67.11,38.37
1788429716.875,1334.29,static_acquire_gee,2,424.4,411.4,0.0,29.3,7074.4,58477.4,0.0,447.5,0.75,1448.67,456.08,13.56,0.3,67.11,38.37
1788429717.377,1334.79,static_acquire_gee,2,424.4,411.4,2.0,29.1,7066.6,58485.3,0.0,447.5,0.75,1448.82,456.08,13.57,0.3,67.11,38.37
1788429717.878,1335.29,static_acquire_gee,2,424.4,411.4,0.0,33.6,7092.3,58459.6,0.0,447.5,0.75,1448.82,456.09,13.57,0.3,67.11,38.37
1788429718.38,1335.79,static_acquire_gee,2,424.4,411.4,0.0,29.4,7061.0,58490.9,0.0,447.5,0.75,1449.01,456.09,13.57,0.3,67.11,38.37
1788429718.881,1336.29,static_acquire_gee,2,424.4,411.4,0.0,29.7,7079.3,58472.6,0.0,447.5,0.75,1449.01,456.09,13.57,0.3,67.11,38.37
1788429719.382,1336.79,static_acquire_gee,2,424.4,411.4,0.0,32.1,7210.8,58341.1,0.0,447.5,0.75,1449.06,456.09,13.57,0.3,67.11,38.37
1788429719.883,1337.29,static_acquire_gee,2,424.4,411.4,0.0,31.1,7055.3,58496.6,0.0,447.5,0.75,1449.06,456.09,13.57,0.3,67.11,38.37
1788429720.385,1337.79,static_acquire_gee,2,424.4,411.4,2.0,29.6,7168.3,58383.6,0.0,447.5,0.75,1449.12,456.09,13.57,0.3,67.11,38.37
1788429720.886,1338.3,static_acquire_gee,2,424.4,411.4,0.0,30.7,7128.8,58423.1,0.0,447.5,0.75,1449.12,456.09,13.57,0.3,67.11,38.37
1788429721.388,1338.8,static_acquire_gee,2,424.4,411.4,0.0,32.1,7145.5,58406.3,0.0,447.5,0.75,1449.21,456.09,13.57,0.3,67.11,38.37
1788429721.889,1339.3,static_acquire_gee,2,424.4,411.4,0.0,32.0,7261.9,58290.0,0.0,447.5,0.75,1449.22,456.09,13.57,0.3,67.11,38.37
1788429722.391,1339.8,static_acquire_gee,2,424.4,411.4,0.0,32.1,7264.5,58287.4,0.0,447.5,0.75,1449.29,456.09,13.57,0.3,67.11,38.37
1788429722.892,1340.3,static_acquire_gee,2,424.4,411.4,0.0,30.6,7239.0,58312.9,0.0,447.5,0.75,1449.3,456.09,13.57,0.3,67.11,38.37
1788429723.393,1340.8,static_acquire_gee,2,424.4,411.4,0.0,30.4,7133.4,58418.5,0.0,447.5,0.75,1449.52,456.09,13.57,0.3,67.11,38.37
1788429723.895,1341.3,static_acquire_gee,2,424.4,411.4,0.0,33.3,7256.7,58295.2,0.0,447.5,0.75,1449.54,456.09,13.57,0.3,67.11,38.37
1788429724.396,1341.81,static_acquire_gee,2,424.4,411.4,0.0,29.6,7364.6,58187.3,0.0,447.5,0.75,1449.69,456.09,13.58,0.3,67.11,38.37
1788429724.897,1342.31,static_acquire_gee,2,424.4,411.4,0.0,29.4,7498.4,58053.5,0.0,447.5,0.75,1449.69,456.09,13.58,0.3,67.11,38.37
1788429725.399,1342.81,static_acquire_gee,2,424.4,411.4,2.0,30.2,7356.2,58195.7,0.0,447.5,0.75,1449.85,456.09,13.58,0.3,67.11,38.37
1788429725.9,1343.31,static_acquire_gee,2,424.4,411.4,0.0,33.4,7398.3,58153.6,0.0,447.5,0.75,1449.85,456.09,13.58,0.3,67.11,38.37
1788429726.401,1343.81,static_acquire_gee,2,424.4,411.4,0.0,30.6,7239.6,58312.3,0.0,447.5,0.75,1450.07,456.09,13.58,0.3,67.11,38.37
1788429726.903,1344.31,static_acquire_gee,2,424.4,411.4,0.0,33.0,7282.5,58269.4,0.0,447.5,0.75,1450.07,456.09,13.58,0.3,67.11,38.37
1788429727.404,1344.81,static_acquire_gee,2,424.4,411.4,0.0,31.4,7260.5,58291.3,0.0,447.5,0.75,1450.62,456.1,13.58,0.3,67.11,38.37
1788429727.905,1345.32,static_acquire_gee,2,424.4,411.4,0.0,33.3,7300.4,58251.5,0.0,447.51,0.75,1450.98,456.1,13.58,0.3,67.11,38.37
1788429728.407,1345.82,static_acquire_gee,2,424.4,411.4,0.0,27.5,7358.5,58193.4,0.0,447.51,0.75,1451.2,456.1,13.58,0.3,67.11,38.37
1788429728.908,1346.32,static_acquire_gee,2,424.4,411.4,0.0,32.4,7531.8,58020.1,0.0,447.51,0.75,1451.2,456.1,13.58,0.3,67.11,38.37
1788429729.409,1346.82,static_acquire_gee,2,424.4,411.4,2.0,27.3,7305.2,58246.7,0.0,447.51,0.75,1451.35,456.1,13.58,0.3,67.11,38.37
1788429729.911,1347.32,static_acquire_gee,2,424.4,411.4,0.0,24.5,7252.4,58299.5,0.0,447.51,0.75,1451.35,456.1,13.58,0.3,67.11,38.37
1788429730.412,1347.82,static_acquire_gee,2,424.4,411.4,0.0,29.8,7267.1,58284.7,0.0,447.51,0.75,1451.52,456.1,13.58,0.3,67.11,38.37
1788429730.913,1348.32,static_acquire_gee,2,424.4,411.4,0.0,26.6,7249.1,58302.8,0.0,447.51,0.75,1451.52,456.1,13.58,0.3,67.11,38.37
1788429731.415,1348.82,static_acquire_gee,2,424.4,411.4,0.0,31.1,7331.5,58220.4,0.0,447.51,0.75,1451.64,456.1,13.59,0.3,67.11,38.37
1788429731.916,1349.33,static_acquire_gee,2,424.4,411.4,0.0,29.8,7413.6,58138.3,0.0,447.51,0.75,1451.64,456.1,13.59,0.3,67.11,38.37
1788429732.417,1349.83,static_acquire_gee,2,424.4,411.4,2.0,33.0,7387.1,58164.8,0.0,447.51,0.75,1452.33,456.1,13.59,0.3,67.11,38.37
1788429732.919,1350.33,static_acquire_gee,2,424.4,411.4,0.0,29.6,7415.5,58136.4,0.0,447.51,0.75,1452.34,456.1,13.59,0.3,67.11,38.37
1788429733.42,1350.83,static_acquire_gee,2,424.4,411.4,0.0,29.7,7389.8,58162.1,0.0,447.52,0.75,1452.59,456.1,13.59,0.3,67.11,38.37
1788429733.921,1351.33,static_acquire_gee,2,424.4,411.4,0.0,30.7,7555.9,57996.0,0.0,447.52,0.75,1452.65,456.1,13.59,0.3,67.11,38.37
1788429734.422,1351.83,static_acquire_gee,2,424.4,411.4,0.0,20.5,7290.7,58261.2,0.0,447.52,0.75,1452.81,456.1,13.59,0.3,67.11,38.37
1788429734.924,1352.33,static_acquire_gee,2,424.4,411.4,0.0,17.5,7384.2,58167.7,0.0,447.52,0.75,1452.84,456.1,13.59,0.3,67.11,38.37
1788429735.425,1352.83,static_acquire_gee,2,424.4,411.4,2.0,29.2,7539.0,58012.9,0.0,447.52,0.75,1452.93,456.1,13.59,0.3,67.11,38.37
1788429735.926,1353.34,static_acquire_gee,2,424.4,411.4,0.0,29.9,7376.8,58175.1,0.0,447.52,0.75,1452.99,456.1,13.59,0.3,67.11,38.37
1788429736.427,1353.84,static_acquire_gee,2,424.4,411.4,0.0,29.0,7182.3,58369.6,0.0,447.52,0.75,1453.13,456.1,13.59,0.3,67.11,38.37
1788429736.929,1354.34,static_acquire_gee,2,424.4,411.4,0.0,31.5,7162.3,58389.6,0.0,447.52,0.75,1453.13,456.11,13.59,0.3,67.11,38.37
1788429737.431,1354.84,static_acquire_gee,2,424.4,411.4,0.0,30.7,7270.4,58281.5,0.0,447.52,0.75,1453.16,456.11,13.59,0.3,67.11,38.37
1788429737.932,1355.34,static_acquire_gee,2,424.4,411.4,0.0,33.9,7356.0,58195.9,0.0,447.52,0.75,1453.16,456.11,13.59,0.3,67.11,38.37
1788429738.433,1355.84,static_acquire_gee,2,424.4,411.4,0.0,33.4,7350.3,58201.6,0.0,447.52,0.75,1453.76,456.11,13.59,0.3,67.11,38.37
1788429738.934,1356.34,static_acquire_gee,2,424.4,411.4,0.0,32.8,7379.6,58172.3,0.0,447.52,0.75,1453.76,456.11,13.59,0.3,67.11,38.37
1788429739.436,1356.85,static_acquire_gee,2,424.4,411.4,0.0,29.5,7439.4,58112.5,0.0,447.52,0.75,1454.65,456.11,13.6,0.3,67.11,38.37
1788429739.937,1357.35,static_acquire_gee,2,424.4,411.4,2.0,30.9,7374.5,58177.4,0.0,447.52,0.75,1454.65,456.11,13.6,0.3,67.11,38.37
1788429740.438,1357.85,static_acquire_gee,2,424.4,411.4,0.0,31.4,7290.8,58261.0,0.0,447.52,0.75,1454.75,456.11,13.6,0.3,67.11,38.37
1788429740.94,1358.35,static_acquire_gee,2,424.4,411.4,0.0,29.3,7374.0,58177.8,0.0,447.52,0.75,1454.92,456.11,13.6,0.3,67.11,38.37
1788429741.441,1358.85,static_acquire_gee,2,424.4,411.4,0.0,30.9,7312.7,58239.2,0.0,447.52,0.75,1455.06,456.11,13.6,0.3,67.11,38.37
1788429741.942,1359.35,static_acquire_gee,2,424.4,411.4,0.0,28.0,7249.8,58302.1,0.0,447.52,0.75,1455.06,456.11,13.6,0.3,67.11,38.37
1788429742.444,1359.85,static_acquire_gee,2,424.4,411.4,0.0,31.5,7296.3,58255.6,0.0,447.52,0.75,1455.19,456.11,13.6,0.3,67.11,38.37
1788429742.945,1360.35,static_acquire_gee,2,424.4,411.4,2.0,30.1,7231.5,58320.4,0.0,447.52,0.75,1455.19,456.11,13.6,0.3,67.11,38.37
1788429743.446,1360.86,static_acquire_gee,2,424.4,411.4,0.0,29.6,7207.9,58344.0,0.0,447.52,0.75,1455.19,456.11,13.6,0.3,67.11,38.37
1788429743.947,1361.36,static_acquire_gee,2,424.4,411.4,0.0,29.1,7260.1,58291.7,0.0,447.52,0.75,1455.2,456.11,13.6,0.3,67.11,38.37
1788429744.449,1361.86,static_acquire_gee,2,424.4,411.4,0.0,29.7,7279.9,58272.0,0.0,447.52,0.75,1455.2,456.11,13.6,0.3,67.11,38.37
1788429744.95,1362.36,static_acquire_gee,2,424.4,411.4,0.0,27.7,7007.0,58544.9,0.0,447.52,0.75,1455.2,456.11,13.6,0.3,67.11,38.37
1788429745.451,1362.86,static_acquire_gee,2,424.4,411.4,0.0,30.4,7157.5,58394.4,0.0,447.52,0.75,1455.76,456.11,13.6,0.3,67.11,38.37
1788429745.953,1363.36,static_acquire_gee,2,424.4,411.4,0.0,30.1,7178.9,58373.0,0.0,447.53,0.75,1456.17,456.11,13.6,0.3,67.11,38.37
1788429746.454,1363.86,static_acquire_gee,2,424.4,411.4,0.0,27.1,7054.0,58497.9,0.0,447.53,0.75,1456.4,456.12,13.61,0.3,67.11,38.37
1788429746.956,1364.37,static_acquire_gee,2,424.4,411.4,0.0,28.3,7170.8,58381.0,0.0,447.53,0.75,1456.4,456.12,13.61,0.3,67.11,38.37
1788429747.457,1364.87,static_acquire_gee,2,424.4,411.4,2.0,20.0,7230.5,58321.4,0.0,447.53,0.75,1456.59,456.12,13.61,0.3,67.11,38.37
1788429747.958,1365.37,static_acquire_gee,2,424.4,411.4,0.0,30.4,7308.4,58243.5,0.0,447.53,0.75,1456.8,456.12,13.61,0.3,67.11,38.37
1788429748.459,1365.87,static_acquire_gee,2,424.4,411.4,0.0,28.6,7419.7,58132.2,0.0,447.53,0.75,1457.17,456.12,13.61,0.3,67.11,38.37
1788429748.961,1366.37,static_acquire_gee,2,424.4,411.4,0.0,28.5,7282.3,58269.6,0.0,447.53,0.75,1457.18,456.12,13.61,0.3,67.11,38.37
1788429749.462,1366.87,static_acquire_gee,2,424.4,411.4,0.0,29.6,7287.3,58264.6,0.0,447.53,0.75,1457.23,456.12,13.61,0.3,67.11,38.37
1788429749.963,1367.37,static_acquire_gee,2,424.4,411.4,0.0,33.5,7312.2,58239.7,0.0,447.53,0.75,1457.23,456.12,13.61,0.3,67.11,38.37
1788429750.465,1367.87,static_acquire_gee,2,424.4,411.4,0.0,28.4,7133.5,58418.4,0.0,447.53,0.75,1457.31,456.12,13.61,0.3,67.11,38.37
1788429750.966,1368.38,static_acquire_gee,2,424.4,411.4,0.0,31.9,7081.1,58470.7,0.0,447.53,0.75,1459.2,456.12,13.61,0.3,67.11,38.37
1788429751.467,1368.88,static_acquire_gee,2,424.4,411.4,2.0,31.8,7096.7,58455.2,0.0,447.53,0.75,1459.42,456.12,13.61,0.3,67.11,38.37
1788429751.968,1369.38,static_acquire_gee,2,424.4,411.4,0.0,32.5,7038.4,58513.5,0.0,447.53,0.75,1459.42,456.12,13.61,0.3,67.11,38.37
1788429752.47,1369.88,static_acquire_gee,2,424.4,411.4,0.0,34.5,7047.3,58504.5,0.0,447.53,0.75,1459.42,456.12,13.61,0.3,67.11,38.37
1788429752.972,1370.38,static_acquire_gee,2,424.4,411.4,0.0,28.4,7108.7,58443.2,0.0,447.53,0.75,1459.43,456.12,13.61,0.3,67.11,38.37
1788429753.473,1370.88,static_acquire_gee,2,424.4,411.4,0.0,32.7,7237.0,58314.9,0.0,447.53,0.75,1459.52,456.12,13.62,0.3,67.11,38.37
1788429753.974,1371.38,static_acquire_gee,2,424.4,411.4,0.0,33.0,7351.0,58200.9,0.0,447.53,0.75,1459.53,456.12,13.62,0.3,67.11,38.37
1788429754.476,1371.89,static_acquire_gee,2,424.4,411.4,0.0,28.5,7173.2,58378.7,0.0,447.53,0.75,1459.75,456.12,13.62,0.3,67.11,38.37
1788429754.977,1372.39,static_acquire_gee,2,424.4,411.4,2.0,30.6,7284.7,58267.2,0.0,447.54,0.75,1459.76,456.12,13.62,0.3,67.11,38.37
1788429755.479,1372.89,static_acquire_gee,2,424.4,411.4,0.0,30.4,7287.9,58263.7,0.0,447.54,0.75,1459.82,456.13,13.62,0.3,67.11,38.37
1788429755.98,1373.39,static_acquire_gee,2,424.4,411.4,0.0,30.7,7249.7,58302.2,0.0,447.54,0.75,1459.97,456.13,13.62,0.3,67.11,38.37
1788429756.481,1373.89,static_acquire_gee,2,424.4,411.4,0.0,31.1,7280.5,58271.4,0.0,447.54,0.75,1460.08,456.13,13.62,0.3,67.11,38.37
1788429756.982,1374.39,static_acquire_gee,2,424.4,411.4,0.0,29.9,7317.2,58234.7,0.0,447.54,0.75,1460.21,456.13,13.62,0.3,67.11,38.37
1788429757.484,1374.89,static_acquire_gee,2,424.4,411.4,0.0,33.4,7417.1,58134.8,0.0,447.54,0.75,1460.75,456.13,13.62,0.3,67.11,38.37
1788429757.985,1375.39,static_acquire_gee,2,424.4,411.4,2.0,30.5,7330.0,58221.9,0.0,447.54,0.75,1461.14,456.13,13.62,0.3,67.11,38.37
1788429758.487,1375.9,static_acquire_gee,2,424.4,411.4,0.0,33.3,7414.4,58137.5,0.0,447.54,0.75,1461.2,456.13,13.62,0.3,67.11,38.37
1788429758.988,1376.4,static_acquire_gee,2,424.4,411.4,0.0,28.2,7478.5,58073.4,0.0,447.54,0.75,1461.33,456.13,13.62,0.3,67.11,38.37
1788429759.489,1376.9,static_acquire_gee,2,424.4,411.4,0.0,31.6,7634.0,57917.9,0.0,447.54,0.75,1461.34,456.13,13.62,0.3,67.11,38.37
1788429759.991,1377.4,static_acquire_gee,2,424.4,411.4,0.0,33.0,7708.5,57843.4,0.0,447.54,0.75,1461.4,456.13,13.62,0.3,67.11,38.37
1788429760.492,1377.9,static_acquire_gee,2,424.4,411.4,0.0,28.0,7542.6,58009.3,0.0,447.54,0.75,1461.4,456.13,13.62,0.3,67.11,38.37
1788429760.993,1378.4,static_acquire_gee,2,424.4,411.4,0.0,32.3,7608.7,57943.2,0.0,447.55,0.75,1461.46,456.13,13.62,0.3,67.11,38.37
1788429761.495,1378.9,static_acquire_gee,2,424.4,411.4,0.0,17.7,7375.9,58176.0,0.0,447.55,0.75,1462.62,456.13,13.63,0.3,67.11,38.37
1788429761.996,1379.41,static_acquire_gee,2,424.4,411.4,0.0,17.7,7392.0,58159.9,0.0,447.55,0.75,1462.76,456.13,13.63,0.3,67.11,38.37
1788429762.498,1379.91,static_acquire_gee,2,424.4,411.4,2.0,28.9,7336.5,58215.4,0.0,447.55,0.77,1462.85,456.13,13.63,0.3,67.11,38.37
1788429762.999,1380.41,static_acquire_gee,2,424.4,411.4,0.0,30.1,7392.7,58159.2,0.0,447.55,0.77,1463.0,456.13,13.63,0.3,67.11,38.37
1788429763.5,1380.91,static_acquire_gee,2,424.4,411.4,0.0,26.7,7172.7,58379.1,0.0,447.55,0.77,1463.03,456.13,13.63,0.3,67.11,38.37
1788429764.001,1381.41,static_acquire_gee,2,424.4,411.4,0.0,30.1,7237.6,58314.2,0.0,447.55,0.77,1463.26,456.13,13.63,0.3,67.11,38.37
1788429764.503,1381.91,static_acquire_gee,2,424.4,411.4,0.0,25.9,7088.8,58463.1,0.0,447.55,0.77,1463.26,456.13,13.63,0.3,67.11,38.37
1788429765.004,1382.41,static_acquire_gee,2,424.4,411.4,0.0,33.9,7230.5,58321.4,0.0,447.55,0.77,1463.4,456.14,13.63,0.3,67.11,38.37
1788429765.505,1382.92,static_acquire_gee,2,424.4,411.4,0.0,26.1,7283.9,58268.0,0.0,447.55,0.77,1463.41,456.14,13.63,0.3,67.11,38.37
1788429766.007,1383.42,static_acquire_gee,2,424.4,411.4,0.0,31.9,7406.3,58145.6,0.0,447.55,0.77,1463.48,456.14,13.63,0.3,67.11,38.37
1788429766.508,1383.92,static_acquire_gee,2,424.4,411.4,2.0,29.4,7357.7,58194.2,0.0,447.55,0.77,1464.1,456.14,13.63,0.3,67.11,38.37
1788429767.009,1384.42,static_acquire_gee,2,424.4,411.4,0.0,32.0,7323.0,58228.8,0.0,447.55,0.77,1464.1,456.14,13.63,0.3,67.11,38.37
1788429767.511,1384.92,static_acquire_gee,2,424.4,411.4,0.0,32.2,7343.2,58208.7,0.0,447.55,0.77,1464.88,456.14,13.63,0.3,67.11,38.37
1788429768.012,1385.42,static_acquire_gee,2,424.4,411.4,0.0,30.9,7273.3,58278.5,0.0,447.55,0.77,1464.91,456.14,13.63,0.3,67.11,38.37
1788429768.514,1385.92,static_acquire_gee,2,424.4,411.4,0.0,30.4,7160.4,58391.5,0.0,447.55,0.77,1464.91,456.14,13.64,0.3,67.11,38.37
1788429769.015,1386.42,static_acquire_gee,2,424.4,411.4,0.0,31.6,7253.0,58298.9,0.0,447.55,0.77,1465.25,456.14,13.64,0.3,67.11,38.37
1788429769.516,1386.93,static_acquire_gee,2,424.4,411.4,0.0,29.9,7209.3,58342.6,0.0,447.55,0.77,1465.25,456.14,13.64,0.3,67.11,38.37
1788429770.018,1387.43,static_acquire_gee,2,424.4,411.4,0.0,27.9,7302.5,58249.4,0.0,447.55,0.77,1465.38,456.14,13.64,0.3,67.11,38.37
1788429770.519,1387.93,static_acquire_gee,2,424.4,411.4,2.0,33.8,7379.4,58172.5,0.0,447.55,0.77,1465.5,456.14,13.64,0.3,67.11,38.37
1788429771.02,1388.43,static_acquire_gee,2,424.4,411.4,0.0,26.0,7391.3,58160.6,0.0,447.55,0.77,1465.59,456.14,13.64,0.3,67.11,38.37
1788429771.522,1388.93,static_acquire_gee,2,424.4,411.4,0.0,30.0,7343.7,58208.2,0.0,447.55,0.77,1465.64,456.14,13.64,0.3,67.11,38.37
1788429772.023,1389.43,static_acquire_gee,2,424.4,411.4,0.0,30.8,7425.8,58126.1,0.0,447.55,0.77,1465.88,456.14,13.64,0.3,67.11,38.37
1788429772.525,1389.93,static_acquire_gee,2,424.4,411.4,2.0,31.8,7247.1,58304.8,0.0,447.55,0.77,1466.39,456.14,13.64,0.3,67.11,38.37
1788429773.026,1390.44,static_acquire_gee,2,424.4,411.4,0.0,29.5,7189.8,58362.1,0.0,447.55,0.77,1466.79,456.14,13.64,0.3,67.11,38.37
1788429773.527,1390.94,static_acquire_gee,2,424.4,411.4,0.0,27.9,7292.1,58259.8,0.0,447.55,0.77,1466.8,456.14,13.64,0.3,67.11,38.37
1788429774.029,1391.44,static_acquire_gee,2,424.4,411.4,0.0,32.9,7340.3,58211.6,0.0,447.55,0.77,1466.86,456.15,13.64,0.3,67.11,38.37
1788429774.53,1391.94,static_acquire_gee,2,424.4,411.4,0.0,29.2,7359.2,58192.7,0.0,447.55,0.77,1466.86,456.15,13.64,0.3,67.11,38.37
1788429775.032,1392.44,static_acquire_gee,2,424.4,411.4,0.0,30.6,7333.0,58218.9,0.0,447.55,0.77,1466.9,456.15,13.65,0.3,67.11,38.37
1788429775.533,1392.94,static_acquire_gee,2,424.4,411.4,0.0,33.9,7315.2,58236.7,0.0,447.55,0.77,1466.9,456.15,13.65,0.3,67.11,38.37
1788429776.035,1393.44,static_acquire_gee,2,424.4,411.4,0.0,33.5,7315.1,58236.7,0.0,447.55,0.77,1467.08,456.15,13.65,0.3,67.11,38.37
1788429776.537,1393.95,static_acquire_gee,2,424.4,411.4,0.0,35.2,7302.9,58248.9,0.0,447.56,0.77,1467.09,456.15,13.65,0.3,67.11,38.37
1788429777.038,1394.45,static_acquire_gee,2,424.4,411.4,2.0,33.8,7289.4,58262.5,0.0,447.56,0.77,1467.45,456.15,13.65,0.3,67.11,38.37
1788429777.539,1394.95,static_acquire_gee,2,424.4,411.4,0.0,33.5,7270.2,58281.7,0.0,447.56,0.77,1467.45,456.15,13.65,0.3,67.11,38.37
1788429778.04,1395.45,static_acquire_gee,2,424.4,411.4,0.0,34.8,7270.1,58281.8,0.0,447.56,0.77,1467.94,456.15,13.65,0.3,67.11,38.37
1788429778.542,1395.95,static_acquire_gee,2,424.4,411.4,0.0,31.4,7251.6,58300.3,0.0,447.56,0.77,1468.2,456.15,13.65,0.3,67.11,38.37
1788429779.043,1396.45,static_acquire_gee,2,424.4,411.4,0.0,28.8,7125.2,58426.7,0.0,447.56,0.77,1468.28,456.15,13.65,0.3,67.11,38.37
1788429779.544,1396.95,static_acquire_gee,2,424.4,411.4,2.0,24.8,7090.3,58461.6,0.0,447.56,0.77,1468.28,456.15,13.65,0.3,67.11,38.37
1788429780.046,1397.46,static_acquire_gee,2,424.4,411.4,0.0,32.4,7174.1,58377.8,0.0,447.56,0.77,1468.4,456.15,13.65,0.3,67.11,38.37
1788429780.547,1397.96,static_acquire_gee,2,424.4,411.4,0.0,27.2,6916.2,58635.7,0.0,447.56,0.77,1468.4,456.15,13.65,0.3,67.11,38.37
1788429781.049,1398.46,static_acquire_gee,2,424.4,411.4,0.0,30.8,7026.4,58525.5,0.0,447.56,0.77,1468.47,456.15,13.65,0.3,67.11,38.37
1788429781.55,1398.96,static_acquire_gee,2,424.4,411.4,0.0,29.6,7036.1,58515.7,0.0,447.56,0.77,1468.56,456.15,13.66,0.3,67.11,38.37
1788429782.051,1399.46,static_acquire_gee,2,424.4,411.4,0.0,33.9,7110.9,58440.9,0.0,447.56,0.77,1468.81,456.16,13.66,0.3,67.11,38.37
1788429782.553,1399.96,static_acquire_gee,2,424.4,411.4,0.0,38.7,7012.8,58539.1,0.0,447.57,0.77,1468.94,456.16,13.66,0.3,67.11,38.37
1788429783.055,1400.46,static_acquire_gee,2,424.4,411.4,0.0,35.4,7075.2,58476.7,0.0,447.57,0.77,1469.72,456.16,13.66,0.3,67.11,38.37
1788429783.556,1400.97,static_acquire_gee,2,424.4,411.4,2.0,29.5,7174.8,58377.1,0.0,447.57,0.77,1469.8,456.16,13.66,0.3,67.11,38.37
1788429784.057,1401.47,static_acquire_gee,2,424.4,411.4,0.0,32.2,7104.5,58447.4,0.0,447.57,0.77,1469.95,456.16,13.66,0.3,67.11,38.37
1788429784.558,1401.97,static_acquire_gee,2,424.4,411.4,0.0,29.1,7061.1,58490.8,0.0,447.57,0.77,1470.96,456.16,13.66,0.3,67.11,38.37
1788429785.06,1402.47,static_acquire_gee,2,424.4,411.4,0.0,27.1,6990.0,58561.9,0.0,447.57,0.77,1471.04,456.16,13.66,0.3,67.11,38.37
1788429785.561,1402.97,static_acquire_gee,2,424.4,411.4,0.0,27.5,7019.3,58532.6,0.0,447.57,0.77,1471.21,456.16,13.66,0.3,67.11,38.37
1788429786.062,1403.47,static_acquire_gee,2,424.4,411.4,0.0,33.3,7184.2,58367.7,0.0,447.57,0.77,1471.26,456.16,13.66,0.3,67.11,38.37
1788429786.564,1403.97,static_acquire_gee,2,424.4,411.4,0.0,31.1,7085.7,58466.2,0.0,447.57,0.77,1471.26,456.16,13.66,0.3,67.11,38.37
1788429787.065,1404.47,static_acquire_gee,2,424.4,411.4,0.0,32.2,7292.7,58259.2,0.0,447.57,0.77,1471.4,456.16,13.66,0.3,67.11,38.37
1788429787.566,1404.98,static_acquire_gee,2,424.4,411.4,2.0,27.8,7184.0,58367.8,0.0,447.57,0.77,1471.4,456.16,13.66,0.3,67.11,38.37
1788429788.068,1405.48,static_acquire_gee,2,424.4,411.4,0.0,32.7,7280.5,58271.4,0.0,447.57,0.77,1471.81,456.16,13.66,0.3,67.11,38.37
1788429788.569,1405.98,static_acquire_gee,2,424.4,411.4,0.0,28.3,7058.9,58493.0,0.0,447.57,0.77,1471.9,456.16,13.66,0.3,67.11,38.37
1788429789.07,1406.48,static_acquire_gee,2,424.4,411.4,0.0,28.8,6961.3,58590.6,0.0,447.57,0.77,1472.48,456.16,13.66,0.3,67.11,38.37
1788429789.572,1406.98,static_acquire_gee,2,424.4,411.4,0.0,31.8,7073.2,58478.7,0.0,447.57,0.77,1472.67,456.16,13.67,0.3,67.11,38.37
1788429790.073,1407.48,static_acquire_gee,2,424.4,411.4,0.0,25.8,7029.9,58522.0,0.0,447.57,0.77,1472.77,456.16,13.67,0.3,67.11,38.37
1788429790.574,1407.98,static_acquire_gee,2,424.4,411.4,0.0,33.3,7233.1,58318.8,0.0,447.57,0.77,1472.77,456.16,13.67,0.3,67.11,38.37
1788429791.076,1408.49,static_acquire_gee,2,424.4,411.4,0.0,30.3,7025.1,58526.8,0.0,447.57,0.77,1472.81,456.16,13.67,0.3,67.11,38.37
1788429791.577,1408.99,static_acquire_gee,2,424.4,411.4,2.0,30.6,7252.0,58299.9,0.0,447.57,0.77,1472.81,456.16,13.67,0.3,67.11,38.37
1788429792.078,1409.49,static_acquire_gee,2,424.4,411.4,0.0,29.1,7346.3,58205.6,0.0,447.57,0.77,1472.86,456.16,13.67,0.3,67.11,38.37
1788429792.579,1409.99,static_acquire_gee,2,424.4,411.4,0.0,32.7,7477.0,58074.9,0.0,447.57,0.77,1473.09,456.17,13.67,0.3,67.11,38.37
1788429793.081,1410.49,static_acquire_gee,2,424.4,411.4,0.0,30.3,7383.5,58168.4,0.0,447.57,0.77,1473.32,456.17,13.67,0.3,67.11,38.37
1788429793.582,1410.99,static_acquire_gee,2,424.7,411.7,2.0,32.1,7417.8,58134.1,0.0,447.58,0.77,1473.49,456.17,13.68,0.3,67.11,38.37
1788429794.084,1411.49,static_acquire_gee,2,425.2,412.1,2.0,29.9,7584.7,57967.2,0.0,447.58,0.77,1473.73,456.43,13.69,0.3,67.11,38.37
1788429794.585,1411.99,static_acquire_gee,2,426.3,413.2,2.0,31.1,7540.7,58011.2,0.0,447.58,0.77,1473.77,457.58,13.7,0.3,67.11,38.37
1788429795.087,1412.5,static_acquire_gee,2,433.6,420.5,14.0,34.1,7596.1,57955.8,0.0,447.58,0.77,1474.55,465.16,13.76,0.3,67.11,38.37
1788429795.588,1413.0,static_acquire_gee,2,461.1,448.1,27.9,36.1,7595.3,57956.6,0.0,477.56,0.77,1474.6,492.98,13.95,0.3,67.14,38.34
1788429796.09,1413.5,static_classify,3,586.2,451.5,193.5,48.6,7495.7,58056.2,0.0,486.01,0.77,1474.74,495.23,13.96,0.3,67.15,38.33
1788429796.591,1414.0,static_classify,3,678.2,451.5,201.4,51.4,7382.5,58169.4,0.0,486.01,0.77,1474.74,495.23,13.96,0.3,67.15,38.33
1788429797.092,1414.5,static_classify,3,958.0,493.4,99.7,41.2,7528.4,58023.4,0.0,486.01,0.77,1474.79,495.23,13.96,38.7,67.15,38.33
1788429797.594,1415.0,static_classify,3,1026.3,561.7,139.6,44.0,7632.9,57919.2,0.0,486.01,0.77,1474.79,495.23,13.96,38.7,67.15,38.33
1788429798.095,1415.51,static_classify,3,1026.3,561.7,99.7,40.9,7829.0,57723.1,0.0,486.01,0.77,1482.89,495.23,13.96,38.7,67.15,38.33
1788429798.597,1416.01,static_classify,3,1026.3,561.7,99.7,43.2,7822.8,57729.3,0.0,486.02,0.77,1483.49,495.23,13.96,38.7,67.15,38.33
1788429799.099,1416.51,static_classify,3,1026.3,561.7,99.7,42.9,7784.3,57767.7,0.0,486.02,0.77,1484.5,495.23,13.96,38.7,67.15,38.33
1788429799.6,1417.01,static_classify,3,1028.0,562.3,99.7,42.4,7700.7,57851.4,0.0,486.02,0.77,1484.5,495.23,13.96,38.7,67.15,38.33
1788429800.137,1417.55,vector_stage,2,475.3,462.2,85.6,41.9,7275.9,58276.2,0.0,486.16,0.77,1484.84,495.24,13.96,38.7,67.11,38.37
